timestamp_utc,event,x,y,active_window_title,explorer_path,uia_control_type,uia_control_name,ocr_text,label,phishing_score
2025-10-29T04:55:28.246496,snapshot,0,0,C:\Windows\System32\cmd.exe - python  screen_monitor.py,,,,,0,0.0
2025-10-29T04:55:28.964145,snapshot,0,0,tk,,,,,0,0.0
2025-10-29T04:55:29.661048,snapshot,1513,320,tk,,,,,0,0.0
2025-10-29T04:55:30.348152,snapshot,466,116,tk,,,,,0,0.0
2025-10-29T04:55:31.028114,snapshot,463,66,tk,,,,,0,0.0
2025-10-29T04:55:31.727833,snapshot,1418,-19,tk,,,,,0,0.0
2025-10-29T04:55:32.379607,click,1762,0,tk,,,,,0,0.0
2025-10-29T04:55:32.415698,snapshot,1762,0,tk,,,,,0,0.0
2025-10-29T04:55:33.132896,snapshot,1762,0,C:\Windows\System32\cmd.exe - python  screen_monitor.py,,,,,0,0.0
2025-10-29T04:55:33.857419,snapshot,1737,44,C:\Windows\System32\cmd.exe - python  screen_monitor.py,,,,,0,0.0
2025-10-29T04:55:34.542193,snapshot,1754,29,C:\Windows\System32\cmd.exe - python  screen_monitor.py,,,,,0,0.0
2025-10-29T04:55:35.109801,click,1756,29,C:\Windows\System32\cmd.exe - python  screen_monitor.py,,,,,0,0.0
2025-10-29T04:55:35.256718,snapshot,1756,29,AI screen monitoring program - Google Chrome,,,,,0,0.0
2025-10-29T04:55:35.965006,snapshot,1756,29,C:\Windows\System32\cmd.exe - python  screen_monitor.py,,,,,0,0.0
2025-10-29T04:55:36.669382,snapshot,1149,308,C:\Windows\System32\cmd.exe - python  screen_monitor.py,,,,,0,0.0
2025-10-29T04:55:37.369930,snapshot,1148,255,C:\Windows\System32\cmd.exe - python  screen_monitor.py,,,,,0,0.0
2025-10-29T04:55:38.072659,snapshot,1138,259,C:\Windows\System32\cmd.exe - python  screen_monitor.py,,,,,0,0.0
2025-10-29T04:55:39.494714,snapshot,767,171,C:\Windows\System32\cmd.exe - python  screen_monitor.py,,,,,0,0.0
2025-10-29T04:55:40.215373,snapshot,29,115,C:\Windows\System32\cmd.exe - python  screen_monitor.py,,,,,0,0.0
2025-10-29T04:55:40.948713,snapshot,21,172,C:\Windows\System32\cmd.exe - python  screen_monitor.py,,,,,0,0.0
2025-10-29T04:55:41.666970,snapshot,26,196,C:\Windows\System32\cmd.exe - python  screen_monitor.py,,,,,0,0.0
2025-10-29T04:55:42.373300,snapshot,26,196,C:\Windows\System32\cmd.exe - python  screen_monitor.py,,,,,0,0.0
2025-10-29T04:55:43.138634,snapshot,26,196,C:\Windows\System32\cmd.exe - python  screen_monitor.py,,,,,0,0.0
2025-10-29T04:55:43.607192,click,26,196,C:\Windows\System32\cmd.exe - python  screen_monitor.py,,,,,0,0.0
2025-10-29T04:55:43.957040,snapshot,26,196,Program Files (x86),C:\Program Files (x86),,,,0,0.0
2025-10-29T04:55:45.066130,snapshot,26,196,Local Disk (C:),C:\,,,,0,0.0
2025-10-29T04:55:45.841367,snapshot,26,196,Local Disk (C:),C:\,,,,0,0.0
2025-10-29T04:55:46.608823,snapshot,26,196,Local Disk (C:),C:\,,,,0,0.0
2025-10-29T04:55:47.429073,snapshot,444,270,Local Disk (C:),C:\,,,,0,0.0
2025-10-29T04:55:48.171739,snapshot,426,479,Local Disk (C:),C:\,,,,0,0.0
2025-10-29T04:55:48.904262,snapshot,429,652,Local Disk (C:),C:\,,,,0,0.0
2025-10-29T04:55:49.651664,snapshot,1480,952,Local Disk (C:),C:\,,,,0,0.0
2025-10-29T04:55:50.419668,snapshot,1665,1045,Local Disk (C:),C:\,,,,0,0.0
2025-10-29T04:55:51.138917,snapshot,1696,1056,Local Disk (C:),C:\,,,,0,0.0
2025-10-29T04:55:51.871928,snapshot,1696,1056,Local Disk (C:),C:\,,,,0,0.0
2025-10-29T04:55:52.653693,snapshot,1844,-1,Local Disk (C:),C:\,,,,0,0.0
2025-10-29T04:55:53.421401,snapshot,1778,2,Local Disk (C:),C:\,,,,0,0.0
2025-10-29T04:55:54.406243,snapshot,681,255,Local Disk (C:),C:\,,,,0,0.0
2025-10-29T04:55:55.259847,snapshot,63,780,Local Disk (C:),C:\,,,,0,0.0
2025-10-29T04:55:55.344117,click,63,781,Local Disk (C:),C:\,,,,0,0.0
2025-10-29T04:55:55.988954,snapshot,63,781,Pictures,C:\Users\Malaika\OneDrive\Pictures,,,,0,0.0
2025-10-29T04:55:56.736635,snapshot,63,781,Pictures,C:\Users\Malaika\OneDrive\Pictures,,,,0,0.0
2025-10-29T04:55:57.504340,snapshot,63,781,Pictures,C:\Users\Malaika\OneDrive\Pictures,,,,0,0.0
2025-10-29T04:55:58.251806,snapshot,748,596,Pictures,C:\Users\Malaika\OneDrive\Pictures,,,,0,0.0
2025-10-29T04:55:58.967625,snapshot,856,904,Pictures,C:\Users\Malaika\OneDrive\Pictures,,,,0,0.0
2025-10-29T04:55:59.701010,snapshot,823,1055,Pictures,C:\Users\Malaika\OneDrive\Pictures,,,,0,0.0
2025-10-29T04:56:00.430077,snapshot,823,1055,Pictures,C:\Users\Malaika\OneDrive\Pictures,,,,0,0.0
2025-10-29T04:56:01.163884,snapshot,823,1055,Pictures,C:\Users\Malaika\OneDrive\Pictures,,,,0,0.0
2025-10-29T04:56:01.816528,click,822,1055,Pictures,C:\Users\Malaika\OneDrive\Pictures,,,,0,0.0
2025-10-29T04:56:02.258664,snapshot,822,1055,Pictures,C:\Users\Malaika\OneDrive\Pictures,,,,0,0.0
2025-10-29T04:56:03.000494,snapshot,356,16,AI screen monitoring program - Google Chrome,,,,,0,0.0
2025-10-29T04:56:03.712987,snapshot,356,16,AI screen monitoring program - Google Chrome,,,,,0,0.0
2025-10-29T04:56:04.137136,click,356,16,AI screen monitoring program - Google Chrome,,,,,0,0.0
2025-10-29T04:56:04.662637,snapshot,356,16,New Tab - Google Chrome,,,,,0,0.0
2025-10-29T04:56:05.438803,snapshot,356,16,New Tab - Google Chrome,,,,,0,0.0
2025-10-29T04:56:06.155595,snapshot,364,88,New Tab - Google Chrome,,,,,0,0.0
2025-10-29T04:56:06.855152,snapshot,364,88,New Tab - Google Chrome,,,,,0,0.0
2025-10-29T04:56:07.578230,snapshot,364,88,New Tab - Google Chrome,,,,,0,0.0
2025-10-29T04:56:08.294154,snapshot,364,88,New Tab - Google Chrome,,,,,0,0.0
2025-10-29T04:56:09.026128,snapshot,364,88,New Tab - Google Chrome,,,,,0,0.0
2025-10-29T04:56:09.729962,snapshot,364,88,New Tab - Google Chrome,,,,,0,0.0
2025-10-29T04:56:10.496639,snapshot,364,88,New Tab - Google Chrome,,,,,0,0.0
2025-10-29T04:56:11.249061,snapshot,364,88,New Tab - Google Chrome,,,,,0,0.0
2025-10-29T04:56:12.007154,snapshot,364,88,New Tab - Google Chrome,,,,,0,0.0
2025-10-29T04:56:12.725484,snapshot,355,67,Google - Google Chrome,,,,,0,0.0
2025-10-29T04:56:13.420681,snapshot,327,139,Google - Google Chrome,,,,,0,0.0
2025-10-29T04:56:14.123729,snapshot,557,244,Google - Google Chrome,,,,,0,0.0
2025-10-29T04:56:14.865104,snapshot,647,356,Google - Google Chrome,,,,,0,0.0
2025-10-29T04:56:15.562329,snapshot,735,411,Google - Google Chrome,,,,,0,0.0
2025-10-29T04:56:16.294247,snapshot,735,411,Google - Google Chrome,,,,,0,0.0
2025-10-29T04:56:17.075192,snapshot,685,404,Google - Google Chrome,,,,,0,0.0
2025-10-29T04:56:17.810728,snapshot,662,456,Google - Google Chrome,,,,,0,0.0
2025-10-29T04:56:18.542191,snapshot,657,421,Google - Google Chrome,,,,,0,0.0
2025-10-29T04:56:18.875114,click,657,413,Google - Google Chrome,,,,,0,0.0
2025-10-29T04:56:19.266288,snapshot,657,413,Google - Google Chrome,,,,,0,0.0
2025-10-29T04:56:20.037331,snapshot,657,413,Google - Google Chrome,,,,,0,0.0
2025-10-29T04:56:20.732254,snapshot,632,495,Google - Google Chrome,,,,,0,0.0
2025-10-29T04:56:20.779992,click,632,495,Google - Google Chrome,,,,,0,0.0
2025-10-29T04:56:21.431908,snapshot,632,495,Google - Google Chrome,,,,,0,0.0
2025-10-29T04:56:22.107813,snapshot,632,495,gemini ai - Google Search - Google Chrome,,,,,0,0.0
2025-10-29T04:56:22.801958,snapshot,632,495,gemini ai - Google Search - Google Chrome,,,,,0,0.0
2025-10-29T04:56:23.539387,snapshot,376,478,gemini ai - Google Search - Google Chrome,,,,,0,0.0
2025-10-29T04:56:24.253155,snapshot,346,477,gemini ai - Google Search - Google Chrome,,,,,0,0.0
2025-10-29T04:56:24.965374,snapshot,841,927,gemini ai - Google Search - Google Chrome,,,,,0,0.0
2025-10-29T04:56:25.636067,snapshot,849,953,gemini ai - Google Search - Google Chrome,,,,,0,0.0
2025-10-29T04:56:26.349775,snapshot,935,1052,gemini ai - Google Search - Google Chrome,,,,,0,0.0
2025-10-29T04:56:26.493549,click,898,1057,gemini ai - Google Search - Google Chrome,,,,,0,0.0
2025-10-29T04:56:27.056456,snapshot,881,856,C:\Windows\System32\cmd.exe - python  screen_monitor.py,,,,,0,0.0
2025-10-29T04:56:27.776471,snapshot,881,855,C:\Windows\System32\cmd.exe - python  screen_monitor.py,,,,,0,0.0
2025-10-29T04:56:28.486446,snapshot,791,954,C:\Windows\System32\cmd.exe - python  screen_monitor.py,,,,,0,0.0
2025-10-29T04:56:29.176451,snapshot,794,923,C:\Windows\System32\cmd.exe - python  screen_monitor.py,,,,,0,0.0
2025-10-29T04:56:29.923519,snapshot,794,922,C:\Windows\System32\cmd.exe - python  screen_monitor.py,,,,,0,0.0
2025-10-29T05:10:32.353457,snapshot,753,1071,screen_monitor_uia_log.csv - WPS Office,,,,,0,0.0
2025-10-29T05:10:33.096509,snapshot,753,1071,C:\Windows\System32\cmd.exe - python  screen_monitor.py,,,,,0,0.0
2025-10-29T05:10:33.830308,snapshot,753,1071,C:\Windows\System32\cmd.exe - python  screen_monitor.py,,,,,0,0.0
2025-10-29T05:10:34.538800,snapshot,753,1071,C:\Windows\System32\cmd.exe - python  screen_monitor.py,,,,,0,0.0
2025-10-29T05:10:35.249285,snapshot,753,1071,C:\Windows\System32\cmd.exe - python  screen_monitor.py,,,,,0,0.0
2025-10-29T05:10:35.949452,snapshot,753,1071,C:\Windows\System32\cmd.exe - python  screen_monitor.py,,,,,0,0.0
2025-10-29T05:10:36.675585,snapshot,753,1071,C:\Windows\System32\cmd.exe - python  screen_monitor.py,,,,,0,0.0
2025-10-29T05:10:37.396922,snapshot,753,1071,Program Manager,,,,,0,0.0
2025-10-29T05:10:38.110150,snapshot,753,1071,Program Manager,,,,,0,0.0
2025-10-29T05:10:38.840731,snapshot,753,1071,Program Manager,,,,,0,0.0
2025-10-29T05:10:39.575041,snapshot,753,1071,Program Manager,,,,,0,0.0
2025-10-29T05:10:40.300709,snapshot,753,1071,C:\Windows\System32\cmd.exe - python  screen_monitor.py,,,,,0,0.0
2025-10-29T05:10:41.028874,snapshot,753,1071,C:\Windows\System32\cmd.exe - python  screen_monitor.py,,,,,0,0.0
2025-10-29T05:10:47.447213,snapshot,0,0,C:\Windows\System32\cmd.exe - python  screen_monitor.py,,,,,0,0.0
2025-10-29T05:10:48.197427,snapshot,0,0,tk,,,,,0,0.0
2025-10-29T05:10:48.933453,snapshot,1132,903,tk,,,,,0,0.0
2025-10-29T05:10:49.651031,snapshot,901,953,tk,,,,,0,0.0
2025-10-29T05:10:50.363765,snapshot,877,1000,tk,,,,,0,0.0
2025-10-29T05:10:51.057919,snapshot,842,1043,tk,,,,,0,0.0
2025-10-29T05:10:51.770795,snapshot,841,1044,tk,,,,,0,0.0
2025-10-29T05:10:52.487759,snapshot,840,1044,tk,,,,,0,0.0
2025-10-29T05:10:53.188473,snapshot,840,1044,tk,,,,,0,0.0
2025-10-29T05:10:53.358244,click,840,1044,tk,,,,,0,0.0
2025-10-29T05:10:53.913194,snapshot,840,1044,Scam and phishing examples - Google Chrome,,,,,0,0.0
2025-10-29T05:10:54.708888,snapshot,862,366,Scam and phishing examples - Google Chrome,,,,,0,0.0
2025-10-29T05:10:55.488486,snapshot,1217,13,Scam and phishing examples - Google Chrome,,,,,0,0.0
2025-10-29T05:10:56.212301,snapshot,1273,15,Scam and phishing examples - Google Chrome,,,,,0,0.0
2025-10-29T05:10:56.585082,click,1273,15,Scam and phishing examples - Google Chrome,,,,,0,0.0
2025-10-29T05:10:56.946206,snapshot,1273,15,Scam and phishing examples - Google Chrome,,,,,0,0.0
2025-10-29T05:10:57.672803,snapshot,1273,15,Scam and phishing examples - Google Chrome,,,,,0,0.0
2025-10-29T05:10:58.483255,snapshot,1273,15,New Tab - Google Chrome,,,,,0,0.0
2025-10-29T05:10:59.290195,snapshot,1274,15,New Tab - Google Chrome,,,,,0,0.0
2025-10-29T05:11:00.036785,snapshot,1125,164,New Tab - Google Chrome,,,,,0,0.0
2025-10-29T05:11:00.749383,snapshot,1125,164,New Tab - Google Chrome,,,,,0,0.0
2025-10-29T05:11:01.457867,snapshot,1125,164,New Tab - Google Chrome,,,,,0,0.0
2025-10-29T05:11:02.161002,snapshot,1125,164,New Tab - Google Chrome,,,,,0,0.0
2025-10-29T05:11:02.850408,snapshot,1125,164,New Tab - Google Chrome,,,,,0,0.0
2025-10-29T05:11:03.567699,snapshot,1125,164,New Tab - Google Chrome,,,,,0,0.0
2025-10-29T05:11:04.282052,snapshot,1125,164,Gmail - Google Chrome,,,,,0,0.0
2025-10-29T05:11:05.025149,snapshot,1125,164,Gmail - Google Chrome,,,,,0,0.0
2025-10-29T05:11:05.738322,snapshot,1125,164,Gmail - Google Chrome,,,,,0,0.0
2025-10-29T05:11:06.500775,snapshot,1125,164,Gmail - Google Chrome,,,,,0,0.0
2025-10-29T05:11:07.236787,snapshot,1004,191,Gmail - Google Chrome,,,,,0,0.0
2025-10-29T05:11:08.007256,snapshot,1060,256,Gmail - Google Chrome,,,,,0,0.0
2025-10-29T05:11:13.636569,snapshot,790,630,???????? ???? ???? ???? ???????? ???????????? for multiple positions - malaikaarif34@gmail.com - Gmail - Google Chrome,,,,,0,0.0
2025-10-29T05:11:14.583694,snapshot,790,630,???????? ???? ???? ???? ???????? ???????????? for multiple positions - malaikaarif34@gmail.com - Gmail - Google Chrome,,,,,0,0.0
2025-10-29T05:11:15.356852,snapshot,1058,619,???????? ???? ???? ???? ???????? ???????????? for multiple positions - malaikaarif34@gmail.com - Gmail - Google Chrome,,,,,0,0.0
2025-10-29T05:11:16.138120,snapshot,1136,648,???????? ???? ???? ???? ???????? ???????????? for multiple positions - malaikaarif34@gmail.com - Gmail - Google Chrome,,,,,0,0.0
2025-10-29T05:11:16.882790,snapshot,1183,691,???????? ???? ???? ???? ???????? ???????????? for multiple positions - malaikaarif34@gmail.com - Gmail - Google Chrome,,,,,0,0.0
2025-10-29T05:11:17.588494,snapshot,1611,622,???????? ???? ???? ???? ???????? ???????????? for multiple positions - malaikaarif34@gmail.com - Gmail - Google Chrome,,,,,0,0.0
2025-10-29T05:11:18.302078,snapshot,1838,659,???????? ???? ???? ???? ???????? ???????????? for multiple positions - malaikaarif34@gmail.com - Gmail - Google Chrome,,,,,0,0.0
2025-10-29T05:11:18.997900,snapshot,1895,700,???????? ???? ???? ???? ???????? ???????????? for multiple positions - malaikaarif34@gmail.com - Gmail - Google Chrome,,,,,0,0.0
2025-10-29T05:11:19.698588,snapshot,1890,701,???????? ???? ???? ???? ???????? ???????????? for multiple positions - malaikaarif34@gmail.com - Gmail - Google Chrome,,,,,0,0.0
2025-10-29T05:11:20.395402,snapshot,1890,701,???????? ???? ???? ???? ???????? ???????????? for multiple positions - malaikaarif34@gmail.com - Gmail - Google Chrome,,,,,0,0.0
2025-10-29T05:11:20.873814,click,1890,709,???????? ???? ???? ???? ???????? ???????????? for multiple positions - malaikaarif34@gmail.com - Gmail - Google Chrome,,,,,0,0.0
2025-10-29T05:11:21.118591,snapshot,1891,731,???????? ???? ???? ???? ???????? ???????????? for multiple positions - malaikaarif34@gmail.com - Gmail - Google Chrome,,,,,0,0.0
2025-10-29T05:11:21.833373,snapshot,1904,828,???????? ???? ???? ???? ???????? ???????????? for multiple positions - malaikaarif34@gmail.com - Gmail - Google Chrome,,,,,0,0.0
2025-10-29T05:11:22.537506,snapshot,1908,893,???????? ???? ???? ???? ???????? ???????????? for multiple positions - malaikaarif34@gmail.com - Gmail - Google Chrome,,,,,0,0.0
2025-10-29T05:11:23.233467,snapshot,1911,930,???????? ???? ???? ???? ???????? ???????????? for multiple positions - malaikaarif34@gmail.com - Gmail - Google Chrome,,,,,0,0.0
2025-10-29T05:11:23.921756,snapshot,1911,940,???????? ???? ???? ???? ???????? ???????????? for multiple positions - malaikaarif34@gmail.com - Gmail - Google Chrome,,,,,0,0.0
2025-10-29T05:11:24.613326,snapshot,1523,804,???????? ???? ???? ???? ???????? ???????????? for multiple positions - malaikaarif34@gmail.com - Gmail - Google Chrome,,,,,0,0.0
2025-10-29T05:11:25.315416,snapshot,952,539,???????? ???? ???? ???? ???????? ???????????? for multiple positions - malaikaarif34@gmail.com - Gmail - Google Chrome,,,,,0,0.0
2025-10-29T05:11:26.013665,snapshot,858,522,???????? ???? ???? ???? ???????? ???????????? for multiple positions - malaikaarif34@gmail.com - Gmail - Google Chrome,,,,,0,0.0
2025-10-29T05:11:26.714900,snapshot,887,518,???????? ???? ???? ???? ???????? ???????????? for multiple positions - malaikaarif34@gmail.com - Gmail - Google Chrome,,,,,0,0.0
2025-10-29T05:11:27.439300,snapshot,1018,517,???????? ???? ???? ???? ???????? ???????????? for multiple positions - malaikaarif34@gmail.com - Gmail - Google Chrome,,,,,0,0.0
2025-10-29T05:11:28.188031,snapshot,1140,509,???????? ???? ???? ???? ???????? ???????????? for multiple positions - malaikaarif34@gmail.com - Gmail - Google Chrome,,,,,0,0.0
2025-10-29T05:11:28.881780,snapshot,1330,502,???????? ???? ???? ???? ???????? ???????????? for multiple positions - malaikaarif34@gmail.com - Gmail - Google Chrome,,,,,0,0.0
2025-10-29T05:11:29.580739,snapshot,1471,495,???????? ???? ???? ???? ???????? ???????????? for multiple positions - malaikaarif34@gmail.com - Gmail - Google Chrome,,,,,0,0.0
2025-10-29T05:11:30.284887,snapshot,1202,556,???????? ???? ???? ???? ???????? ???????????? for multiple positions - malaikaarif34@gmail.com - Gmail - Google Chrome,,,,,0,0.0
2025-10-29T05:11:30.978978,snapshot,1173,600,???????? ???? ???? ???? ???????? ???????????? for multiple positions - malaikaarif34@gmail.com - Gmail - Google Chrome,,,,,0,0.0
2025-10-29T05:11:31.699402,snapshot,1173,600,???????? ???? ???? ???? ???????? ???????????? for multiple positions - malaikaarif34@gmail.com - Gmail - Google Chrome,,,,,0,0.0
2025-10-29T05:11:32.438071,snapshot,1116,701,???????? ???? ???? ???? ???????? ???????????? for multiple positions - malaikaarif34@gmail.com - Gmail - Google Chrome,,,,,0,0.0
2025-10-29T05:11:33.133724,snapshot,1110,707,???????? ???? ???? ???? ???????? ???????????? for multiple positions - malaikaarif34@gmail.com - Gmail - Google Chrome,,,,,0,0.0
2025-10-29T05:11:33.826707,snapshot,1110,707,???????? ???? ???? ???? ???????? ???????????? for multiple positions - malaikaarif34@gmail.com - Gmail - Google Chrome,,,,,0,0.0
2025-10-29T05:11:34.544084,snapshot,1110,707,???????? ???? ???? ???? ???????? ???????????? for multiple positions - malaikaarif34@gmail.com - Gmail - Google Chrome,,,,,0,0.0
2025-10-29T05:11:35.245448,snapshot,881,1060,???????? ???? ???? ???? ???????? ???????????? for multiple positions - malaikaarif34@gmail.com - Gmail - Google Chrome,,,,,0,0.0
2025-10-29T05:11:35.997400,snapshot,889,1058,???????? ???? ???? ???? ???????? ???????????? for multiple positions - malaikaarif34@gmail.com - Gmail - Google Chrome,,,,,0,0.0
2025-10-29T05:11:36.378641,click,907,1047,???????? ???? ???? ???? ???????? ???????????? for multiple positions - malaikaarif34@gmail.com - Gmail - Google Chrome,,,,,0,0.0
2025-10-29T05:11:36.770812,snapshot,907,1047,C:\Windows\System32\cmd.exe - python  screen_monitor.py,,,,,0,0.0
2025-10-29T05:11:37.522625,snapshot,907,1047,C:\Windows\System32\cmd.exe - python  screen_monitor.py,,,,,0,0.0
2025-10-29T05:11:38.257336,snapshot,907,1047,C:\Windows\System32\cmd.exe - python  screen_monitor.py,,,,,0,0.0
2025-10-29T05:11:38.969680,snapshot,907,1047,C:\Windows\System32\cmd.exe - python  screen_monitor.py,,,,,0,0.0
2025-10-29T05:11:39.686386,snapshot,907,1047,C:\Windows\System32\cmd.exe - python  screen_monitor.py,,,,,0,0.0
2025-10-29T05:11:40.416036,snapshot,907,1047,C:\Windows\System32\cmd.exe - python  screen_monitor.py,,,,,0,0.0
2025-10-29T05:11:41.120687,snapshot,907,1047,C:\Windows\System32\cmd.exe - python  screen_monitor.py,,,,,0,0.0
2025-10-29T05:11:41.866345,snapshot,907,1047,C:\Windows\System32\cmd.exe - python  screen_monitor.py,,,,,0,0.0
2025-10-29T05:11:42.658245,snapshot,907,1047,C:\Windows\System32\cmd.exe - python  screen_monitor.py,,,,,0,0.0
2025-10-29T05:11:43.158890,click,907,1047,C:\Windows\System32\cmd.exe - python  screen_monitor.py,,,,,0,0.0
2025-10-29T05:11:43.444517,snapshot,907,1047,???????? ???? ???? ???? ???????? ???????????? for multiple positions - malaikaarif34@gmail.com - Gmail - Google Chrome,,,,,0,0.0
2025-10-29T05:11:44.149401,snapshot,881,1011,???????? ???? ???? ???? ???????? ???????????? for multiple positions - malaikaarif34@gmail.com - Gmail - Google Chrome,,,,,0,0.0
2025-10-29T05:11:44.485965,click,885,1035,???????? ???? ???? ???? ???????? ???????????? for multiple positions - malaikaarif34@gmail.com - Gmail - Google Chrome,,,,,0,0.0
2025-10-29T05:11:44.910492,snapshot,885,1035,C:\Windows\System32\cmd.exe - python  screen_monitor.py,,,,,0,0.0
2025-10-29T05:11:45.634148,snapshot,885,1035,C:\Windows\System32\cmd.exe - python  screen_monitor.py,,,,,0,0.0
2025-10-29T05:11:46.464795,snapshot,885,1035,C:\Windows\System32\cmd.exe - python  screen_monitor.py,,,,,0,0.0
2025-10-29T05:11:47.215795,snapshot,885,1035,C:\Windows\System32\cmd.exe - python  screen_monitor.py,,,,,0,0.0
2025-10-29T05:15:30.006737,snapshot,0,0,C:\Windows\System32\cmd.exe - python  screen_monitor.py,,,,,0,0.0
2025-10-29T05:15:30.474612,click,249,347,tk,,,,,0,0.0
2025-10-29T05:15:30.768639,snapshot,0,0,???????? ???? ???? ???? ???????? ???????????? for multiple positions - malaikaarif34@gmail.com - Gmail - Google Chrome,,,,,0,0.0
2025-10-29T05:15:31.508912,snapshot,0,0,???????? ???? ???? ???? ???????? ???????????? for multiple positions - malaikaarif34@gmail.com - Gmail - Google Chrome,,,,,0,0.0
2025-10-29T05:15:38.356581,snapshot,164,748,Spam (3) - malaikaarif34@gmail.com - Gmail - Google Chrome,,,,,0,0.0
2025-10-29T05:15:39.106290,snapshot,164,748,Spam (3) - malaikaarif34@gmail.com - Gmail - Google Chrome,,,,,0,0.0
2025-10-29T05:15:39.825099,snapshot,164,748,Spam (3) - malaikaarif34@gmail.com - Gmail - Google Chrome,,,,,0,0.0
2025-10-29T05:15:40.549320,snapshot,164,748,Spam (3) - malaikaarif34@gmail.com - Gmail - Google Chrome,,,,,0,0.0
2025-10-29T05:15:41.292092,snapshot,186,567,Spam (3) - malaikaarif34@gmail.com - Gmail - Google Chrome,,,,,0,0.0
2025-10-29T05:15:42.006925,snapshot,202,377,Spam (3) - malaikaarif34@gmail.com - Gmail - Google Chrome,,,,,0,0.0
2025-10-29T05:15:42.487424,click,205,362,Spam (3) - malaikaarif34@gmail.com - Gmail - Google Chrome,,,,,0,0.0
2025-10-29T05:15:42.756893,snapshot,205,362,Spam (3) - malaikaarif34@gmail.com - Gmail - Google Chrome,,,,,0,0.0
2025-10-29T05:15:51.587191,snapshot,248,445,Sent Mail - 231353@students.au.edu.pk - Air University Mail - Google Chrome,,,,,0,0.0
2025-10-29T05:15:52.324635,snapshot,308,361,Sent Mail - 231353@students.au.edu.pk - Air University Mail - Google Chrome,,,,,0,0.0
2025-10-29T05:15:53.050582,snapshot,1359,11,Sent Mail - 231353@students.au.edu.pk - Air University Mail - Google Chrome,,,,,0,0.0
2025-10-29T05:15:53.764419,snapshot,1862,0,Sent Mail - 231353@students.au.edu.pk - Air University Mail - Google Chrome,,,,,0,0.0
2025-10-29T05:15:54.496512,snapshot,1704,43,Sent Mail - 231353@students.au.edu.pk - Air University Mail - Google Chrome,,,,,0,0.0
2025-10-29T05:15:54.668766,click,1796,4,Sent Mail - 231353@students.au.edu.pk - Air University Mail - Google Chrome,,,,,0,0.0
2025-10-29T05:15:57.706415,snapshot,414,321,Gmail - Google Chrome,,,,,0,0.0
2025-10-29T05:15:58.520696,snapshot,881,532,Gmail - Google Chrome,,,,,0,0.0
2025-10-29T05:15:59.288456,snapshot,881,532,Gmail - Google Chrome,,,,,0,0.0
2025-10-29T05:16:00.569266,snapshot,881,532,Gmail - Google Chrome,,,,,0,0.0
2025-10-29T05:16:01.414877,snapshot,1249,535,Gmail - Google Chrome,,,,,0,0.0
2025-10-29T05:16:02.217892,snapshot,789,607,Gmail - Google Chrome,,,,,0,0.0
2025-10-29T05:16:10.872078,snapshot,118,748,Spam (3) - malaikaarif34@gmail.com - Gmail - Google Chrome,,,,,0,0.0
2025-10-29T05:16:11.660075,snapshot,113,764,Spam (3) - malaikaarif34@gmail.com - Gmail - Google Chrome,,,,,0,0.0
2025-10-29T05:16:12.421644,snapshot,95,902,Spam (3) - malaikaarif34@gmail.com - Gmail - Google Chrome,,,,,0,0.0
2025-10-29T05:16:13.255310,snapshot,131,705,Spam (3) - malaikaarif34@gmail.com - Gmail - Google Chrome,,,,,0,0.0
2025-10-29T05:16:14.008228,snapshot,191,361,Spam (3) - malaikaarif34@gmail.com - Gmail - Google Chrome,,,,,0,0.0
2025-10-29T05:16:14.178174,click,191,361,Spam (3) - malaikaarif34@gmail.com - Gmail - Google Chrome,,,,,0,0.0
2025-10-29T05:16:14.789947,snapshot,191,361,Spam (3) - malaikaarif34@gmail.com - Gmail - Google Chrome,,,,,0,0.0
2025-10-29T05:16:17.780713,snapshot,1020,1048,Sent Mail - 231353@students.au.edu.pk - Air University Mail - Google Chrome,,,,,0,0.0
2025-10-29T05:16:18.653340,snapshot,464,349,Sent Mail - 231353@students.au.edu.pk - Air University Mail - Google Chrome,,,,,0,0.0
2025-10-29T05:16:19.213038,click,677,379,Sent Mail - 231353@students.au.edu.pk - Air University Mail - Google Chrome,,,,,0,0.0
2025-10-29T05:16:19.411459,snapshot,677,379,Sent Mail - 231353@students.au.edu.pk - Air University Mail - Google Chrome,,,,,0,0.0
2025-10-29T05:16:20.162304,snapshot,677,379,(no subject) - 231353@students.au.edu.pk - Air University Mail - Google Chrome,,,,,0,0.0
2025-10-29T05:16:21.128522,snapshot,641,688,(no subject) - 231353@students.au.edu.pk - Air University Mail - Google Chrome,,,,,0,0.0
2025-10-29T05:16:21.880640,snapshot,623,712,(no subject) - 231353@students.au.edu.pk - Air University Mail - Google Chrome,,,,,0,0.0
2025-10-29T05:16:22.625083,snapshot,623,712,(no subject) - 231353@students.au.edu.pk - Air University Mail - Google Chrome,,,,,0,0.0
2025-10-29T05:16:23.363006,snapshot,613,729,(no subject) - 231353@students.au.edu.pk - Air University Mail - Google Chrome,,,,,0,0.0
2025-10-29T05:16:24.118728,snapshot,613,729,(no subject) - 231353@students.au.edu.pk - Air University Mail - Google Chrome,,,,,0,0.0
2025-10-29T05:16:24.859215,snapshot,654,432,(no subject) - 231353@students.au.edu.pk - Air University Mail - Google Chrome,,,,,0,0.0
2025-10-29T05:16:25.181402,click,638,403,(no subject) - 231353@students.au.edu.pk - Air University Mail - Google Chrome,,,,,0,0.0
2025-10-29T05:16:25.611072,snapshot,638,403,(no subject) - 231353@students.au.edu.pk - Air University Mail - Google Chrome,,,,,0,0.0
2025-10-29T05:16:26.353966,snapshot,638,403,(no subject) - 231353@students.au.edu.pk - Air University Mail - Google Chrome,,,,,0,0.0
2025-10-29T05:16:27.086033,snapshot,725,490,(no subject) - 231353@students.au.edu.pk - Air University Mail - Google Chrome,,,,,0,0.0
2025-10-29T05:16:27.821837,snapshot,725,491,(no subject) - 231353@students.au.edu.pk - Air University Mail - Google Chrome,,,,,0,0.0
2025-10-29T05:16:28.557603,snapshot,720,537,(no subject) - 231353@students.au.edu.pk - Air University Mail - Google Chrome,,,,,0,0.0
2025-10-29T05:16:29.397321,snapshot,688,680,(no subject) - 231353@students.au.edu.pk - Air University Mail - Google Chrome,,,,,0,0.0
2025-10-29T05:16:29.520259,click,688,680,(no subject) - 231353@students.au.edu.pk - Air University Mail - Google Chrome,,,,,0,0.0
2025-10-29T05:16:30.110767,snapshot,688,680,(no subject) - 231353@students.au.edu.pk - Air University Mail - Google Chrome,,,,,0,0.0
2025-10-29T05:16:30.835235,snapshot,624,742,(no subject) - 231353@students.au.edu.pk - Air University Mail - Google Chrome,,,,,0,0.0
2025-10-29T05:16:31.567214,snapshot,604,780,(no subject) - 231353@students.au.edu.pk - Air University Mail - Google Chrome,,,,,0,0.0
2025-10-29T05:16:32.298007,snapshot,604,780,(no subject) - 231353@students.au.edu.pk - Air University Mail - Google Chrome,,,,,0,0.0
2025-10-29T05:16:33.044546,snapshot,617,807,(no subject) - 231353@students.au.edu.pk - Air University Mail - Google Chrome,,,,,0,0.0
2025-10-29T05:16:33.668022,click,549,821,(no subject) - 231353@students.au.edu.pk - Air University Mail - Google Chrome,,,,,0,0.0
2025-10-29T05:16:33.784914,snapshot,549,821,(no subject) - 231353@students.au.edu.pk - Air University Mail - Google Chrome,,,,,0,0.0
2025-10-29T05:16:34.547626,snapshot,981,802,(no subject) - 231353@students.au.edu.pk - Air University Mail - Google Chrome,,,,,0,0.0
2025-10-29T05:16:35.285637,snapshot,1095,827,(no subject) - 231353@students.au.edu.pk - Air University Mail - Google Chrome,,,,,0,0.0
2025-10-29T05:16:35.580141,click,1093,827,(no subject) - 231353@students.au.edu.pk - Air University Mail - Google Chrome,,,,,0,0.0
2025-10-29T05:16:36.005737,snapshot,1093,827,(no subject) - 231353@students.au.edu.pk - Air University Mail - Google Chrome,,,,,0,0.0
2025-10-29T05:16:36.726328,snapshot,1093,827,(no subject) - 231353@students.au.edu.pk - Air University Mail - Google Chrome,,,,,0,0.0
2025-10-29T05:16:37.541011,snapshot,1019,1056,(no subject) - 231353@students.au.edu.pk - Air University Mail - Google Chrome,,,,,0,0.0
2025-10-29T05:16:38.304965,snapshot,812,1059,(no subject) - 231353@students.au.edu.pk - Air University Mail - Google Chrome,,,,,0,0.0
2025-10-29T05:16:38.468105,click,811,1059,(no subject) - 231353@students.au.edu.pk - Air University Mail - Google Chrome,,,,,0,0.0
2025-10-29T05:16:42.217750,snapshot,136,85,Gmail - Google Chrome,,,,,0,0.0
2025-10-29T05:16:42.994776,snapshot,768,681,Gmail - Google Chrome,,,,,0,0.0
2025-10-29T05:16:43.872075,snapshot,768,681,Gmail - Google Chrome,,,,,0,0.0
2025-10-29T05:16:44.631082,snapshot,768,681,Gmail - Google Chrome,,,,,0,0.0
2025-10-29T05:16:45.406998,snapshot,768,681,Gmail - Google Chrome,,,,,0,0.0
2025-10-29T05:16:46.169847,snapshot,768,681,Gmail - Google Chrome,,,,,0,0.0
2025-10-29T05:17:08.553714,snapshot,900,1042,C:\Windows\System32\cmd.exe - python  screen_monitor.py,,,,,0,0.0
2025-10-29T05:17:09.291623,snapshot,900,1042,C:\Windows\System32\cmd.exe - python  screen_monitor.py,,,,,0,0.0
2025-10-29T05:20:09.334874,snapshot,0,0,C:\Windows\System32\cmd.exe - python  screen_monitor.py,,,,,0,0.0
2025-10-29T05:20:10.092687,snapshot,0,0,tk,,,,,0,0.0
2025-10-29T05:20:10.760285,click,1050,0,tk,,,,,0,0.0
2025-10-29T05:20:11.062653,snapshot,1050,0,tk,,,,,0,0.0
2025-10-29T05:20:16.529774,snapshot,736,505,(no subject) - malaikaarif34@gmail.com - Gmail - Google Chrome,,,,,0,0.0
2025-10-29T05:20:17.273148,snapshot,736,505,(no subject) - malaikaarif34@gmail.com - Gmail - Google Chrome,,,,,0,0.0
2025-10-29T05:20:18.039432,snapshot,699,479,(no subject) - malaikaarif34@gmail.com - Gmail - Google Chrome,,,,,0,0.0
2025-10-29T05:20:18.793357,snapshot,635,466,(no subject) - malaikaarif34@gmail.com - Gmail - Google Chrome,,,,,0,0.0
2025-10-29T05:20:19.565921,snapshot,498,450,(no subject) - malaikaarif34@gmail.com - Gmail - Google Chrome,,,,,0,0.0
2025-10-29T05:20:20.507866,snapshot,455,460,(no subject) - malaikaarif34@gmail.com - Gmail - Google Chrome,,,,,0,0.0
2025-10-29T05:20:20.868713,click,431,464,(no subject) - malaikaarif34@gmail.com - Gmail - Google Chrome,,,,,0,0.0
2025-10-29T05:20:21.322480,snapshot,499,451,(no subject) - malaikaarif34@gmail.com - Gmail - Google Chrome,,,,,0,0.0
2025-10-29T05:20:22.081169,snapshot,611,460,(no subject) - malaikaarif34@gmail.com - Gmail - Google Chrome,,,,,0,0.0
2025-10-29T05:20:22.321158,click,523,532,(no subject) - malaikaarif34@gmail.com - Gmail - Google Chrome,,,,,0,0.0
2025-10-29T05:20:22.838042,snapshot,523,532,(no subject) - malaikaarif34@gmail.com - Gmail - Google Chrome,,,,,0,0.0
2025-10-29T05:20:23.440532,click,517,544,(no subject) - malaikaarif34@gmail.com - Gmail - Google Chrome,,,,,0,0.0
2025-10-29T05:20:23.593732,snapshot,517,544,(no subject) - malaikaarif34@gmail.com - Gmail - Google Chrome,,,,,0,0.0
2025-10-29T05:20:24.224483,click,489,623,(no subject) - malaikaarif34@gmail.com - Gmail - Google Chrome,,,,,0,0.0
2025-10-29T05:20:24.369424,snapshot,489,623,(no subject) - malaikaarif34@gmail.com - Gmail - Google Chrome,,,,,0,0.0
2025-10-29T05:20:24.590169,click,482,646,(no subject) - malaikaarif34@gmail.com - Gmail - Google Chrome,,,,,0,0.0
2025-10-29T05:20:25.124089,snapshot,482,646,(no subject) - malaikaarif34@gmail.com - Gmail - Google Chrome,,,,,0,0.0
2025-10-29T05:20:25.356562,click,481,648,(no subject) - malaikaarif34@gmail.com - Gmail - Google Chrome,,,,,0,0.0
2025-10-29T05:20:25.862234,snapshot,570,648,(no subject) - malaikaarif34@gmail.com - Gmail - Google Chrome,,,,,0,0.0
2025-10-29T05:20:26.699796,snapshot,726,630,(no subject) - malaikaarif34@gmail.com - Gmail - Google Chrome,,,,,0,0.0
2025-10-29T05:20:27.469336,snapshot,476,745,(no subject) - malaikaarif34@gmail.com - Gmail - Google Chrome,,,,,0,0.0
2025-10-29T05:20:28.225749,snapshot,476,755,(no subject) - malaikaarif34@gmail.com - Gmail - Google Chrome,,,,,0,0.0
2025-10-29T05:20:28.978483,snapshot,476,755,(no subject) - malaikaarif34@gmail.com - Gmail - Google Chrome,,,,,0,0.0
2025-10-29T05:20:29.819549,snapshot,476,780,(no subject) - malaikaarif34@gmail.com - Gmail - Google Chrome,,,,,0,0.0
2025-10-29T05:20:29.918336,click,471,806,(no subject) - malaikaarif34@gmail.com - Gmail - Google Chrome,,,,,0,0.0
2025-10-29T05:20:30.540890,snapshot,471,806,(no subject) - malaikaarif34@gmail.com - Gmail - Google Chrome,,,,,0,0.0
2025-10-29T05:20:31.008748,click,471,798,(no subject) - malaikaarif34@gmail.com - Gmail - Google Chrome,,,,,0,0.0
2025-10-29T05:20:31.273535,snapshot,478,798,(no subject) - malaikaarif34@gmail.com - Gmail - Google Chrome,,,,,0,0.0
2025-10-29T05:20:31.378165,click,720,847,(no subject) - malaikaarif34@gmail.com - Gmail - Google Chrome,,,,,0,0.0
2025-10-29T05:20:31.988833,snapshot,722,846,(no subject) - malaikaarif34@gmail.com - Gmail - Google Chrome,,,,,0,0.0
2025-10-29T05:20:32.621512,click,890,1040,(no subject) - malaikaarif34@gmail.com - Gmail - Google Chrome,,,,,0,0.0
2025-10-29T05:20:32.842232,snapshot,890,1040,(no subject) - malaikaarif34@gmail.com - Gmail - Google Chrome,,,,,0,0.0
2025-10-29T05:20:33.616539,snapshot,890,1040,C:\Windows\System32\cmd.exe - python  screen_monitor.py,,,,,0,0.0
2025-10-29T05:20:34.366621,snapshot,890,1040,C:\Windows\System32\cmd.exe - python  screen_monitor.py,,,,,0,0.0
2025-10-29T05:20:35.130384,snapshot,890,1040,C:\Windows\System32\cmd.exe - python  screen_monitor.py,,,,,0,0.0
2025-10-29T05:20:35.882718,snapshot,890,1040,C:\Windows\System32\cmd.exe - python  screen_monitor.py,,,,,0,0.0
2025-10-29T05:20:36.630126,snapshot,890,1040,C:\Windows\System32\cmd.exe - python  screen_monitor.py,,,,,0,0.0
2025-10-29T05:20:37.396573,snapshot,890,1040,C:\Windows\System32\cmd.exe - python  screen_monitor.py,,,,,0,0.0
2025-10-29T05:20:38.139298,snapshot,890,1040,C:\Windows\System32\cmd.exe - python  screen_monitor.py,,,,,0,0.0
2025-10-29T05:20:38.898892,snapshot,890,1040,C:\Windows\System32\cmd.exe - python  screen_monitor.py,,,,,0,0.0
2025-10-29T05:33:54.560224,phishing_alert,834,488,(no subject) - malaikaarif34@gmail.com - Gmail - Google Chrome,,,,"""""""(no subject) - malaikaarif34@gmail.com - Gmail - Google Chrome""",0,0.004545454545454546
/mail/u/0/#inbox/FMfcgzQcqbVrmSmWiWcCntafirhbRplc Search mail cr Aa ? O/B Bi: (no subject) [Inbox x) Malaika Arif. ' tome v Subject: :??Urgent: Account Suspension Notice ??Action Required senactcOGR\tessenactwexenNeatinetote)s\dapracstaytal | Dear User, We have detected unusual sign-in activity on your Microsoft 365 account from a new device. For your protection, your account will be temporarily suspended within 24 hours unless you verify your identity. Please verify your account immediately by clicking the secure link below: Cr Verify Now Failure to complete verification may result in restricted access to your emails, calendar,""" and OneDrive files. Thank you for your prompt attention. Microsoft Account Security Team ? 2025 Microsoft Corporation. All rights reserved.""""""",88,,,,0,0.0
2025-10-29T05:40:32.291353,phishing_alert,989,533,(no subject) - malaikaarif34@gmail.com - Gmail - Google Chrome,,,,"""""""(no subject) - malaikaarif34@gmail.com - Gmail - Google Chrome""",0,0.004545454545454546
ne??alee ea aa Pian ane ie | & & t) [Inbox x] nt: Account Suspension Notice ??Action Required it-support@microsOft-secure.com vy.com t 2025, 10:15 AM NN OOK orm oc Oc SAGES eT A Fewer cia Ht af MoO fe] 1a WC) Prolplsts poovys |s1t dia # aret OCRETR w Goa Orton xd Orctvey) 0.G1( Pre @200. Xx Usvonsont) a fn) | unusual sign-in activity on your Microsoft 365 account from a new device. Nn, your account will be temporarily suspended within 24 hours unless you verify your identity. account immediately by clicking the secure link below: e verification may result in restricted access to your emails, calendar,""" and OneDrive files. f prompt attention. nt Security Team Corporation. All rights reserved. }( > Forward } (?)""""""",69,,,,0,0.0
/u/0/?pli=1#inbox ich mail cr G 3 Get professional email like ??your-company.com??Plus 2TB of storage per user, longer video calls, and more with Google Workspace ary ? __ Promotions 2 Social @ Malaika Arif . (no subject) - Subject: i Urgent: Account Suspension Notice ??Action Required Fr: 2uora Digest Jesus was not a Jew. Why do people think He was? - Remember the section in 1 Microsoft account t. Your single-use code - Hi malaikaarif34@gmail.com,""" We received your request for < faylor Alison at Jo. Your CV is in high demand for multiple positions - We've identified premium oppor Muhammad Annas Asim. Commented on: """"""""Learn and write q 3""","""4 and 6"""""""" - Notification settings 9 Class Lea 2uora Digest A Muslim friend told me Hindu gods don't make any sense as they fight with e 300gle Location Sha. You're sharing your real-time location with Muhammad Rafey - Malaika""",""" To pro [he CodinGame team Level Up ? ~ Hello! How is it going so far? If you're completely new to programmir""""""",89,,,0,0.0
"""Compose | ne ??? Inbox 2.776 & Get professional email like """"""""@your~company.com??Sn Plus 2TB of storage per user""", longer video calls, and more with Google Starred Snoozed > . , : romotions Primar = Sent Md y N,""" White Rose Education ??This w... Drafts 4 Ol x? Malaika Arif. (no subject) - Subject: iA Urgent: Acc Purchases 64 OO) x Quora Digest Jesus was not a Jew. Why do people More Ol x Microsoft account t. Your single-use code - Hi malaikaarif3- als + O) w? Taylor Alison at Jo. Your CV is in high demand for multiple (0 + Muhammad Annas Asim. Commented on: """"""""Learn and write q < Ol xy Quora Digest |qizant nce oenin testis told me Hindu gods C1 + Google Location Sha. You're sharing your real-time locatic Ol x The CodinGame team Level Up ? ~ Hello! How is it going so Ol vw Railway All aboard! Welcome to Railway! - TI Ol x GitHub [GitHub] A third-party GitHub Appli Upgrade > 2 Type here to search ar j# && ? Oo w@| @ GQ [w| '@) ?""""""",76,,,,0,0.0
ON . Promotions Social Primar eats 2 bd y N, White Rose Education ??This w... Linkedl 4 Ol x Malaika Arif. (no subject) - Subject: i Urgent: Account Suspens 64 OU y? Quora Digest Jesus was not a Jew. Why do people think He was? Ol x Microsoft account t. Your single-use code - Hi malaikaarif34@gmail.con + O) w? Taylor Alison at Jo. Your CV is in high demand for multiple positions -' (1) x Muhammad Annas Asim. Commented on: ??earn and write q 3,"""4 and 6"""""""" - Not OO) x Quora Digest A Muslim friend told me Hindu gods don't make C1 + Google Location Sha. You're sharing your real-time location with Muh (0 + The CodinGame team Tee] going so far? If you're freduiiawi 4G grmmcome Grad ? Googie Chron) iO m nncntesen nen ??€???_??Ol vw Railway Cee RRO P SETI TIEN way! - Thanks for tryi Ol x GitHub [GitHub] A third-party GitHub Application has | > sre to search ?er|a B? ? O @ @ ? [ea] '@) ?""""""",73,,,,,,0,0.0
2025-10-29T10:01:30.186684,phishing_alert,726,405,(no subject) - malaikaarif34@gmail.com - Gmail - Google Chrome,,,,"""""""(no subject) - malaikaarif34@gmail.com - Gmail - Google Chrome""",0,0.004545454545454546
Dgr X oo XN il.google.com/mail/u/0/?pli=1#inbox/FMfcgzQcqbVrmSmWiWcCntafirhbRplc Q. Search mail : ??8 ? O80 |e @: ,""" (no subject) [Inbox x) oO | Malaika Arif. | >"""""""" tome v a Subject: A Urgent: Account Suspension Noe eee | 4 From: IT Support it-support@microsOft-secure.com To: user@company.com 4 Date: Wed""", 29 Oct 2025, 10:15 AM Dear User, L. We have detected unusual sign-in activity on your Microsoft 365 account from a new device. For your protection, your account will be temporarily suspended within 24 hours unless you verify your ide Please verify your account immediately by clicking the secure link below: Cr Verify Now Failure to complete verification may result in restricted access to your emails, calendar,""" and OneDrive files. Thank you for your prompt attention. Microsoft Account Security Team""""""",83,0,0.0
2025-10-29T10:01:46.967506,phishing_alert,589,332,(no subject) - malaikaarif34@gmail.com - Gmail - Google Chrome,,,,"""""""(no subject) - malaikaarif34@gmail.com - Gmail - Google Chrome""",0,0.004545454545454546
ject) - malaikaarif34@gr X + XN 23 https://mail.google.com/mail/u/0/?pli=1#inbox/FMfcgzQcqbVrmSmWiWcCntafirhbRplc smait-??€???_??i $ A Phishing Alert - Oo x se _??| Be careful before clicking any links,""" Consider contacting IT or the sender. _ Grails Googie Chron I OCRGRENY pect g restates 3408 6 XX 23 { 2 | """""""" ?74"""""""" tome v 4 _ Subject: :??Urgent: Account Suspension Notice ??Action Required 4 From: IT Support it-support@microsOft-secure.com To: user@company.com ses 64 Date: Wed""", 29 Oct 2025, 10:15 AM Dear User, + We have detected unusual sign-in activity on your Microsoft 365 account from a new de For your protection, your account will be temporarily suspended within 24 hours unless Please verify your account immediately by clicking the secure link below: Cr Verify Now Failure to complete verification may result in restricted access to your emails, calendar,""" Thank you for your prompt attention. Microsoft Account Security Team""""""",82,0,0.0
2025-10-29T10:02:03.409266,phishing_alert,589,332,(no subject) - malaikaarif34@gmail.com - Gmail - Google Chrome,,,,"""""""(no subject) - malaikaarif34@gmail.com - Gmail - Google Chrome""",0,0.004545454545454546
ject) - malaikaarif34@gr X + XN 23 https://mail.google.com/mail/u/0/?pli=1#inbox/FMfcgzQcqbVrmSmWiWcCntafirhbRplc smait-??€???_??i $ A Phishing Alert - Oo x ??$ A Phishing Alert - Oo x se | || Be iThisyemailllookstsuspicious!) ??€?€?€?Be careful before clicking any links. Consider contacting IT or the sender,""" 0g te Chrome) ??Coxa$ A) """"""""<a! tome v aA 4 _ Subject: :??Urgent: Account Suspension Notice ??Action Required 4 From: IT Support it-support@microsOft-secure.com To: user@company.com ses 64 Date: Wed""", 29 Oct 2025, 10:15 AM Dear User, + We have detected unusual sign-in activity on your Microsoft 365 account from a new de For your protection, your account will be temporarily suspended within 24 hours unless Please verify your account immediately by clicking the secure link below: Cr Verify Now Failure to complete verification may result in restricted access to your emails, calendar,""" Thank you for your prompt attention. Microsoft Account Security Team""""""",82,0,0.0
2025-10-29T10:02:18.425118,phishing_alert,589,332,(no subject) - malaikaarif34@gmail.com - Gmail - Google Chrome,,,,"""""""(no subject) - malaikaarif34@gmail.com - Gmail - Google Chrome""",0,0.004545454545454546
2025-10-29T10:02:33.815020,phishing_alert,589,332,(no subject) - malaikaarif34@gmail.com - Gmail - Google Chrome,,,,"""""""(no subject) - malaikaarif34@gmail.com - Gmail - Google Chrome""",0,0.004545454545454546
2025-10-29T10:02:54.254632,phishing_alert,347,73,(no subject) - malaikaarif34@gmail.com - Gmail - Google Chrome,,,,"""""""(no subject) - malaikaarif34@gmail.com - Gmail - Google Chrome""",0,0.004545454545454546
"""v _| 4 (no subject) - malaikaarif34@ar_ x -?? ? A Phishing Alert - Oo Dn ??kOcqbVrmSmWfWeCntafirhbRplc iThisyemailllookstsuspicious!) ag """"""""| Be careful before clicking any links""",""" Consider contacting IT or the sender. ' j ? 8a ? bo /|& @& : | 2 Compose | TAT (no subie Inbox x] OCRGOX eno subpart) grukaisrd MA aXe A\ Mhshsig Alt 600) ????. F [2S CA Shanhaig Alert ??00 x AbVirrGrri VANCCh tarts hbRpsic | xx Starred ? Malaika A yoresmioolistay sacous) Be carctul before clicks) """"""""| """"""""tome v @? = Snoozed _ E> Sent Subject: :??Urgent: Account Suspension Notice ??Action Required D Drafts 4 From: IT Support it-support@microsOft-secure.com To: user@company.com Purchases 64 Date: Wed""", 29 Oct 2025, 10:15 AM v More Dear User, Labels + We have detected unusual sign-in activity on your Microsoft 365 acc For your protection,""" your account will be temporarily suspended witt Please verify your account immediately by clicking the secure link be Cr Verify Now Failure to complete verification may result in res""""""",72,,,0,0.0
"""x | P Gres -ANewOsms %& <> ail-google.com/mail/u/0/#inbox ail Q_ Search all conversations | O-~ ?c i: ose ??"""""" O vx Dr. Balawal Shabir . Due tomorrow: """"""""""""""""Project Assignment 3: Res 2""""""","""887 | : ar oe Ol x Google Security alert - A new sign-in on Windows 2: d d (0 + Coursera Black Friday offer: 40% off Coursera Plus - e SE coonaaria Gane win paxra Ol x Codacy Team See eer Calendar: Al Giants with Dax Ra: a 3 Ol x James from Hunter Why thousands of small teams are using H Ol w Saniya Samreen Proposal and Final Defense MPhil Educatic + O x IrumAndleeb Aslam. New assignment: """"""""Lab - OPENMP + Solutic O) x Muhammad Farhan Proposal Defense Examination - MS Financ Ol x Zaheer Abbas Proposal Defense Examination (PDE) Press Ol x Abdullah Faroog (CI. Due tomorrow: """"""""Lab Task 6"""""""" - Notification se C1 yx Rabia Aslam (Classr. New material: """"""""Business Communication(N C1 yx Rabia Aslam (Classr. New announcement: """"""""All students are infor""""""",76,,,,,,,0,0.0
2025-11-29T07:25:50.089876,phishing_alert,1163,488,Inbox (898) - affafahmadd@gmail.com - Gmail - Google Chrome,,,,"""""""Inbox (898) - affafahmadd@gmail.com - Gmail - Google Chrome""",0,0.006349206349206349
iz romotions 2 Social @ Updates ack The Box via LinkedIn ??@ ... Linkedin ??You may be a fit for ... LinkedIn ??JazzCash Chief Pro... ity alert for 231349@students.au.edu.pk - This is a copy of a security alert sent to 231349@students.au.edu.pk. ime is Marvi. | am from Sindh, Pakistan. | am about to complete my graduation in S... - My name is Marvi. | an ged Network Security Services: Protect Your Business with Smart IT Defense - Introduction In a world where aisa Mobile Bundle Receipt - . Transaction Successful Hi Affaf Ahmad, Monthly Super Duper for 03225156677 o1 ES | ted Terms of Use and Privacy Policy - Academia.edu Accelerate your research We are writing to inform you abot y Transfer via Raast Payment - . Transaction Successful Hi Affaf Anmad , Money Transfer of Rs. 1716.0 on 21-Nov ity alert for 231349@students.au.edu.pk - This is a copy of a security alert sent to 231349@students.au.edu.pk. Attempt Failed - Dear Customer,""" Your login attempt on your easypaisa account has failed """"""",91,,,,0,0.0
2025-11-29T07:26:05.328858,phishing_alert,570,791,Inbox (898) - affafahmadd@gmail.com - Gmail - Google Chrome,,,,"""""""Inbox (898) - affafahmadd@gmail.com - Gmail - Google Chrome""",0,0.006349206349206349
ad LI Ww statement MIONCYy Wallsler Vid Radsl Fayimlent ~ . iatl zed Ol x Google Security alert for 231349@students.au.edt Ol x DARAZ Pakistan Delivery of your Order 228809211644 413 - Ss 3 ji Ol yx Linkedin Vibe6 Digital Human Resources Manager | hases 7 | OO) x DARAZ Pakistan Yay, your Order 228809211644413 is confit Ol x DARAZ Pakistan Your cancellation request is successful W + a OO) x Quora Digest Kidney failure, also known as renal failure Ol yx Linkedin Government Entity Cyber Security Analys Ol x Daraz Pakistan Cust. affafahmadd, did your issue get resolved? - | iO +% SNSKIES via Linkedin What Is ZTNA? Snskies??Complete Guide t Crit) cee eee Po . OGRE Clx Googia Security shat fon271 4G tudentiouodu gag Ol + Daraz Pakistan Cust. Se eee,""" Daraz Customer Sup Ol yx Linkedin Muhammad Bilal Badar recently posted - | We have received your complaint - 2500000 desktopnotifications/fon Gmail Mam OK@EENothanks img | d P _ LI uy Unlocking the Power of SASE: The Next Ge dl] ( we ON aa st HQe""""""",70,,,,0,0.0
2025-11-29T07:55:56.834421,phishing_alert,1462,1039,Inbox (492) - affafahmad79@gmail.com - Gmail - Google Chrome,,,,"""""""Inbox (492) - affafahmad79@gmail.com - Gmail - Google Chrome""",0,0.00625
Tar anmag, Its been more tnan 6 Montns since you last updated your personal Inio. ... Nov 17 Digest for Google Cybersecurity Community - Weekly Digest for Google Cyberse... Nov 17 s of Service - Grammarly, Coda, and Superhuman are now part of Superhuman Plait... Nov 11 Digest for Google Cybersecurity Community - Weekly Digest for Google Cyberse... Nov 10 e what everyone is up to Nov 9 Digest for Google Cybersecurity Community - Weekly Digest for Google Cyberse... Nov 3 oy Welcome to Be Happy! You've activated your customer account. Next time you sh... Nov1 Digest for Google Cybersecurity Community - Weekly Digest for Google Cyberse... Oct 27 - Whiskit Cat Food Order #7290 Your order is on the walaxaxaicame, Oct 25 > ay is n the wa aes Se ??c ??a,""" 2) AO 12-551BM I@H#@eaCGO@ErevVaE AO S???wpoems =) oO So oO oO ??"""""",81,,,0,0.0
2025-11-29T07:56:13.426038,phishing_alert,753,397,URGENT: Password Reset Required Now - affafahmad79@gmail.com - Gmail - Google Chrome,,,,""""""URGENT: Password Reset Required Now - affafahmad79@gmail.com - Gmail - Google Chrome""""""",0,0.043344155844155845,,0,0.0
"""8 ??oO x PasMBBoMMeBINe: ailllooks}suspicious!) | _ z= links. Consider contacting IT or the sender. rm URGENT: Password Reset Required Now [inbox x! oO Affaf Ahmad <affafahmadd@gmail.com> | >"""""""" tome v t box 493) gatfafshried 79 @ gmal.cony Karel Googie Chrome""", FeeP aK pa Wer Cote Unibet Ol Atal] We detected unusual activity on your account. Your password must be reset immediately. Please verify your identity using the link below: htip://example-phish.test/reset Failure to act within 24 hours may result in permanent account suspension. Thank you,""" Security Team""""""",72,,,,,,0,0.0
2025-11-29T07:56:29.295605,phishing_alert,92,101,Order #8369 confirmed - affafahmad79@gmail.com - Gmail - Google Chrome,,,,"""""""Order #8369 confirmed - affafahmad79@gmail.com - Gmail - Google Chrome""",0,0.005405405405405406
"""| ? || 60 CeerceeDeatimed aia 8 > en CMe: METail coogle-com/mail/u/0/2ogbitinbox/EMicqz@catlSZixBZi IpdmMimMcGuel \vins Order #8309 confirmed Eat{afahmed79@ gmail.com Graal 2 . = MY Search mail | 2 compose | ? 8 ? b@/|&@ @& : inbox SC?CS Order #8369 confirmed [inbox x) fe Stared oO Whiskit Cat Food <info@whiskit.com.pk> tome v @? = Snoozed E> Sent Deas Whiskit | f] Purchases 26 vy More Thank you Labels + We're getting y: been sent. | View your ? Order summ""""""",59,,,,,,,,0,0.0
2025-11-29T07:56:45.945730,phishing_alert,943,817,Help us protect your Temu account - affafahmad79@gmail.com - Gmail - Google Chrome,,,,"""""""Help us protect your Temu account - affafahmad79@gmail.com - Gmail - Google Chrome""",0,0.005813953488372093
Update your person Hi affaf ahmad, it's been more than 6 months since??last updated your personal info. Keeping your personal info up to date can help bette protect your account. Sound like a good idea? All you have to do is click th button below to look at your BZ] personal info to confirm that its still correct. If you wits | updated your personal info recently,""" please ignore tt reminder. (mo RN a = ??2 Ay Q Sexe BSAbCCERBeUMEEE:""""""",85,,,,,,0,0.0
2025-11-29T08:09:40.073406,phishing_alert,1470,1063,Inbox (487) - affafahmad79@gmail.com - Gmail - Google Chrome,,,,"""""""Inbox (487) - affafahmad79@gmail.com - Gmail - Google Chrome""",0,0.00625
igest for Google Cybersecurity Community - Weekly Digest for Google Cyberse... Nov 17 of Service - Grammarly, Coda,""" and Superhuman are now part of Superhuman Plaitf... Nov 11 igest for Google Cybersecurity Community - Weekly Digest for Google Cyberse... Nov 10 : what everyone is up to Nov 9 igest for Google Cybersecurity Community - Weekly Digest for Google Cyberse... Nov 3 y Welcome to Be Happy! You've activated your customer account. Next time you sh... Nov1 igest for Google Cybersecurity Community - Weekly Digest for Google Cyberse... Oct 27 y - Whiskit Cat Food Order #7290 Your order is on the way Your order is on the way... Oct 25 > I?@SABO@C@rENE a8 S?@ fom ) ?o o Oo o loam""""""",87,,,,,,0,0.0
2025-11-29T08:09:55.516873,phishing_alert,451,312,URGENT: Password Reset Required Now - affafahmad79@gmail.com - Gmail - Google Chrome,,,,"""""""URGENT: Password Reset Required Now - affafahmad79@gmail.com - Gmail - Google Chrome""",0,0.043344155844155845
| ? || BO URENBGassmoI Rese Ragn 3 <p en CMe: MEail googlecom/mail/u/0/7ogbi#inbox/EMicgz@dzcpN@zr pdGMDDGWIVI@BIVjz = [4 Gmail Q_ Search mail ' j ? ??? BU|M Bi: | 2 Compose | URGENT: Password Reset Required Now sInbox 487 | Starred . Affaf Al Ba eee eae * es! tome ~ Reee Rem Ime ??) Snoozed _ BLE Bird Serer ae ee EES E> Sent Dear User, 1) Drafts We detected unusual activity on your account. Your password must t ial Purchases % Please verify your ideniity using the link below: ??More htip://example-phish.test/reset Failure to act within 24 hours may result in permanent account susp?? Labels + Thank you,""" Security Team""""""",63,,,,,,0,0.0
2025-11-29T08:10:12.197313,phishing_alert,856,563,We updated our Privacy Policy and Terms of Service - affafahmad79@gmail.com - Gmail - Google Chrome,,,,"""""""We updated our Privacy Policy and Terms of Service - affafahmad79@gmail.com - Gmail - Google Chrome""",0,0.007766990291262136
2arch mail cr Aa ? O/B Bi: We updated our Privacy Policy and Terms of Service [Inbox x! Grammarly @ <hello@mail.grammarly.com> | Unsubscribe tome v ? grammarly We have upd ih aes Caan s of Service to r exciting roves ene | ect, LLC,""" and Su Labs LLC ar 88 sussiciades-o-Supessuman Platform Inc. ( ??uperhuman""""""""). We posted these updates on www.superhuman.com. By contir our services""", you understand that the updated Privacy Policy as of October 29, 2025. Please review these updates carefully As we expand our platform of apps and agents, your privacy a remain a top priority. Our updated Privacy Policy reflects our e an Al productivity suite as we work to deliver accurate and per: experiences across our products,""" while maintaining our commi trust and data privacy. K tds x We've consolidated and simplified our Privacy Policy to cover ;""""""",84,,0,0.0
2025-11-29T08:10:28.864328,phishing_alert,1410,1035,Inbox (898) - affafahmadd@gmail.com - Gmail - Google Chrome,,,,"""""""Inbox (898) - affafahmadd@gmail.com - Gmail - Google Chrome""",0,0.006349206349206349
ssful We're glad - Item(s) from your order has been successfully cancelled Dear affafahmadd, W... Nov 10 failure, can present with several warning signs th... - Kidney failure, also known as renal failur... Nov 10 Analyst recently posted - 4% We're Hiring: IT Project Manager We're looking for an experienced... Nov7 ved? ~ Hi affafahmadd, Thank you for contacting us. Your case no. 2500000182130315 has now b... Nov 7 auide to Zero Trust Network Access Explained - In the modern digital era, where remote work ... Nov 6 ner Support - 2500000182130315 - Dear Customer, | hope you are doing well,""" concerning your c... Nov 5 sted - Internship Completed [Y I'm pleased to share that I've successfully completed... wa Nov 4 00000182130315 - Dear Custo] ???Wiel Ramee) our time an... Nov 4 Next Generation of Cloud Sec a ieee |emote-firs... Nov 4 9A AeWMEGC@CrEDVDE a OB SO we oO =m So oOo fo) o""""""",82,0,0.0
2025-11-29T08:13:11.152362,phishing_alert,517,216,Inbox (898) - affafahmadd@gmail.com - Gmail - Google Chrome,,,,"""""""Inbox (898) - affafahmadd@gmail.com - Gmail - Google Chrome""",0,0.006349206349206349
SN(o)WhatsApp) a OM RUMycOdeliM\VS\Code} HRI) BomenUBs Mannheiny tesseragiles ny ee CMR??Mail Qooglecom/mail/u/0/#inbox (Mi Gmail Q_ Search mail | O-~ ?c i: Compose a ee (<7) rs Ol x e.statement Login Attempt Failed - Dear Custome Inbox 898 | Starred Ol w e.statement Money Transfer via Raast Payment - Snoozed Ol x Google Security alert for 231349@students. Sent . . Ol x DARAZ Pakistan Delivery of your Order 22880921164 Drafts 3 dJSTNTNWTWC_??.Ta a Ol yx Linkedin Vibe6 Digital Human Resources Mar Purchases 7 More Ol x DARAZ Pakistan Yay, your Order 228809211644413 is Ol x DARAZ Pakistan Your cancellation request is succes: els + TT OO) x Quora Digest Kidney failure, also known as renal ??Ol yx Linkedin Government Entity Cyber Security , Ol x Daraz Pakistan Cust. affafahmadd,""" did your issue get resolv OC x SNSKIES via LinkedIn What Is ZTNA? Snskies??Complete G Ol x Daraz Pakistan Cust. Thank you for Choosing Daraz Custom [1 * LinkedIn Muhammad Bilal Badar recently pos""""""",73,,,,0,0.0
2025-11-29T08:13:26.659668,phishing_alert,592,605,URGENT: Password Reset Required Now - affafahmad79@gmail.com - Gmail - Google Chrome,,,,"""""""URGENT: Password Reset Required Now - affafahmad79@gmail.com - Gmail - Google Chrome""",0,0.043344155844155845
"""| < 8a ? owl @& : se ee URGENT: Password Reset Required Now [inbox x! oO Affaf Ahmad <affafahmadd@gmail.com> """"""""| """"""""tome v 1 _ Dear User""", We detected unusual activity on your account. Your password must be reset immediatel ses 2% Please verify your identity using the link below: htip://example-phish.test/reset Failure to act within 24 hours may result in permanent account suspension. + Thank you,""" Te ORGANI OSaneeRnay Rena Se Security Team CoE eC OE eS SORIA TOTO (Composs[ UR impatitiosivend: Ok tails xX | { yj \ ??"""""",68,,,,,,0,0.0
2025-11-29T08:13:42.132176,phishing_alert,671,794,Weekly Coursera Support & Community Digest for Google Cybersecurity Community - affafahmad79@gmail.com - Gmail - Google Chrome,,,,""""""Weekly Coursera Support & Community Digest for Google Cybersecurity Community - affafahmad79@gmail.com - Gmail - Google Chrome""""""",1,0.43703296703296707,,,,,0,0.0
2025-11-29T08:42:41.221512,phishing_alert,784,298,Inbox (483) - affafahmad79@gmail.com - Gmail - Google Chrome,,,,"""""""Inbox (483) - affafahmad79@gmail.com - Gmail - Google Chrome""",0,0.00625
"""ail/u/O/20gbl#inbox/EMfcgz@cqtcNimMnmaqzObSwmPBRXGIEhS Q Search mail cr ? ? ? B/S @ : Help us protect your Temu account [inbox x) ae Aree oO Temu <temu@orders.temu.com> Unsubscribe | >"""""""" tome v Hi affaf ahmad""", it's been more than 6 r last updated your personal info. Keeping your personal info up to date c protect your account. Sound like a good idea? All you have to button below to go to Temu and take a personal info to confirm that it's still co updated your personal info recently,""" ple reminder.""""""",83,,,,,,0,0.0
2025-11-29T08:42:56.287101,phishing_alert,649,291,Your Account Has Been Locked - affafahmad79@gmail.com - Gmail - Google Chrome,,,,"""""""Your Account Has Been Locked - affafahmad79@gmail.com - Gmail - Google Chrome""",0,0.009876543209876543
sGamlods 8&8 ail??oogle:com/mail/U/0/Zogbl#inbox/EMfcgzOdzcpN@zrxtghRXlZpjZPrqVbV, | Q. Search mail ? 8a ? Jw|e Bi: ?? Your Account Has Been Locked inbox x 483 ? (Grails Googie Chrome) TO ??OCR 72%} oll CQ. Search tread | << 83 ? owl @ Ae re Your Account Hat) jo ,""" AffafAnmad ae es : - """""""" tome v Your account has been temporarily locked due to suspicious login attempts. Verify your information to regain access: 25 Verify Now: http://example-phish.test/verify Failure to verify may cause data loss. Support Team +""""""",63,,,,,,0,0.0
2025-11-29T08:43:13.254636,phishing_alert,541,380,Inbox (483) - affafahmad79@gmail.com - Gmail - Google Chrome,,,,"""""""Inbox (483) - affafahmad79@gmail.com - Gmail - Google Chrome""",0,0.00625
"""Inbox((483)Erattafahmad79 @ gum) & (CREE: EMail google-com/mail/u/0/zogbl#inbox 4 Gmail Q_ Search mail | | O-~ ci: ompose @ Primary ? Promotions aap 2 box 483 Apple TV ??Last chance: Save o... tarred Ol x Affaf Ahmad Your Account Has Been Locked - Your act noozed 0 x Affaf Anmad ERS ENE Races Reset Required Now - etfsfahinad 790) greek come Creed Caen a O +% Whiskit Cat Food (Rie See cacuiler #8369 is on the w rafts (order st on the wy) h 95 Ol x Whiskit Cat Food Order #8369 confirmed - Whiskit Cat Foo urchases lore Ol x Coursera Community Weekly Coursera Support & Community C 0 x Temu Help us protect your Temu account - Hi a + ss WSH C1 x Coursera Community Weekly Coursera Support & Communit Ol x Grammarly We updated our Privacy Policy and Terms Ol x Coursera Community Weekly Coursera Support & Community C (C1 x& Team Snapchat Nouman Ahmed added to their Story - C1 x Coursera Community Weekly Coursera Support & Communit 1 ~*~ Be Hannv Customer account confirmation - Be H.""""""",70,,,,,,,,0,0.0
2025-11-29T09:51:51.114705,phishing_alert,716,390,Inbox (485) - affafahmad79@gmail.com - Gmail - Google Chrome,,,,"""""""Inbox (485) - affafahmad79@gmail.com - Gmail - Google Chrome""",0,0.00625
Og: _& Q Search mail Or CG } Z Primary > Promotions 2 Social 85 Apple TV ??Last chance: Save o... LinkedIn ??Updates tc 7 Ol vw Affaf Anmad HR Payroll Notification - Hi, We're updating payroll processing t Ol x Affaf Ahmad oS s waiting for your confirr al Ol x Affaf Ahmad MailhSt oe Ibox is full and incoming 95 Ol vw Affaf Anmad Bank Alert: Unusual Debit Attempt - We stopped a suspicious di Ol x Affaf Ahmad Your Account Has Been Locked - Your account has been tempo Ol x Affaf Ahmad URGENT: Password Reset Required Now - Dear User, We detect + a Ol x Whiskit Cat Food A shipment from order #8369 is on the way - Whiskit Cat Food ( Ol x Whiskit Cat Food Order #8369 confirmed - Whiskit Cat Food Order #8369 Thank Ol x Coursera Community Weekly Coursera Support & Community Digest for Google Cybe Ol wv Temu Help us protect your Temu account - Hi affaf ahmad,""" it's been n C1 x Coursera Community Weekly Coursera Support & Community Digest for Google ( 1 ?? Grammarly We updated our Privacy Policy a""""""",81,,,,,0,0.0
2025-11-29T09:52:06.419479,phishing_alert,445,466,Your Account Has Been Locked - affafahmad79@gmail.com - Gmail - Google Chrome,,,,"""""""Your Account Has Been Locked - affafahmad79@gmail.com - Gmail - Google Chrome""",0,0.009876543209876543
"""Bee ourACcountHas[Been|LOCkcC mE Simm tg en CM: METail coogle-com/mail/u/0/zogbitinbox/EMicqz@dzcp N@zixtghRXIiZpjiZera vb = [4 Gmail Q_ Search mail | ? 8a ? owl @& : 2 Compose ee Your Account Has Been Locked [inbox x) sInbox 484 xr Starred oO Affaf Ahmad <affafahmadd@gmail.com> """"""""| """"""""tome v @? = Snoozed _ E> Sent D Drafts Your account has been temporarily locked due to suspicious login at Verify your infers siapereaietaeae SSS g aaa More Verity Now: Niessen fea earn Failure to verify may cause data loss. Support Team Labels +""""""",61,,,,,,,,0,0.0
2025-11-29T10:17:10.467358,phishing_alert,827,340,Inbox (483) - affafahmad79@gmail.com - Gmail - Google Chrome,,,,"""""""Inbox (483) - affafahmad79@gmail.com - Gmail - Google Chrome""",0,0.00625
Search mail cr r 6G 3 Primary > Promotions 2 Social Apple TV ??Last chance: Save o... LinkedIn ??Updates to our terms x Affaf Ahmad HR Payroll Notification - Hi, We're updating payroll processing this month. Rev EE scr cersicrern ri tq RECRG| wv Affaf Ahmad Delivery Attempt oe See confirmation. Please sc wv Affaf Ahmad Mailbox Storage Exceeded ~ Your mailbox is full and incoming emails will be bl wv Affaf Ahmad Bank Alert: Unusual Debit Attempt - We stopped a suspicious debit of $1240. wv Affaf Ahmad Your Account Has Been Locked - Your account has been temporarily locked d xy Affaf Ahmad URGENT: Password Reset Required Now - Dear User,""" We detected unusual ac x? Whiskit Cat Food A shipment from order #8369 is on the way - Whiskit Cat Food Order #8369 Y x? Whiskit Cat Food Order #8369 confirmed ~ Whiskit Cat Food Order #8369 Thank you for your pi xv Coursera Community Weekly Coursera Support & Community Digest for Google Cybersecurity Com xv Temu Help us protect your Temu account - Hi af""""""",82,,,,,,0,0.0
2025-11-29T10:17:26.212538,phishing_alert,610,818,Weekly Coursera Support & Community Digest for Google Cybersecurity Community - affafahmad79@gmail.com - Gmail - Google Chrome,,,,"""""""Weekly Coursera Support & Community Digest for Google Cybersecurity Community - affafahmad79@gmail.com - Gmail - Google Chrome""",1,0.43703296703296707
2025-11-29T10:17:42.041497,phishing_alert,81,85,Order #7290 confirmed - affafahmad79@gmail.com - Gmail - Google Chrome,,,,"""""""Order #7290 confirmed - affafahmad79@gmail.com - Gmail - Google Chrome""",0,0.005405405405405406
| ? || 60 CtreRNentimed-dii & ae CMe METail Google;com/mail/u/0/ ogbitinbox/EMicgz@cqRDs@MbssGwdvbGdqaqd bara,""" (Googie Chroma . | 2 Compose ? 8 ? b@/|&@ @& : TT Order #7290 confirmed [inbox x) & siInbox 481 | vv Starred (2) Whiskit Cat Food <info@whiskit.com.pk> tome v @? = Snoozed CO E> Sent Drafts . . 0 Whiskit | (Purchases 25 v More Thank you Labels + We're getting y: been sent. | View your ? Order summ""""""",60,,,,,,,0,0.0
2025-11-29T10:17:58.335066,phishing_alert,475,499,Your Account Has Been Locked - affafahmad79@gmail.com - Gmail - Google Chrome,,,,"""""""Your Account Has Been Locked - affafahmad79@gmail.com - Gmail - Google Chrome""",0,0.009876543209876543
"""ee CM MEail Google-com/mail/u/0/zogbitinbox/EMfcqz@dzcp N@zixtghRXIiZpiZeravbVYy = [4 Gmail Q_ Search mail j < 8a ? owl @& : 2 Compose | rs Your Account Has Been Locked [inbox x) sInbox 481 | xr Starred oO Affaf Ahmad <affafahmadd@gmail.com> """"""""| """"""""tome v @? = Snoozed _ E> Sent D Drafts Your account has been temporarily locked due to suspicious login attem Verify your information to regain access: (Purchases 25 Verify Now: (SESzeEE Cte EER fwd fe @ ce Account Has Bom Locked tnbox x) Ahirssd) Failure to ve SERRE SP SES ELD Support Team Labels +""""""",65,,,,,,,,0,0.0
2025-11-29T10:32:34.471682,phishing_alert,0,0,URGENT: Password Reset Required Now - affafahmad79@gmail.com - Gmail - Google Chrome,,,,"""""""URGENT: Password Reset Required Now - affafahmad79@gmail.com - Gmail - Google Chrome""",0,0.043344155844155845
"""Ba Lom msi 00g us ?0 premifa/0/ 109 biter bos (4 Geral Qt Search raat NL FO tee] 2 Compoze | CE F Promotions 2 et AAA Inbo) en CMe: MEail googlecom/mail/u/0/7ogbi#inbox/EMicgz@dzcpN@zr pdGMDDGWIVI@BIVjz . | Oops... the system encountered ; = [4 Gmail Q_ Search mail _eeeerere??????em ' j < 8a ? owl @& : | 2 Compose | a URGENT: Password Reset Required Now sInbox 481 | xr Starred oO Affaf Ahmad <affafahmadd@gmail.com> """"""""| """"""""tome v @? = Snoozed _ E> Sent Dear User""", 1) Drafts We detected unusual activity on your account. Your password must! ) Purchases 25 Please verify your identity using the link below: ??More htip://example-phish.test/reset Failure to act within 24 hours may result in permanent account susp Labels + Thank you,""" Security Team""""""",63,,,,,,0,0.0
2025-11-29T10:33:24.939750,phishing_alert,0,0,URGENT: Password Reset Required Now - affafahmad79@gmail.com - Gmail - Google Chrome,,,,"""""""URGENT: Password Reset Required Now - affafahmad79@gmail.com - Gmail - Google Chrome""",0,0.043344155844155845
"""Sa eee <<< en CMe: MEail googlecom/mail/u/0/7ogbi#inbox/EMicgz@dzcpN@zr pdGMDDGWIVI@BIVjz = [4 Gmail Q_ Search mail ' j < a ? wl @ i: | 2 Compose | Oo URGENT: Password Reset Required Now sInbox 481 | xr Starred oO Affaf Ahmad <affafahmadd@gmail.com> """"""""| """"""""tome v @? = Snoozed _ E> Sent Dear User""", 1) Drafts We detected unusual activity on your account. Your password must! ) Purchases 25 Please verify your identity using the link below: ? More htip://example-phish.test/reset Failure to act within 24 hours may result in permanent account susp Labels + Thank you,""" Security Team""""""",71,,,,,,0,0.0
2025-11-29T12:36:32.152098,snapshot,0,0,Emergency Request for Flood Relief Fund - affafahmad79@gmail.com - Gmail - Google Chrome,,,,"cence. | (9% || 60 CnagemyRaquatter oad 8 > en CMe: MEail googlecom/mail/u/0/:ogbitinbox/EMicgz@dzcpNbZgicpx@SWdByIxWXd Wilf = [4 Gmail Q_ Search mail ' j < 8a ? owl @& : | 2 Compose | OO Emergency Request for Flood Relief Fun & siInbox 481 | 9g Y q xx Starred (2) Affaf Ahmad <affafahmadd@gmail.com> tome ~ @? = Snoozed CO E> Sent From: helpcenter@globalhelp-relief.net Ci Drafts Dear Friend, We are raising urgent donations for families affected by recent flood: (Purchases 25 Even a small amount helps. Make your secure donation here: v More Y Donate Now: hitp://globalhelp-relief.net/donate Thank you for your kindness. Labels +",0,0.00838607594936709
2025-11-29T12:36:35.185911,snapshot,0,0,Inbox (481) - affafahmad79@gmail.com - Gmail - Google Chrome,,,,"(c=. = a es Patfafahmed79@ grea come Grail ? Google Chrome , MET OCREIR pcerice: | O% [CO CnagemyRoquatter ond 8> en Ci: MEna) ON , Saar eS nutans 7 om mall:googie.com/mail/u/O/2ogbl#inbox = [4 Gmail Q_ Search mail ' | O-~ ?c i: | 2 Compose | Ee F Promotions Pp te AA, [Inbox Agi i rimary S Apple TV ??Last chance: Sav yr Starred 20) + Affaf Anmad IT Helpdesk: New Security Up ? Snoozed Ol vw Affaf Anmad Emergency Request for Flood Sent e Ol x Affaf Ahmad Congratulations! You Are Shor C1 Drafts ??arwrimri2 Affaf Ahmad New Invoice #4482 Due Imme (Purchases 25 OU * Y??More O) x Affaf Anmad Alert: Unusual Transaction Att Ol x Affaf Ahmad Subject: Urgent: Your Account Labels fe Ol x Affaf Ahmad HR Payroll Notification - Hi, W Ol vw Affaf Anmad Delivery Attempt Failed - A pa Ol x Affaf Ahmad Mailbox Storage Exceeded - ? Ol x Affaf Ahmad Bank Alert: Unusual Debit Atte Ol x Affaf Ahmad Your Account Has Been Locke [1 wH* Affaf Ahmad URGENT: Password Reset Rec",1,0.4724235224235225
2025-11-29T12:36:37.743709,snapshot,0,0,IT Helpdesk: New Security Update Required - affafahmad79@gmail.com - Gmail - Google Chrome,,,,"Ba Chromes MET OCROR poence: | O% ICO CaagemyRoquatter ond 8> en) ON (Gc Mina) ONS Sar eS nutans 7 om irelibg 00g se com resllA0/209 ee CMe: Mail googlecom/mail/u/0/ogbitinbox/EMicgz@dzcpNbzZgtgswZimllbIq@tVSIE = [4 Gmail Q_ Search mail ' j < 8a ? owl @& : | 2 Compose | es IT Helpdesk: New Security Update Requi & siInbox 481 | p y UP q xx Starred (2) Affaf Ahmad <affafahmadd@gmail.com> tome v @? = Snoozed CO E> Sent From: it-helpdesk@companytech-security.net Ci Drafts Hello Employee, We detected outdated software on your workstation. (Purchases 25 Install the required patch immediately: v More $& Install Patch: http://companytech-secureupdates.nevinstall Failure to comply will cause system lockout. Labels + IT Admin Team",1,0.4392563600782779
2025-11-29T12:36:40.102753,snapshot,0,0,IT Helpdesk: New Security Update Required - affafahmad79@gmail.com - Gmail - Google Chrome,,,,"- OGRE}, Ba Crromes MEL OCROR poerice: | KO; ON CET OI ESE TD eaten BEE lecom/mail/u/O/zoabizinbox/ EM icqzOdzepNbZatgSwZimlblo@itvsie = [4 Gmail Q_ Search mail ' j < 8a ? owl @& : | 2 Compose | es IT Helpdesk: New Security Update Requi & siInbox 481 | p y UP q xx Starred (2) Affaf Ahmad <affafahmadd@gmail.com> tome v @? = Snoozed CO E> Sent From: it-helpdesk@companytech-security.net Ci Drafts Hello Employee, We detected outdated software on your workstation. (Purchases 25 Install the required patch immediately: v More $& Install Patch: http://companytech-secureupdates.nevinstall Failure to comply will cause system lockout. Labels + IT Admin Team",1,0.44049803407601573
2025-11-29T12:36:42.279254,snapshot,0,0,IT Helpdesk: New Security Update Required - affafahmad79@gmail.com - Gmail - Google Chrome,,,,"| [e aS New Secumy Updsiepequvcda Gh: $3 db _ pcom/mail/u/O/2ogblzinbox/EMfcgz@dzcpNbZgtgswZimlblq@jtVsis = [4 Gmail Q_ Search mail ' | ??@ ? 8 |S @: | 2 Compose | es IT Helpdesk: New Security Update Requi & siInbox 481 | p yvp 2 | xx Starred (2) Affaf Ahmad <affafahmadd@gmail.com> tome v @? = Snoozed CO E> Sent From: it-helpdesk@companytech-security.net 1) Drafts Hello Employee, We detected outdated software on your workstation. f] Purchases 25 Install the required patch immediately: v More $& Install Patch: http://companytech-secureupdates.nevinstall Failure to comply will cause system lockout. Labels + IT Admin Team",1,0.43639890460976727
2025-11-29T12:36:44.698940,snapshot,0,0,IT Helpdesk: New Security Update Required - affafahmad79@gmail.com - Gmail - Google Chrome,,,,"| | eee ET Hk & BT OCR G76). | Se oS New Secu miy, pasacpequvcd a Gis cba OS > =ommmall:googie.com/mail/u/0/7ogbl#inbox/EMfcgzOdzcpNbZgtgSwZimllpIq@jtvsis = [4 Gmail Q_ Search mail ' j < 8a ? owl @& : | 2 Compose | es IT Helpdesk: New Security Update Requi & siInbox 481 | p yvp 2 | xx Starred (2) Affaf Ahmad <affafahmadd@gmail.com> tome v @? = Snoozed CO E> Sent From: it-helpdesk@companytech-security.net 1) Drafts Hello Employee, We detected outdated software on your workstation. (Purchases 25 Install the required patch immediately: v More $& Install Patch: http://companytech-secureupdates.nevinstall Failure to comply will cause system lockout. Labels + IT Admin Team",1,0.4374603174603175
2025-11-29T12:36:47.095223,snapshot,0,0,IT Helpdesk: New Security Update Required - affafahmad79@gmail.com - Gmail - Google Chrome,,,,"| [e ree oy. ida 93 db | 0 bite box /PiegzOd epNbZg 19S: pire jr Grea ON Search rod) _ e.com/mall/u/O/2ogbitinbox/EMicgz@azcpNoZgtgSwZimURIqQjtvs Grsateaer i ? ymail/u/O/20gbi#inbox,EMicgz@dzcpNbZgtgSwZimllpiq@itvsia = [4 Gmail Q_ Search mail ' j < 8a ? owl @& : | 2 Compose | es IT Helpdesk: New Security Update Requi & siInbox 481 | p yvp 2 | xx Starred (2) Affaf Ahmad <affafahmadd@gmail.com> tome v @? = Snoozed CO E> Sent From: it-helpdesk@companytech-security.net 1) Drafts Hello Employee, We detected outdated software on your workstation. (Purchases 25 Install the required patch immediately: v More $& Install Patch: http://companytech-secureupdates.nevinstall Failure to comply will cause system lockout. Labels + IT Admin Team",1,0.43725528203140146
2025-11-29T12:36:49.608931,snapshot,0,0,IT Helpdesk: New Security Update Required - affafahmad79@gmail.com - Gmail - Google Chrome,,,,"| Hee BETOCR EIN) I feree oy eda 3 db] 0 bere box /PiegzOd epNb7g 19S: pare pr Se | a eeraeae epNol gts Sw Zand RigQivs CRS NEN IND aoe ecom/mail/u/O/2ogblzinbox/EMfegz@dzcpNbZgtgswZimlpIq@jtVSis = [4 Gmail Q_ Search mail ' j < 8a ? owl @& : | 2 Compose | es IT Helpdesk: New Security Update Requi & siInbox 481 | p yvp 2 | xx Starred (2) Affaf Ahmad <affafahmadd@gmail.com> tome v @? = Snoozed CO E> Sent From: it-helpdesk@companytech-security.net Ci Drafts Hello Employee, We detected outdated software on your workstation. f] Purchases 25 Install the required patch immediately: v More $& Install Patch: http://companytech-secureupdates.nevinstall Failure to comply will cause system lockout. Labels + IT Admin Team",1,0.4391563867886988
2025-11-29T12:36:52.082566,snapshot,0,0,IT Helpdesk: New Security Update Required - affafahmad79@gmail.com - Gmail - Google Chrome,,,,"| (aE ik 8 Be (CCRBARY | Hos 0 ETOCR ENN Fesos oy oda db) Oberebox (MeqrOd Se Soret Yr =ommmallgoogie.com/mail/u/0/7ogbl#inbox/EMfcgzOdzcpNbZgtgSwZimllpIq@jtvsis = [4 Gmail Q_ Search mail ' j < 8a ? owl @& : | 2 Compose | es IT Helpdesk: New Security Update Requi & siInbox 481 | p y UP q xx Starred (2) Affaf Ahmad <affafahmadd@gmail.com> tome v @? = Snoozed CO E> Sent From: it-helpdesk@companytech-security.net Ci Drafts Hello Employee, We detected outdated software on your workstation. (Purchases 25 Install the required patch immediately: v More $& Install Patch: http://companytech-secureupdates.nevinstall Failure to comply will cause system lockout. Labels + IT Admin Team",1,0.4391441157960982
2025-11-29T12:36:54.646623,snapshot,0,0,Inbox (481) - affafahmad79@gmail.com - Gmail - Google Chrome,,,,"| Rees Ren sec pare hoereay a $3 | hb | eer Ges _ rcom/mail/U/0/20gbi#tinbox = [4 Gmail Q_ Search mail ' | O-~ ?c i: | 2 Compose | Ee F Promotions (Primary eS _??€?€?[Inbox Agi Apple TV ??Last chance: Sav yr Starred CO x Affaf Anmad IT Helpdesk: New Security Up ? Snoozed Ol vw Affaf Anmad Emergency Request for Flood Sent e Ol x Affaf Ahmad Congratulations! You Are Shor C1 Drafts ??arwrimri2 Affaf Ahmad New Invoice #4482 Due Imme (Purchases 25 OU * Y??More O) x Affaf Anmad Alert: Unusual Transaction Att Ol x Affaf Ahmad Subject: Urgent: Your Account Labels fe Ol x Affaf Ahmad HR Payroll Notification - Hi, W Ol vw Affaf Anmad Delivery Attempt Failed - A pa Ol x Affaf Ahmad Mailbox Storage Exceeded - ? 0 x Affaf Anmad Bank Alert: Unusual Debit Atte Ol x Affaf Ahmad Your Account Has Been Locke [1 wH* Affaf Ahmad URGENT: Password Reset Rec",1,0.47180006754474846
2025-11-29T12:36:56.985772,phishing_alert,0,0,URGENT: Password Reset Required Now - affafahmad79@gmail.com - Gmail - Google Chrome,,,,"URGENT: Password Reset Required Now - affafahmad79@gmail.com - Gmail - Google Chrome
| Go a eTey p & ?6 iE [Compose] Ce ? Promotions Orstesy (Seamer Pnbox Age App en CMe: MEail googlecom/mail/u/0/7ogbi#inbox/EMicgz@dzcpN@zr pdGMDDGWIVI@BIVjz = [4 Gmail Q_ Search mail ' j < a ? wl @ i: | 2 Compose | Oo URGENT: Password Reset Required Now sInbox 481 | xr Starred oO Affaf Ahmad <affafahmadd@gmail.com> ""| ""tome v @? = Snoozed _ E> Sent Dear User, 1) Drafts We detected unusual activity on your account. Your password must! ) Purchases 25 Please verify your identity using the link below: ? More htip://example-phish.test/reset Failure to act within 24 hours may result in permanent account susp Labels + Thank you, Security Team",1,0.8679945054945055
2025-11-29T12:36:56.986373,snapshot,0,0,URGENT: Password Reset Required Now - affafahmad79@gmail.com - Gmail - Google Chrome,,,,"| Go a eTey p & ?6 iE [Compose] Ce ? Promotions Orstesy (Seamer Pnbox Age App en CMe: MEail googlecom/mail/u/0/7ogbi#inbox/EMicgz@dzcpN@zr pdGMDDGWIVI@BIVjz = [4 Gmail Q_ Search mail ' j < a ? wl @ i: | 2 Compose | Oo URGENT: Password Reset Required Now sInbox 481 | xr Starred oO Affaf Ahmad <affafahmadd@gmail.com> ""| ""tome v @? = Snoozed _ E> Sent Dear User, 1) Drafts We detected unusual activity on your account. Your password must! ) Purchases 25 Please verify your identity using the link below: ? More htip://example-phish.test/reset Failure to act within 24 hours may result in permanent account susp Labels + Thank you, Security Team",1,0.8674072428349257
2025-11-29T12:36:59.150386,snapshot,0,0,URGENT: Password Reset Required Now - affafahmad79@gmail.com - Gmail - Google Chrome,,,,"| ES Peep 88 fatfafehiad79@ qimalcone Grail 2 Googic Chroma) \ BI LOCREGRET Cova cTey p.2-6ie [Compose] Cet promotems Orstesy NS Cramer Pnbox Age Ape en Ove Mend] 9 & Phishing Alert - oOo x jpeeMbDaNnoRDYy: _ iThisyemailllookstsuspicious!) Be careful before clicking any links. Consider contacting IT or the sender, , fm : a URGENT: Password Reset Required Now sInbox 481 | xx Starred oO Affaf Ahmad <affafahmadd@gmail.com> ""| ""tome v @? = Snoozed _ E> Sent Dear User, 1) Drafts We detected unusual activity on your account. Your password must! ) Purchases 25 Please verify your identity using the link below: ??More htip://example-phish.test/reset Failure to act within 24 hours may result in permanent account susp Labels + Thank you, Security Team",1,0.8671428571428572
2025-11-29T12:37:00.884136,snapshot,0,0,tk,,,,"ROR URGINT: Pomemcr Reet hoqured Nore : im 8 |} Garay OORT ESR OED Doge 7 =ommmall:googie.com/mail/u/0/zogbl#inbox/EMfcgz@dzcpN@zrpdGMDDGWIVIOBLV jz = [4 Gmail Q_ Search mail ' j < a ? wl @ i: | 2 Compose | Oo URGENT: Password Reset Required Now sInbox 481 | xr Starred oO Affaf Ahmad <affafahmadd@gmail.com> ""| ""tome v @? = Snoozed _ E> Sent Dear User, 1) Drafts We detected unusual activity on your account. Your password must! ) Purchases 25 Please verify your identity using the link below: ? More htip://example-phish.test/reset Failure to act within 24 hours may result in permanent account susp Labels + Thank you, Security Team",1,0.8691113610798651
2025-11-29T12:37:02.473240,snapshot,0,0,tk,,,,"Ca ; mn $80} Sa oor 7 om mall:googiecom/mail/u/0/zogbl#inbox/EMfcgz@dzcpN@zrpdGMbDGWIVIOBLV jz = [4 Gmail Q_ Search mail ' j < 8a ? owl @& : | 2 Compose | Oo URGENT: Password Reset Required Now sInbox 481 | xx Starred oO Affaf Ahmad <affafahmadd@gmail.com> ""| ""tome v @? = Snoozed _ E> Sent Dear User, 1) Drafts We detected unusual activity on your account. Your password must! ) Purchases 25 Please verify your identity using the link below: ??More htip://example-phish.test/reset Failure to act within 24 hours may result in permanent account susp Labels + Thank you, Security Team",1,0.8662337662337662
2025-11-29T12:37:04.159127,snapshot,0,0,tk,,,,"Cre : an 88} frais oog mem reaaa OH pgbWnbostMiog: @dicpN 2 z7pd BOG) 7 om mall: googie.com/mail/u/0/2ogbl#inbox/EMfcgz@dzcpN@zrpdGMDDGWIVIOBLV jz = [4 Gmail Q_ Search mail ' j < 8a ? owl @& : | 2 Compose | Oo URGENT: Password Reset Required Now sInbox 481 | xx Starred oO Affaf Ahmad <affafahmadd@gmail.com> ""| ""tome v @? = Snoozed _ E> Sent Dear User, 1) Drafts We detected unusual activity on your account. Your password must! ) Purchases 25 Please verify your identity using the link below: ??More htip://example-phish.test/reset Failure to act within 24 hours may result in permanent account susp Labels + Thank you, Security Team",1,0.8667491563554557
2025-11-29T12:37:05.957070,snapshot,0,0,tk,,,,"Cre . : wy $38 > OCRESN | Cre san 88} fraet 00g mem rexxs OH pgb\Wnbost ing GdkoN 2z7pd BOC om nally a EIT) 7 om mall:googie.com/mail/u/0/2ogbl#inbox/EMfcgz@dzcpN@zrpdGMDDGWIVIOBLV jz = [4 Gmail Q_ Search mail ' j < 8a ? owl @& : | 2 Compose | a URGENT: Password Reset Required Now sInbox 481 | xr Starred oO Affaf Ahmad <affafahmadd@gmail.com> ""| ""tome v @? = Snoozed _ E> Sent Dear User, 1) Drafts We detected unusual activity on your account. Your password must! ) Purchases 25 Please verify your identity using the link below: ??More htip://example-phish.test/reset Failure to act within 24 hours may result in permanent account susp Labels + Thank you, Security Team",1,0.8675750479029168
2025-11-29T12:37:07.740713,snapshot,0,0,tk,,,,"recy 538 OGL | Caner Oh freer Oost nr 88 ow Serer SHAT ECCOSRENS OTT pobsoes comimrmau/d/2oqbitn boa/eitieg: @ d rep @ z1pdGVDOG} a7 om mall:googiecom/mail/u/0/zogbl#inbox/EMfcgz@dzcpN@zrpdGMDDGWIVIOBLV jz = [4 Gmail Q_ Search mail ' j < 8a ? owl @& : | 2 Compose | Oo URGENT: Password Reset Required Now sInbox 481 | xx Starred oO Affaf Ahmad <affafahmadd@gmail.com> ""| ""tome v @? = Snoozed _ E> Sent Dear User, 1) Drafts We detected unusual activity on your account. Your password must! ) Purchases 25 Please verify your identity using the link below: ??More htip://example-phish.test/reset Failure to act within 24 hours may result in permanent account susp Labels + Thank you, Security Team",1,0.868670234664471
2025-11-29T12:37:09.523964,snapshot,0,0,tk,,,,"[ora : UIE (OCREZS) recy, 538 OGL | Canes Oh frors Cost nx 88 ow Seret SHAT) a na Teor 7 =ommmall:googie.com/mail/u/0/2ogbl#inbox/EMicgz@dzcpN@zrpdGMDDGWIVIOBLV jz = [4 Gmail Q_ Search mail ' | ? @ ? 8 |S @: | 2 Compose | a URGENT: Password Reset Required Now sInbox 481 | xr Starred oO Affaf Ahmad <affafahmadd@gmail.com> ""| ""tome v @? = Snoozed _ E> Sent Dear User, 1) Drafts We detected unusual activity on your account. Your password must! ) Purchases 25 Please verify your identity using the link below: ??More htip://example-phish.test/reset Failure to act within 24 hours may result in permanent account susp Labels + Thank you, Security Team",1,0.8683909311027955
2025-11-29T12:37:11.205444,snapshot,0,0,tk,,,,"So ; ym S&S ae CEES 7 om mall:googie.com/mail/u/0/2ogbl#inbox/EMfcgz@dzcpN@zrpdGMbDGWIVIOBLV jz = [4 Gmail Q_ Search mail ' j < 8a ? owl @& : | 2 Compose | Oo URGENT: Password Reset Required Now sInbox 481 | xx Starred oO Affaf Ahmad <affafahmadd@gmail.com> ""| ""tome v @? = Snoozed _ E> Sent Dear User, 1) Drafts We detected unusual activity on your account. Your password must! ) Purchases 25 Please verify your identity using the link below: ??More htip://example-phish.test/reset Failure to act within 24 hours may result in permanent account susp Labels + Thank you, Security Team",1,0.8670743639921723
2025-11-29T12:37:12.868126,snapshot,0,0,tk,,,,"So : ym S&S 7 om mall:googie.com/mail/u/0/2ogbl#inbox/EMfcgz@dzcpN@zrpdGMbDGWIVIOBLV jz = [4 Gmail Q_ Search mail ' j < 8a ? owl @& : | 2 Compose | Oo URGENT: Password Reset Required Now sInbox 481 | xx Starred oO Affaf Ahmad <affafahmadd@gmail.com> ""| ""tome v @? = Snoozed _ E> Sent Dear User, 1) Drafts We detected unusual activity on your account. Your password must! ) Purchases 25 Please verify your identity using the link below: ??More htip://example-phish.test/reset Failure to act within 24 hours may result in permanent account susp Labels + Thank you, Security Team",1,0.8665178571428572
2025-11-29T12:37:14.669008,snapshot,0,0,tk,,,,"[ora : ym S&S 7 n-cMElniall.googie.com/mail/u/0/2ogbizinbox/EMicgz@dzcpN@zrpdGMDDEWIVI@BLV jz = [4 Gmail Q_ Search mail ' j < 8a ? owl @& : | 2 Compose | a URGENT: Password Reset Required Now sInbox 481 | xr Starred oO Affaf Ahmad <affafahmadd@gmail.com> ""| ""tome v @? = Snoozed _ E> Sent Dear User, 1) Drafts We detected unusual activity on your account. Your password must! ) Purchases 25 Please verify your identity using the link below: ??More htip://example-phish.test/reset Failure to act within 24 hours may result in permanent account susp Labels + Thank you, Security Team",1,0.8664371772805508
2025-11-29T12:37:17.634559,snapshot,0,0,Inbox (481) - affafahmad79@gmail.com - Gmail - Google Chrome,,,,"| (ee ; jy 8 Ot Be [isch foinedltg cogmacory ma uAY/20q bermnbox/D cg 2 dzcpN GO =7pdG Se a om mall:googie.com/mail/u/O/zogbl#inbox = [4 Gmail Q_ Search mail ' | O-~ ?c i: | 2 Compose | Ee F Promotions Pp te AA, [Inbox Agi i rimary S Apple TV ??Last chance: Sav yr Starred CO x Affaf Anmad IT Helpdesk: New Security Up ? Snoozed Ol vw Affaf Anmad Emergency Request for Flood Sent e Ol x Affaf Ahmad Congratulations! You Are Shor C1 Drafts ??arwrimri2 Affaf Ahmad New Invoice #4482 Due Imme (Purchases 25 anal ??Y??More O) x Affaf Anmad Alert: Unusual Transaction Att Ol x Affaf Ahmad Subject: Urgent: Your Account Labels fe Ol x Affaf Ahmad HR Payroll Notification - Hi, W Ol vw Affaf Anmad Delivery Attempt Failed - A pa Ol x Affaf Ahmad Mailbox Storage Exceeded - ? Ol x Affaf Ahmad Bank Alert: Unusual Debit Atte Ol x Affaf Ahmad Your Account Has Been Locke [1 wH* Affaf Ahmad URGENT: Password Reset Rec",1,0.47171239356669825
2025-11-29T12:37:20.565806,snapshot,0,0,Inbox (481) - affafahmad79@gmail.com - Gmail - Google Chrome,,,,"= ? = OCREAN YI Fos 17 8 Or Be bach, fosieditg cogmmcory 1x3 UAY/20q) , Bil | Gesmnbou/D eg 2 diepN G02 1 pdG Saa om co om mall:googie.com/mail/u/O/zogbl#inbox = [4 Gmail Q. Search mail ' | O-~ ?c i: | 2 Compose | . ~ O vw Affaf Anmad New Invoice #4482 Due Imme ? Inbox 481 ; OO Ol x Affaf Ahmad Alert: Unusual Transaction Att vr Starred a ? Snoozed Ol x Affaf Ahmad Subject: Urgent: Your Account f> Sent Ol vw Affaf Anmad HR Payroll Notification - Hi, W D Drafts O x Affaf Anmad Delivery Attempt Failed - A pa | Purchases 25 : Ol x Affaf Ahmad Mailbox Storage Exceeded - ? vy More a Ol x Affaf Ahmad Bank Alert: Unusual Debit Atte Labels + Ol x Affaf Ahmad Your Account Has Been Locke Ol x Affaf Ahmad URGENT: Password Reset Rec Ol x Whiskit Cat Food A shipment from order #8369 Ol x Whiskit Cat Food Order #8369 confirmed - Whi: Ol x Coursera Community Weekly Coursera Support & C 0 x Temu Help us protect your Temu act",0,0.04268652086241663
2025-11-29T12:37:22.944653,snapshot,0,0,Your Account Has Been Locked - affafahmad79@gmail.com - Gmail - Google Chrome,,,,"OCREGK aes OCREAN Yi Fos 17 8 Or Be bachy fomedig cogmmcory] _ | RETIN ee PRI ISIC ST en CM: METail coogle-com/mail/u/0/zogbitinbox/EMicqz@dzcp N@zixtghRXIiZpjiZera vb = [4 Gmail Q_ Search mail ' j < 8a ? owl @& : | 2 Compose | ??Your Account Has Been Locked [tnbox x) sInbox 481 | yx Starred oO Affaf Ahmad <affafahmadd@gmail.com> ""| ""tome v @? = Snoozed ~ E> Sent D Drafts Your account has been temporarily locked due to suspicious login at Verify your information to regain access: (Purchases 25 Verify Now: http://example-phish.test/verify v More Failure to verify may cause data loss. Support Team Labels +",0,0.011783960720130934
2025-11-29T12:37:25.074643,snapshot,0,0,Your Account Has Been Locked - affafahmad79@gmail.com - Gmail - Google Chrome,,,,"(Grail Googie Chrome) , | (oemien mater meee le-com/mail/U/0/?ogbl#inbox/EMicqz@dzcpN@zrxfghRXiZpjZBrqVbV = [4 Gmail Q_ Search mail ' j < 8a ? owl @& : | 2 Compose | ??Your Account Has Been Locked [tnbox x) sInbox 481 | yx Starred oO Affaf Ahmad <affafahmadd@gmail.com> ""| ""tome v @? = Snoozed ~ E> Sent D Drafts Your account has been temporarily locked due to suspicious login at Verify your information to regain access: (Purchases 25 Verify Now: http://example-phish.test/verify v More Failure to verify may cause data loss. Support Team Labels +",0,0.007832422586520947
2025-11-29T12:37:27.784154,snapshot,0,0,Your Account Has Been Locked - affafahmad79@gmail.com - Gmail - Google Chrome,,,,"(Grade Googie Chrome) \ BE TOCR OX) tradi Googie Chrome) | (oesrmen mater mene) Se See Gam a rcom/mail/u/0/2ogbi#tinbox/EMicgz@dzcpN@zrxtghRXtZpjZPrqVbV = [4 Gmail Q_ Search mail ' j < 8a ? owl @& : | 2 Compose | eS Your Account Has Been Locked [inbox x) sInbox 481 | yx Starred oO Affaf Ahmad <affafahmadd@gmail.com> ""| ""tome v @? = Snoozed ~ E> Sent D Drafts Your account has been temporarily locked due to suspicious login at Verify your information to regain access: (Purchases 25 Verify Now: http://example-phish.test/verify v More Failure to verify may cause data loss. Support Team Labels +",0,0.009380234505862646
2025-11-29T12:37:30.238796,snapshot,0,0,Your Account Has Been Locked - affafahmad79@gmail.com - Gmail - Google Chrome,,,,"(Grail Googie Chrome) \ | See EpNG@ rxtghRXtZpycPrqvbv) eS % pcom/meail/u/O/2ogblzinbox/EMfcqz@dzcpN@zrxtghRxXIZpjZPrqV by, = [4 Gmail Q_ Search mail ' j < 8a ? owl @& : | 2 Compose | ??Your Account Has Been Locked [tnbox x) sInbox 481 | yx Starred oO Affaf Ahmad <affafahmadd@gmail.com> ""| ""tome v @? = Snoozed ~ E> Sent D Drafts Your account has been temporarily locked due to suspicious login at Verify your information to regain access: (Purchases 25 Verify Now: http://example-phish.test/verify v More Failure to verify may cause data loss. Support Team Labels +",0,0.009171075837742505
2025-11-29T12:37:32.371875,snapshot,0,0,Your Account Has Been Locked - affafahmad79@gmail.com - Gmail - Google Chrome,,,,"ol ??(Grade Googie Chrome) \ Bee emai a eee ne comm COTM Mal/07/0)2 OODIZINDOX/EMcaz OdzcpNOZXtONRXIZDIZPrqVDY| = [4 Gmail Q_ Search mail ' j < 8a ? owl @& : | 2 Compose | eS Your Account Has Been Locked [inbox x) sInbox 481 | yx Starred oO Affaf Ahmad <affafahmadd@gmail.com> ""| ""tome v @? = Snoozed ~ E> Sent D Drafts Your account has been temporarily locked due to suspicious login at Verify your information to regain access: (Purchases 25 Verify Now: http://example-phish.test/verify v More Failure to verify may cause data loss. Support Team Labels +",0,0.012410071942446045
2025-11-29T12:37:34.507541,snapshot,0,0,Your Account Has Been Locked - affafahmad79@gmail.com - Gmail - Google Chrome,,,,"(Grail Googie Chrome) \ | erase RIZOIZAraVOY) = [4 Corea QUSecurch Maske 83 ?) Gunton i le??om/mail/u/0/20gbl#inbox/EMtcqz@dzcpNO@zrxfghRXZpjZBrqVbV) = [4 Gmail Q_ Search mail ' j < 8a ? owl @& : | 2 Compose | a Your Account Has Been Locked [tnbox x) sInbox 481 | xx Starred oO Affaf Ahmad <affafahmadd@gmail.com> ""| ""tome v @? = Snoozed _ E> Sent D Drafts Your account has been temporarily locked due to suspicious login at Verify your information to regain access: (Purchases 25 Verify Now: http://example-phish.test/verify v More Failure to verify may cause data loss. Support Team Labels +",0,0.009949409780775718
2025-11-29T12:37:36.579568,snapshot,0,0,Your Account Has Been Locked - affafahmad79@gmail.com - Gmail - Google Chrome,,,,"(Grail Googie Chrome) \ , CLEA SEH ~~. pcom/meail/u/O/2ogblzinbox/EMfcqz@dzcpN@zrxtghRxXIZpjZPrqV by, = [4 Gmail Q_ Search mail ' j ??@ ? 8 |S @: | 2 Compose | ??Your Account Has Been Locked [tnbox x) sInbox 481 | yx Starred oO Affaf Ahmad <affafahmadd@gmail.com> ""| ""tome v @? = Snoozed ~ E> Sent D Drafts Your account has been temporarily locked due to suspicious login at Verify your information to regain access: (Purchases 25 Verify Now: http://example-phish.test/verify v More Failure to verify may cause data loss. Support Team Labels +",0,0.009392265193370166
2025-11-29T12:37:38.194065,snapshot,0,0,tk,,,,"(Goren Googie Chrome) OCRESR}. (Grell Googie Chrome) \y CLEA SOHN iiceount a) meee e-com/mail/U/0/?ogbi#inbox/EMicgz@dzcpNO@zrxfghRXTZpjZBrqVbV = [4 Gmail Q_ Search mail ' j < 8a ? owl @& : | 2 Compose | ??Your Account Has Been Locked [tnbox x) sInbox 481 | yx Starred oO Affaf Ahmad <affafahmadd@gmail.com> ""| ""tome v @? = Snoozed ~ E> Sent D Drafts Your account has been temporarily locked due to suspicious login at Verify your information to regain access: (Purchases 25 Verify Now: http://example-phish.test/verify v More Failure to verify may cause data loss. Support Team Labels +",0,0.010562180579216355
2025-11-29T12:37:40.754675,snapshot,0,0,Your Account Has Been Locked - affafahmad79@gmail.com - Gmail - Google Chrome,,,,"??€?€?€? _ BI ICLEA SOUN acount a) mond) Se : comfra/U Kyzoguetmbos/Ovaogz @dicpNO zrxighhXIZpsZBrqVb) = Grad QU Secwch ran} oe 03, ? o 5 . Yr om mall:googie.com/mail/u/0/zogbl#inbox/EMfcgzOdzcpN@zrxtghRXIZpjZPrqVbV, = [4 Gmail Q. Search mail ' j < 8a ? owl @& : | 2 Compose | eS Your Account Has Been Locked [inbox x) sInbox 481 | yx Starred oO Affaf Ahmad <affafahmadd@gmail.com> ""| ""tome v @? = Snoozed ~ E> Sent D Drafts Your account has been temporarily locked due to suspicious login at Verify your information to regain access: (Purchases 25 Verify Now: http://example-phish.test/verify v More Failure to verify may cause data loss. Support Team Labels +",0,0.01059001512859304
2025-11-29T12:37:43.192978,snapshot,0,0,Inbox (481) - affafahmad79@gmail.com - Gmail - Google Chrome,,,,", Bea oer caren aed int meee |e-com/mail/u/O/2ogbl#inbox = [4 Gmail Q. Search mail ' j O-~ ?c i: | 2 Compose | ~ ~ O vw Affaf Anmad New Invoice #4482 Due Imme & siInbox 481 | : ee Ol vw Affaf Anmad Alert: Unusual Transaction Att vv Starred ss ? Snoozed Ol vw Affaf Anmad Subject: Urgent: Your Account f> Sent Ol vw Affaf Anmad HR Payroll Notification - Hi, W D) Drafts O x Affaf Ahmad Delivery Attempt Failed - A pa (Purchases 25 : Ol vw Affaf Anmad Mailbox Storage Exceeded - \ v More 0 x Affaf Anmad Bank Alert: Unusual Debit Atte Labels + Ol vw Affaf Anmad Your Account Has Been Locke Ol x Affaf Ahmad URGENT: Password Reset Rec Ol x Whiskit Cat Food A shipment from order #8369 Ol x Whiskit Cat Food Order #8369 confirmed - Whi Ol x Coursera Community Weekly Coursera Support & C Ol wv Temu Help us protect your Temu act",0,0.041678224687933425
2025-11-29T12:37:45.259943,snapshot,0,0,Bank Alert: Unusual Debit Attempt - affafahmad79@gmail.com - Gmail - Google Chrome,,,,"== sss eee ? en CMe: METail Google-com/mail/u/0/:ogbitinbox/EMicgz@dzcpNRIpLVvhGpmLWazbiGtid = [4 Gmail Q_ Search mail ' j < 8a ? owl @& : | 2 Compose | ?? mbox er Bank Alert: Unusual Debit Attempt [Inbox x xx Starred oO Affaf Ahmad <affafahmadd@gmail.com> tome v @? = Snoozed E> Sent We stopped a suspicious debit of $1,240.00 from your account. al Drafts Confirm that this transaction is yours: | Purchases 25 Confirm Transaction > ??More htip://example-phish.test/bank-check If not verified, your card may be disabled. Labels +",0,0.03668463611859838
2025-11-29T12:37:47.334535,snapshot,0,0,Bank Alert: Unusual Debit Attempt - affafahmad79@gmail.com - Gmail - Google Chrome,,,,"| a en 53 & : | ~ ~com/mail/u/O/2ogbl#inbox/EMfcgz@dzcpNRplVvhGpmLWagzDiGtld = [4 Gmail Q_ Search mail ' j < 8a ? owl @& : | 2 Compose | OO Bank Alert: Unusual Debit Attempt [Inbox x sInbox 481 | xx Starred oO Affaf Ahmad <affafahmadd@gmail.com> tome v @? = Snoozed E> Sent We stopped a suspicious debit of $1,240.00 from your account. al Drafts Confirm that this transaction is yours: | Purchases 25 Confirm Transaction > ??More htip://example-phish.test/bank-check If not verified, your card may be disabled. Labels +",0,0.0362785576658409
2025-11-29T12:37:49.609010,snapshot,0,0,Bank Alert: Unusual Debit Attempt - affafahmad79@gmail.com - Gmail - Google Chrome,,,,"| a en 53 & : _| CECE Oey} Ne | ??~com/mail/u/O/2ogbl#inbox/EMfcgz@dzcpNRplVvhGpmLWagzDiGtld = [4 Gmail Q_ Search mail ' | ? ? ? B/S @ : | 2 Compose | ?? mbox er Bank Alert: Unusual Debit Attempt [Inbox x nbox xx Starred oO Affaf Ahmad <affafahmadd@gmail.com> tome v @? = Snoozed E> Sent We stopped a suspicious debit of $1,240.00 from your account. al Drafts Confirm that this transaction is yours: | Purchases 25 Confirm Transaction > ??More htip://example-phish.test/bank-check If not verified, your card may be disabled. Labels +",0,0.03701420530688823
2025-11-29T12:37:51.716312,snapshot,0,0,Bank Alert: Unusual Debit Attempt - affafahmad79@gmail.com - Gmail - Google Chrome,,,,"| a en 53 & : | Gairenther ??~com/mail/u/O/2ogbl#inbox/EMfcgz@dzcpNRplVvhGpmLWagzDiGtld = [4 Gmail Q_ Search mail ' j < 8a ? owl @& : | 2 Compose | OO Bank Alert: Unusual Debit Attempt [Inbox x sInbox 481 | xx Starred oO Affaf Ahmad <affafahmadd@gmail.com> tome v @? = Snoozed E> Sent We stopped a suspicious debit of $1,240.00 from your account. CD) Drafts Confirm that this transaction is yours: | Purchases 25 Confirm Transaction > ??More htip://example-phish.test/bank-check If not verified, your card may be disabled. Labels +",0,0.03666935700834006
2025-11-29T12:37:53.987048,snapshot,0,0,Bank Alert: Unusual Debit Attempt - affafahmad79@gmail.com - Gmail - Google Chrome,,,,"| a a 93 db : Ba TOCRTU%). Pa on S3 2: | Garenther, Oe | ??~com/mail/u/O/2ogbl#inbox/EMfcgz@dzcpNRplVvhGpmLWagzDiGtld = [4 Gmail Q_ Search mail ' j < 8a ? owl @& : | 2 Compose | ?? mbox er Bank Alert: Unusual Debit Attempt [Inbox x nbox xx Starred oO Affaf Ahmad <affafahmadd@gmail.com> tome v @? = Snoozed E> Sent We stopped a suspicious debit of $1,240.00 from your account. al Drafts Confirm that this transaction is yours: | Purchases 25 Confirm Transaction > ??More htip://example-phish.test/bank-check If not verified, your card may be disabled. Labels +",0,0.037142857142857144
2025-11-29T12:37:56.041729,snapshot,0,0,Bank Alert: Unusual Debit Attempt - affafahmad79@gmail.com - Gmail - Google Chrome,,,,"| a a 93 | hb : , > =ommmall:googie.com/mail/u/0/2ogbl#inbox/EMfcgz@dzcpNRJ pl VvhGpmLWagzbiGtld = [4 Gmail Q_ Search mail ' j < 8a ? owl @& : | 2 Compose | OO Bank Alert: Unusual Debit Attempt [Inbox x sInbox 481 | xx Starred oO Affaf Ahmad <affafahmadd@gmail.com> tome v @? Snoozed E> Sent We stopped a suspicious debit of $1,240.00 from your account. al Drafts Confirm that this transaction is yours: | Purchases 25 Confirm Transaction > ??More htip://example-phish.test/bank-check If not verified, your card may be disabled. Labels +",0,0.03583399840383081
2025-11-29T12:37:58.840672,snapshot,0,0,Inbox (481) - affafahmad79@gmail.com - Gmail - Google Chrome,,,,"| segs ?= aoe SOOM GET] coven oo tata ee ERE C??OTN/ mail/0/0/cogbItinbox = [4 Gmail Q_ Search mail ' | O-~ ?c i: | 2 Compose | . ~ O vw Affaf Anmad New Invoice #4482 Due Imme ? Inbox 481 ; OO Ol x Affaf Ahmad Alert: Unusual Transaction Att vr Starred a ? Snoozed Ol x Affaf Ahmad Subject: Urgent: Your Account f> Sent 0 x Affaf Anmad HR Payroll Notification - Hi, W D Drafts O x Affaf Anmad Delivery Attempt Failed - A pa | Purchases 25 : Ol x Affaf Ahmad Mailbox Storage Exceeded - ? vy More a Ol x Affaf Ahmad Bank Alert: Unusual Debit Atte Labels + Ol x Affaf Ahmad Your Account Has Been Locke Ol x Affaf Ahmad URGENT: Password Reset Rec Ol x Whiskit Cat Food A shipment from order #8369 Ol x Whiskit Cat Food Order #8369 confirmed - Whi: Ol x Coursera Community Weekly Coursera Support & C Ol wv Temu Help us protect your Temu act",0,0.04330196749358426
2025-11-29T12:38:02.137511,snapshot,0,0,Inbox (481) - affafahmad79@gmail.com - Gmail - Google Chrome,,,,"OCREAR}: | sags ?= 200 SOOM GET] covest oo tata ee ERE CCC! 1 Ba PrmayOX/cogbeaboxts H Grad Q??nsch may] Omeece] 2 Composa) Ne Ovw Affat Anirisd New invosce ?4422 Due bnme ? br) a en ? Me: METail cooglecomymail/u/0/2o0gbitinbox = [4 Gmail Q_ Search mail ' j O-~ ?c i: | 2 Compose | ~ ~ O vw Affaf Anmad New Invoice #4482 Due Imme & siInbox 481 | : ee Ol vw Affaf Anmad Alert: Unusual Transaction Att vv Starred ss ? Snoozed Ol vw Affaf Anmad Subject: Urgent: Your Account f> Sent Ol vw Affaf Anmad HR Payroll Notification - Hi, W D) Drafts O x Affaf Ahmad Delivery Attempt Failed - A pa (Purchases 25 : Ol vw Affaf Anmad Mailbox Storage Exceeded - \ v More eT Ol x Affaf Ahmad Bank Alert: Unusual Debit Atte Labels + Ol vw Affaf Anmad Your Account Has Been Locke Ol vw Affaf Anmad URGENT: Password Reset Rec iO x Whiskit Cat Food A shipment from order #8369 Ol x Whiskit Cat Food Order #8369 confirmed - Whi Ol x Coursera Community Weekly Coursera Support & C Ol wv Temu Help us protect your Temu act",0,0.04317142857142857
2025-11-29T12:38:04.499769,snapshot,0,0,New Invoice #4482 Due Immediately - affafahmad79@gmail.com - Gmail - Google Chrome,,,,"OCR EAS: OCREARY: | sg ?2 200 SOOM GET) covent co tata ee ERECCC 1 [Ne Ovw Affat Ansind New snvosce ?4422 Due brme ? br] a) en CMe: MEail Googlecom/mail/u/O/7ogbitinbox/EMicgz@dzcpNbZGgI TBRKOB]XMVIIxsNs = [4 Gmail Q_ Search mail ' j < 8a ? owl @& : | 2 Compose | TS New Invoice #4482 Due Immediately (nb sInbox 481 | xx Starred (2) Affaf Ahmad <affafahmadd@gmail.com> tome v @? = Snoozed CO E> Sent From: billing@pay-invoices-online.net D) Drafts Hello, Your recent invoice is overdue. Please download the file below to av (Purchases 25 ? Attached: invoice_4482.zip v More Contact support if you have questions. Labels + Billing Team (ZIP file is fake ??don't actually attach anything.)",0,0.041817425660220425
2025-11-29T12:38:06.879166,snapshot,0,0,New Invoice #4482 Due Immediately - affafahmad79@gmail.com - Gmail - Google Chrome,,,,"(Grane Googe Chron , Ba LOCRED% OCR EAS: OCREARY: | 39) +2 200 SOOM GET) Covent co tata ed) ON 7 =ommmall:googie.com/mail/u/0/2ogbl#inbox/EMicgz@dzcpNbZglIBRK@BiXmVrIxsNS = [4 Gmail Q_ Search mail ' j < 8a ? owl @& : | 2 Compose | TS New Invoice #4482 Due Immediately (nb sInbox 481 | xx Starred (2) Affaf Ahmad <affafahmadd@gmail.com> tome v @? = Snoozed CO E> Sent From: billing@pay-invoices-online.net D) Drafts Hello, Your recent invoice is overdue. Please download the file below to av (Purchases 25 ? Attached: invoice_4482.zip v More Contact support if you have questions. Labels + Billing Team (ZIP file is fake ??don't actually attach anything.)",0,0.04110965487112276
2025-11-29T12:38:09.062403,snapshot,0,0,New Invoice #4482 Due Immediately - affafahmad79@gmail.com - Gmail - Google Chrome,,,,"(Grande Googe Chron , | a ee Gaara _ ~com/mail/u/O/2ogbl#inbox/EMicgz@dzcpNbZgl IBRK@BixmVrlxsNs = [4 Gmail Q_ Search mail ' j < 8a ? owl @& : | 2 Compose | TS New Invoice #4482 Due Immediately (nb sInbox 481 | xx Starred (2) Affaf Ahmad <affafahmadd@gmail.com> tome v @? = Snoozed CO E> Sent From: billing@pay-invoices-online.net D) Drafts Hello, Your recent invoice is overdue. Please download the file below to av (Purchases 25 ? Attached: invoice_4482.zip v More Contact support if you have questions. Labels + Billing Team (ZIP file is fake ??don't actually attach anything.)",0,0.03736453201970443
2025-11-29T12:38:11.424090,snapshot,0,0,New Invoice #4482 Due Immediately - affafahmad79@gmail.com - Gmail - Google Chrome,,,,"(Grane Googe Chrorria , BET OCRIOX): Grande Googe Chron] a ee Gara??ON woe neea2 DD ??acom/mail/u/O/2ogblzinbox/EMicgz@dzcpNbZgl IBRK@BixXmVrlxsNs = [4 Gmail Q_ Search mail ' j < 8a ? owl @& : | 2 Compose | Go inbox SC New Invoice #4482 Due Immediately (nb xx Starred (2) Affaf Ahmad <affafahmadd@gmail.com> tome v @? = Snoozed CO E> Sent From: billing@pay-invoices-online.net D) Drafts Hello, Your recent invoice is overdue. Please download the file below to av (Purchases 25 ? Attached: invoice_4482.zip v More Contact support if you have questions. Labels + Billing Team (ZIP file is fake ??don't actually attach anything.)",0,0.039434048379735284
2025-11-29T12:38:13.180864,snapshot,0,0,New Invoice #4482 Due Immediately - affafahmad79@gmail.com - Gmail - Google Chrome,,,,"(Grail p Googie Chrome! \ | Se NO men SONDZ gL BRK@ GaxmVrtoNe) CRANE HO a ~com/mail/u/O/2ogbl#inbox/EMicgz@dzcpNbZgl IBRK@BixmVrlxsNs = [4 Gmail Q_ Search mail ' j < 8a ? owl @& : | 2 Compose | TS New Invoice #4482 Due Immediately (nb sInbox 481 | xx Starred (2) Affaf Ahmad <affafahmadd@gmail.com> tome v @? = Snoozed CO E> Sent From: billing@pay-invoices-online.net D) Drafts Hello, Your recent invoice is overdue. Please download the file below to av (Purchases 25 ? Attached: invoice_4482.zip v More Contact support if you have questions. Labels + Billing Team (ZIP file is fake ??don't actually attach anything.)",0,0.04022191400832177
2025-11-29T12:38:15.418435,snapshot,0,0,tk,,,,"(Grands Googe Chron eee EpNDZg1 BRK @ BamVrtcxNis) ACERS Catane HIE ??acom/mail/u/O/2ogblzinbox/EMicgz@dzcpNbZgl IBRK@BixXmVrlxsNs = [4 Gmail Q_ Search mail ' j < 8a ? owl @& : | 2 Compose | TS New Invoice #4482 Due Immediately (nb sInbox 481 | xx Starred (2) Affaf Ahmad <affafahmadd@gmail.com> tome v @? = Snoozed CO E> Sent From: billing@pay-invoices-online.net D) Drafts Hello, Your recent invoice is overdue. Please download the file below to av (Purchases 25 ? Attached: invoice_4482.zip v More Contact support if you have questions. Labels + Billing Team (ZIP file is fake ??don't actually attach anything.)",0,0.03997208003722662
2025-11-29T12:38:18.454229,snapshot,0,0,Inbox (481) - affafahmad79@gmail.com - Gmail - Google Chrome,,,,"BEPACERS Cote Hie me nconny rl/u//20q biz bon/Ovacg t@dzephhZg Se BRK BaxXmiVrbexhes = (4 Geran OT Search rial en CM: METail coogle-com/mail/u/0/zogbitinbox/EMicqz@dzcp N@zixtghRXIiZpjiZera vb = [4 Gmail Q_ Search mail ' j O-~ ?c i: | 2 Compose | ~ ~ O vw Affaf Anmad New Invoice #4482 Due Imme & siInbox 481 | : ee Ol vw Affaf Anmad Alert: Unusual Transaction Att vv Starred ss ? Snoozed Ol vw Affaf Anmad Subject: Urgent: Your Account f> Sent Ol vw Affaf Anmad HR Payroll Notification - Hi, W D) Drafts O x Affaf Ahmad Delivery Attempt Failed - A pa (Purchases 25 : Ol vw Affaf Anmad Mailbox Storage Exceeded - \ v More eT Ol x Affaf Ahmad Bank Alert: Unusual Debit Atte Labels + 0 x Affaf Anmad Your Account Has Been Locke Ol vw Affaf Anmad URGENT: Password Reset Rec Ol x Whiskit Cat Food A shipment from order #8369 Ol x Whiskit Cat Food Order #8369 confirmed - Whi Ol x Coursera Community Weekly Coursera Support & C Ol wv Temu Help us protect your Temu act",0,0.04342085743954903
2025-11-29T12:38:20.837428,snapshot,0,0,Your Account Has Been Locked - affafahmad79@gmail.com - Gmail - Google Chrome,,,,"OCREENT BIPACERS Cote His me oonny HAU/20N bez bor Overy rn Bat @dzephh7g Se ORK GaxXmiVrbexhes = (4 Geran OT Sewch rod en Se en CMe: METail cooglecom/mail/u/0/zogbitinbox/EMicqz@dzcp N@zixtghRXIiZpiZera vb = [4 Gmail Q_ Search mail ' j < 8a ? owl @& : | 2 Compose | ??Your Account Has Been Locked [tnbox x) sInbox 481 | yx Starred oO Affaf Ahmad <affafahmadd@gmail.com> ""| ""tome v @? = Snoozed ~ E> Sent D Drafts Your account has been temporarily locked due to suspicious login at Verify your information to regain access: (Purchases 25 Verify Now: http://example-phish.test/verify v More Failure to verify may cause data loss. Support Team Labels +",0,0.011846153846153847
2025-11-29T12:38:23.616674,snapshot,0,0,Inbox (481) - affafahmad79@gmail.com - Gmail - Google Chrome,,,,"(Grau Googie Cron , mer oME Mall: googie.com/mail/u/O/Zogbi#inboxt = [4 Gmail Q_ Search mail ' | O-~ ?c : | 2 Compose | EE, Ol x Discord theflash2k mentioned you ir & siInbox 481 | yr Starred Ol x Discord theflash2k mentioned you ir ? _ Snoozed Ol x Discord theflash2k mentioned you ir E> Sent Ol x Discord hash3lizer mentioned you ir C1 Drafts i S Ol x Discord sa_coordinator mentioned y f] Purchases BO ? More C1 x Coursera Community Weekly Coursera Support & Ol x Whiskit Cat Food A shipment from order #682 Labels + is < Ol x Whiskit Cat Food Order #6826 confirmed - WI C1 x Coursera Community Weekly Coursera Support & Ol x Whiskit Cat Food A shipment from order #657 Ol x Whiskit Cat Food Order #6576 confirmed - Whi: C1 x Coursera Community Weekly Coursera Support & [] sx??Google Maps Your review reached 50 viev",0,0.010000000000000002
2025-11-29T12:38:25.524183,snapshot,0,0,Order #6826 confirmed - affafahmad79@gmail.com - Gmail - Google Chrome,,,,| Ge Sa OS fal 93 & | a7 om mall:googie.com/mail/u/0/2ogbl#inbox/EMfcgz@cqh itMRaGILObKGDGDNIKlWdG = [M4 Gmail Q. Search mail | 2 Compose ? 8 ? b@/|&@ @& : ge Order #6826 confirmed (Inbox x) & siInbox 480 | vv Starred (2) Whiskit Cat Food <info@whiskit.com.pk> tome v @? = Snoozed CO E> Sent Drafts . . D Whiskit | (Purchases 25 vy More Thank you Labels + We're getting y: been sent. | View your ? Order summ,0,0.012009803921568628
2025-11-29T12:38:27.487828,snapshot,0,0,Order #6826 confirmed - affafahmad79@gmail.com - Gmail - Google Chrome,,,,(Gnogie Chrome j _| CECE ED Ne DONE B Bas Onder FONE con fried ??com/mail/u/0/2 og bi#inbox/EMicgz@cqhiitMRaGiLObKgDGDNIKIWG = [4 Gmail Q_ Search mail | 2 Compose | ??8 Oo 8/8 B : & siInbox 480 | xx Starred Order summ @? = Snoozed f> Sent | atti Whi i C1 Drafts | | 3LB (Purchases 25 vy More Labels +,0,0.018666666666666668
2025-11-29T12:38:29.171780,snapshot,0,0,Order #6826 confirmed - affafahmad79@gmail.com - Gmail - Google Chrome,,,,Falcon tot a CO) mail/a/0/cogbitinbox/EMicazOcah Lt MRaGHLODKGDGDNIKIWG = [4 Gmail Q. Search mail | 2 Compose | ??8 Oo 8/8 B : & siInbox 480 | xx Starred Order summ @? = Snoozed > Seni | atti Whi i C1 Drafts | | 3LB (Purchases 25 v More Labels +,0,0.017959183673469388
2025-11-29T12:38:32.108423,snapshot,0,0,Inbox (480) - affafahmad79@gmail.com - Gmail - Google Chrome,,,,"| Reps ee OS By): 3 b (Googie Chron , BE LOCRSEX): Falcon tot'a CO) maul/aXoog betinbox/Uvicar Ocal Lt} NN SM (Gasnvemteranesci uses aaa mamgooglecom/mail/u/0/Zogbl#inbox = [4 Gmail Q_ Search mail ' | O-~ ?c : | 2 Compose | EE, Ol x Discord theflash2k mentioned you ir & siInbox 480 | yr Starred Ol x Discord theflash2k mentioned you ir ? _ Snoozed Ol x Discord theflash2k mentioned you ir E> Sent Ol x Discord hash3lizer mentioned you ir C1 Drafts i S Ol x Discord sa_coordinator mentioned y (Purchases 25 ? More iO + Coursera Community Weekly Coursera Support & Ol x Whiskit Cat Food A shipment from order #682 Labels + Ol x Whiskit Cat Food Order #6826 confirmed - Whi C1 x Coursera Community Weekly Coursera Support & Ol x Whiskit Cat Food A shipment from order #657 Ol x Whiskit Cat Food Order #6576 confirmed - Whi: C1 x Coursera Community Weekly Coursera Support & [] sx??Google Maps Your review reached 50 viev",0,0.010784313725490198
2025-11-29T12:38:35.055265,snapshot,0,0,Inbox (480) - affafahmad79@gmail.com - Gmail - Google Chrome,,,,LS | ? = TOGRETY | Reps os OS By3 b tsaogie Chron GELOCRSDG: Fukcon| . Be [tora CO) mau l/aXoog betnbox/U cat Ocal 1) NN D4) ON | om mall:googie.com/mail/u/O/2ogbl#inbox = [4 Gmail Q_ Search mail ' | O-~ ?c : | 2 Compose | ? 7 O x Whiskit Cat Food A shipment from order #682 sInbox 480 | A Ol x Whiskit Cat Food Order #6826 confirmed - Whi yx Starred ee ? Snoozed C1 x Coursera Community Weekly Coursera Support & E> Sent Ol x Whiskit Cat Food A shipment from order #657 D Drafts Ol x Whiskit Cat Food Order #6576 confirmed - Whi: (Purchases 25 C1 x Coursera Community Weekly Coursera Support & vy More a C1 +x Google Maps Your review reached 50 vie Labels + Cl x Apple Introducing the all-new Apr C1 x Coursera Community Weekly Coursera Support & 0 + foodpanda Thanks for your order! - Ord Ol x foodpanda Your order has been placed. Cl x Apple The latest generation of iPh Cl x Apple @ Last chance: Save on Ma,0,0.012417582417582418
2025-11-29T12:38:37.239392,phishing_alert,0,0,Security alert - affafahmad79@gmail.com - Gmail - Google Chrome,,,,"Security alert - affafahmad79@gmail.com - Gmail - Google Chrome
(OCREAR). LS [= TOGRETY [ Rens os OS By? b tiogae Chron) 1 - ests CHOIR Bembon crt Oca) Se INN 04 ON Jom rast bitin box = 4 Gros en CM: METail Googlecom/mail/u/0/:ogbitinbox/EMicgz@cpnNNGvOlibXacxBmMiclliqre = [4 Gmail Q. Search mail | 2 Compose | ??8 Oo 8/8 B : oO Security alert (Inbox x sInbox 479 | Y ? : xx Starred (2) Google <no-reply@accounts.google.com> tome v @? = Snoozed CO E> Sent 1) Drafts (Purchases 25 v More Labels + We notice this was",1,0.8435228848821082
2025-11-29T12:38:37.239729,snapshot,0,0,Security alert - affafahmad79@gmail.com - Gmail - Google Chrome,,,,(OCREAR). LS [= TOGRETY [ Rens os OS By? b tiogae Chron) 1 - ests CHOIR Bembon crt Oca) Se INN 04 ON Jom rast bitin box = 4 Gros en CM: METail Googlecom/mail/u/0/:ogbitinbox/EMicgz@cpnNNGvOlibXacxBmMiclliqre = [4 Gmail Q. Search mail | 2 Compose | ??8 Oo 8/8 B : oO Security alert (Inbox x sInbox 479 | Y ? : xx Starred (2) Google <no-reply@accounts.google.com> tome v @? = Snoozed CO E> Sent 1) Drafts (Purchases 25 v More Labels + We notice this was,1,0.8447576813430473
2025-11-29T12:38:39.589190,snapshot,0,0,Security alert - affafahmad79@gmail.com - Gmail - Google Chrome,,,,"coe rere Scena ON ese IO NS fen CM: MET all Goog lece frailfu/0/-09 ben box/OicgZ] en CMe: METail Googlecom/mail/u/0/70gbitinbox/EMicgz@cpnNNGvOlbXacxBmMiclliqre a XQ $ A Phishing Alert ??oO x ??Thisfemailllooks{suspicious!) co | Be careful before clicking any links, Consider contacting IT or the sender. . an ??Security alert. |tnbox x! sInbox 479 Y? ; : yx Starred (2) Google <no-reply@accounts.google.com> tome v @? = Snoozed CO E> Sent 1) Drafts (Purchases 25 vy More Labels + We notice this was",1,0.8397714285714286
2025-11-29T12:38:41.719132,snapshot,0,0,Security alert - affafahmad79@gmail.com - Gmail - Google Chrome,,,,Bees se= = + LOCRSS% coe rere Scena ON en lO NS fen CO MET all Goog lece 1 Bi [roar Xy-09 ben boa/Ouegz) ent Ove ET oa i ; Cx enae ih Oy betin box /Clvaegt @ con NNG YOR ocx mV actia) 7 =ommmall:googie.com/mail/u/0/7ogbl#inbox/EMfcgzOcpnNNG@vOhibxXgaxBmMiclliqre = [4 Gmail Q_ Search mail | 2 Compose | ??8 Oo 8/8 B : oO Security alert (Inbox x sInbox 479 | Y ? : sy Starred (2) Google <no-reply@accounts.google.com> tome v @? = Snoozed CO E> Sent 1) Drafts (Purchases 25 vy More Labels + We notice this was,1,0.8419836573682729
2025-11-29T12:38:44.035023,snapshot,0,0,Security alert - affafahmad79@gmail.com - Gmail - Google Chrome,,,,"OCR G28} Bors s 5?? LOCRSS% coe reve Scena ON en JO NS fer CO) nl - MET oll Gog leva Gs Fos, (7-09 ben bos/Oues2) ent Ove ?7.03 5; Cx] PN fenae th Oy beta box, 1 @ con NNG YOR ocx mV act] en CM: METail Googlecom/mail/u/0/:ogbitinbox/EMicgz@cpnNNGvOlibXacxBmMiclliqre = [4 Gmail Q_ Search mail | 2 Compose | ??8 Oo 8/8 B : oO Security alert (Inbox x sInbox 479 | Y ? : sy Starred (2) Google <no-reply@accounts.google.com> tome v @? = Snoozed CO E> Sent 1) Drafts (Purchases 25 v More Labels + We notice this was",1,0.8436694677871149
2025-11-29T12:38:46.307295,snapshot,0,0,Security alert - affafahmad79@gmail.com - Gmail - Google Chrome,,,,"CRSER OCR GA} Bors's Ses LOCKSS coe reve Scena ON en IONS . a Lfex CO) nS = MET off Gog leva Gs Fos, 7-09 ben bos/Ouet2) ent Ove ?7.03) PN CX}PN fence th Oy beta box) @ con NNG YOR ocx] en CM: METail Googlecom/mail/u/0/:ogbitinbox/EMicgz@cpnNNGvOlibXacxBmMiclliqre = [4 Gmail Q_ Search mail | 2 Compose | ??8 Oo 8/8 B : oO Security alert (Inbox x sInbox 479 | Y ? : sy Starred (2) Google <no-reply@accounts.google.com> tome v @? = Snoozed CO E> Sent 1) Drafts (Purchases 25 v More Labels + We notice this was",1,0.8458942632170979
2025-11-29T12:38:48.592233,snapshot,0,0,Security alert - affafahmad79@gmail.com - Gmail - Google Chrome,,,,OCRSSR}: CRSTR OCR GA} Barr's Ses LOCKSS coe reve Scena ON en) nl a [G05 Ya Liex CO) nS = MET off Gog keva Gs Fon g-C9 ben boa/(Ouet2) ent) PN (Ove ?7.00) ON OOPN ferice th Oy beta box) @ con NNG YOR} en CM: METail Googlecom/mail/u/0/:ogbitinbox/EMicgz@cpnNNGvOlibXacxBmMiclliqre = [4 Gmail Q_ Search mail | 2 Compose | ??8 Oo U/S8 & : oO Security alert (Inbox x sInbox 479 | Y . : xx Starred (2) Google <no-reply@accounts.google.com> tome v @? = Snoozed CO E> Sent 1) Drafts (Purchases 25 v More Labels + We notice this was,1,0.8468920392584516
2025-11-29T12:38:51.316216,snapshot,0,0,Inbox (479) - affafahmad79@gmail.com - Gmail - Google Chrome,,,,"OR SIR FS OCRSSRY CRSTR. OCR GAY Bs Ses LOCKSS coe reve Scena) , boa fOuet2) ent) PN (Ore ?7.00) ON COON ferice th Oy beta) a en ? Me: METail cooglecomymail/u/0/2o0gbitinbox = [4 Gmail Q. Search mail ' | O-~ ?c : | 2 Compose | ee Ol x Whiskit Cat Food A shipment from order #657 sInbox 479 | xe Starred Ol x Whiskit Cat Food Order #6576 confirmed - Whi: ? _ Snoozed C1 x Coursera Community Weekly Coursera Support & E> Sent C1 +x Google Maps Your review reached 50 vie 1) Drafts Cl x Apple Introducing the all-new Apr (Purchases 2 ~ More C1 x Coursera Community Weekly Coursera Support & Ol x foodpanda Thanks for your order! - Ord Labels + 0 + foodpanda Your order has been placed. Cl x Apple The latest generation of iPh Cl x Apple @ Last chance: Save on Ma (C1 x& Team Snapchat View your Snapchat messac Ol xw Google Security alert - A new sign-in O) yx Foundations of Cybe. Welcome to Foundations of C",1,0.842052091554854
2025-11-29T12:38:54.037683,snapshot,0,0,Inbox (479) - affafahmad79@gmail.com - Gmail - Google Chrome,,,,OCRITIR OR SIR ES OCRSSRY CRSTRE OCR GAY 8s Ses LOCKSS coe reve) 1 fen. ? Mec METall coog iecomyrrenifu/0/2003 betin box = 4 G) a en ? Me: METail cooglecomymail/u/0/2o0gbitinbox = [4 Gmail Q. Search mail ' | O-~ ?c : | 2 Compose | i a ~ (J 3 =Discord sa_coordinator mentioned y & siinbox 479 | C1 x Coursera Community Weekly Coursera Support & ye Starred Ol x Whiskit Cat Food A shipment from order #682 ? Snoozed . ; . Ol x Whiskit Cat Food Order #6826 confirmed - Whi E> Seni ee CD) Drafts C1 x Coursera Community Weekly Coursera Support & | Purchases 25 Ol x Whiskit Cat Food A shipment from order #657 v More Cl x Whiskit Cat Food Order #6576 confirmed - Whi Labels + C1 x Coursera Community Weekly Coursera Support & C1 +x Google Maps Your review reached 50 vie Cl x Apple Introducing the all-new Apr C1 x Coursera Community Weekly Coursera Support & Ol x foodpanda Thanks for your order! - Ord 0 + foodpanda Your order has been placed.,0,0.013177470775770457
2025-11-29T12:38:57.137551,snapshot,0,0,Inbox (479) - affafahmad79@gmail.com - Gmail - Google Chrome,,,,"OCRIT IS OCRITIR, OR SIR ES OCRSSRY CRSTRE OCR, GAY 8 Sex LOCKSS} 1 Bl Reoc reve) 1 fer Mec METal coag iecomiyirendu Ay 2000 beta bows NN fe (2.1.0 Mec ME Tall coog lecomypranlu/0/ 2003 ben box = a en ? Me: METail cooglecomymail/u/0/2o0gbitinbox = [4 Gmail Q_ Search mail ' | O-~ ?c : | 2 Compose | . ~ O w Discord hash3lizer mentioned you in P & siInbox 479 | $$ Ol x Discord theflash2k mentioned you ir yx Starred SE ? Snoozed Ol x Discord theflash2k mentioned you ir f> Sent Ol x Discord theflash2k mentioned you ir D) Drafts Ol x Discord hash3lizer mentioned you ir (Purchases 25 Ol x Discord sa_coordinator mentioned y vy More a C1 x Coursera Community Weekly Coursera Support & Labels + Ol x Whiskit Cat Food A shipment from order #682 Ol x Whiskit Cat Food Order #6826 confirmed - Whi C1 x Coursera Community Weekly Coursera Support & Ol x Whiskit Cat Food A shipment from order #657 Ol x Whiskit Cat Food Order #6576 confirmed - Whi: iO + Coursera Community Weekly Coursera Support &",0,0.013420787083753785
2025-11-29T12:38:59.400532,snapshot,0,0,hash3lizer mentioned you in Pakistan Cyber Security Challenge CTF - affafahmad79@gmail.com - Gmail - Google Chrome,,,,"OCR ES: OCRIT IS OCRITIR, Om SBR ES OCRSSRY CRSTRE OCR GAY 8 Sex] 1 METTO0xS5) 1 Gi Rone feve) i fer Mec MElod coog meorraywen du Ay 2000 Ne beta bows NN fe (2.1.0 Mec ME Tall coog Incomypran lA] en CMe: Mail googlecom/mail/u/0/7ogbitinbox/EMicgz@cq@ivtOpikarizxlakNmzedNeg = [4 Gmail Q_ Search mail | 2 Compose | ??8 Oo 8/8 B : TO hash3lizer mentioned you in Pakistan Cy & siInbox 478 yr Starred (2) Discord <noreply@discord.com> | Unsubscribe tome v @? = Snoozed CO E> Sent 1) Drafts (Purchases 25 vy More Labels + ANGN He wo * Need help? Conte Want to give us fe",0,0.01858407079646018
2025-11-29T12:39:01.574790,snapshot,0,0,hash3lizer mentioned you in Pakistan Cyber Security Challenge CTF - affafahmad79@gmail.com - Gmail - Google Chrome,,,,Ba ccennsocn tte an ccm Gt oan te ocavoe mete NS __ | Beare eens ete UDO tec eS =ommmall:googie.com/mail/u/0/7ogbl#inbox/EMfcgzOcqQnvt@PikarzxlqakNmzZ@dNy = [4 Gmail Q. Search mail | 2 Compose | ??8 Oo 8/8 B : TO hash3lizer mentioned you in Pakistan Cy & siInbox 478 yr Starred (2) Discord <noreply@discord.com> | Unsubscribe tome v @? = Snoozed CO E> Sent 1) Drafts (Purchases 25 vy More Labels + ANGN He wo * Need help? Conte Want to give us fe,0,0.010762331838565023
2025-11-29T12:39:03.446019,snapshot,0,0,hash3lizer mentioned you in Pakistan Cyber Security Challenge CTF - affafahmad79@gmail.com - Gmail - Google Chrome,,,,Smee Fcom/mail/u/O/2ogbl#inbox/EMicqz@cqQVvt@PikqrzxlqkNmzedNyq = [4 Gmail Q. Search mail | 2 Compose | ??8 Oo 8/8 B : TO hash3lizer mentioned you in Pakistan Cy & siInbox 478 yr Starred (2) Discord <noreply@discord.com> | Unsubscribe tome v @? = Snoozed CO E> Sent 1) Drafts (Purchases 25 vy More Labels + ANGN He Need help? Conte Want to give us fe,0,0.011714285714285715
2025-11-29T12:39:05.399058,snapshot,0,0,hash3lizer mentioned you in Pakistan Cyber Security Challenge CTF - affafahmad79@gmail.com - Gmail - Google Chrome,,,,"| R&B , Rae Foes You foeea 0 an sor,(18)r S a ecom/mail/u/0/2 ogbi#inbox/EMicgz@cq@ivt@pikaqrzxiqkNmZGdNq = [4 Gmail Q_ Search mail | 2 Compose | ??8 Oo 8/8 B : ae hash3lizer mentioned you in Pakistan Cy sInbox 478 yr Starred (2) Discord <noreply@discord.com> | Unsubscribe tome v @? = Snoozed CO E> Sent 1) Drafts (Purchases 25 vy More Labels + ANGN He wo * Need help? Conte Want to give us fe",0,0.010406091370558377
2025-11-29T12:39:07.441824,snapshot,0,0,hash3lizer mentioned you in Pakistan Cyber Security Challenge CTF - affafahmad79@gmail.com - Gmail - Google Chrome,,,,(ee ee | [Spekeeeebemeass 7 =ommmall:googie.com/mail/u/0/7ogbl#inbox/EMfcgzOcqQnvt@PikanzxlqakNmz@dNy = [4 Gmail Q_ Search mail | 2 Compose | ??8 Oo 8/8 B : ae hash3lizer mentioned you in Pakistan Cy sInbox 478 yr Starred (2) Discord <noreply@discord.com> | Unsubscribe tome v @? = Snoozed CO E> Sent 1) Drafts (Purchases 25 vy More Labels + ANGN He wo * Need help? Conte Want to give us fe,0,0.009487179487179488
2025-11-29T12:39:10.260801,phishing_alert,0,0,Inbox (478) - affafahmad79@gmail.com - Gmail - Google Chrome,,,,"Inbox (478) - affafahmad79@gmail.com - Gmail - Google Chrome
| GEESE TORIC ley $3 | hb [Cle pattafshinad79@ graalicom, eal = Good ke Chores \, | gh === 200ttstC=CSs~S Se or a Tea Ute eel CEO DEMME Orn mail/0/0/oob\tinbox = [4 Gmail Q_ Search mail ' | O-~ ?c : | 2 Compose | ??€?_____??Ol x Weverse [Weverse Account] Consen??478 EJ Inbox Ol x Google Security alert - A new sign-ir xx Starred Ol x Discord hash3lizer mentioned you in P @? = Snoozed a E> Sent Ol x Discord theflash2k mentioned you ir [Drafts #20 ? Discord theflash2k mentioned you i1 Ci Purchases % Ol x Discord theflash2k mentioned you ir vy More Ol x Discord hash3lizer mentioned you in P Labels + O vw Discord sa_coordinator mentioned y C1 x Coursera Community Weekly Coursera Support & Ol x Whiskit Cat Food A shipment from order #682 Ol x Whiskit Cat Food Order #6826 confirmed - Whi C1 x Coursera Community Weekly Coursera Support & Ol x Whiskit Cat Food A shipment from order #657",1,0.8390866756797357
2025-11-29T12:39:10.261546,snapshot,0,0,Inbox (478) - affafahmad79@gmail.com - Gmail - Google Chrome,,,,"| GEESE TORIC ley $3 | hb [Cle pattafshinad79@ graalicom, eal = Good ke Chores \, | gh === 200ttstC=CSs~S Se or a Tea Ute eel CEO DEMME Orn mail/0/0/oob\tinbox = [4 Gmail Q_ Search mail ' | O-~ ?c : | 2 Compose | ??€?_____??Ol x Weverse [Weverse Account] Consen??478 EJ Inbox Ol x Google Security alert - A new sign-ir xx Starred Ol x Discord hash3lizer mentioned you in P @? = Snoozed a E> Sent Ol x Discord theflash2k mentioned you ir [Drafts #20 ? Discord theflash2k mentioned you i1 Ci Purchases % Ol x Discord theflash2k mentioned you ir vy More Ol x Discord hash3lizer mentioned you in P Labels + O vw Discord sa_coordinator mentioned y C1 x Coursera Community Weekly Coursera Support & Ol x Whiskit Cat Food A shipment from order #682 Ol x Whiskit Cat Food Order #6826 confirmed - Whi C1 x Coursera Community Weekly Coursera Support & Ol x Whiskit Cat Food A shipment from order #657",1,0.8393579454253612
2025-11-29T12:39:13.634911,snapshot,0,0,screen_monitor.py - AI_Proj - Visual Studio Code,,,,"Gm aaaera= Co Rm temic tp ??> [ | aS * _______ | oo ? saeenmonionny S 8 \ZTAITPROJ) ReRcascreen?monitonpypae Q > Nay a Bemrarcentmew th ansclientwasmwins2comn > wa & A Phishing Alert - Oo x bore pe ? lez Tits ema) eats a Suspicious! Ort ? tebe ATOFE SS S pit] Be careful before clicking any links. Consider contacting IT or the sender. @& ? > =aphist 50 &) eaa___ ??-epacihie Apart screensmonitorfautoslabeled'csv) 9) * & === GOMFIG == S screensmonitorauiallog:csy, 5 ~ COU WTR. = 0.6 63 e AL ? tatnmedelpy a CA = ""seraan_moniter_eutio_lefralle S GRUNT _GHSET = (6, 13) (66) IMAX@OGREGHARS ES) C7 MCNEMEANKCON Fle O MEE. TMM) B 69) GAW_GLIEINS ? (Emil, Touitiedk?? * 0) ef A Wwerify your acoeunt?, ??pdete passsser 72 ??ecurity allart?, ??ccom suspaniaiP, PB ""eonfinn idantit, oak aceon, ZA Cenity idartih, Wessk passxrd?? ? PROGMENS (7) TERMINALS (env) EPSEG:NUSerSNA GE aR DRO) CGLNAI@ PRO) NATEPEO): rdatetimesnow(datetimesUTG)E timestampgeemdatetimewutcnow ersoconmat:(@) phishinggexactamatch mun",0,0.0179
2025-11-29T12:40:31.327935,snapshot,0,0,screen_monitor_auto_labeled.csv - WPS Office,,,,,0,0.0
2025-11-29T12:40:32.370060,snapshot,0,0,train_model.py - AI_Proj - Visual Studio Code,,,,,0,0.0
2025-11-29T12:40:33.454515,snapshot,0,0,train_model.py - AI_Proj - Visual Studio Code,,,,,0,0.0
2025-11-29T12:40:34.525474,snapshot,0,0,train_model.py - AI_Proj - Visual Studio Code,,,,,0,0.0
2025-11-29T12:40:38.128769,snapshot,0,0,train_model.py - AI_Proj - Visual Studio Code,,,,"JSS ccomanommngameene|? Sm Wut) Gp ? > Ce CE CCR EGE Foe I toe Gk Semanont)ee| pect @ 56 won ora] OCATES | yee = ? caemmoniiongyS ??SZAIIPROD) ? weimeddlgy >. Qs Mawietdar 9 ABEL_Go = ??afrall??| > veny 1@ Ro eXclean?screentmonitodlog py FTI DETSTTINGN KE WORDS (a Q 1D) Wary KOUr account?? ??ake pase S 13 ??ecurity allert?? ??ccount suspanda S onan ~ . a ""conan igdentifn?, Thank account?? ? PO aS 16 = (??ayal?? ??ank?? ??nicrosart?, i fs OWS _UM._ REGEX = r*(nteDS?s//>\s. 18 ina | +10) sf ==: (Mellpar functions --=- % foEscreen?monitorpyy ? 6 2 ie mormalliiza(tet)s a pag Suinmeiay Pall tast ? str(Gad) ear) = a textaemunicodedataenonmaluze (@NEKDsF 2B ROW FOG [Aa- wO-NssMNo=]]""5 ??Dal aS ier detect ul(tadt)s | 6) = Gonmalliza(ters)) ay Ural Cemem it ndalll(GUSRLGLOUSMUR IRE 28 Geax si = ? 9) for ? fim urilss BO) for & ig Bil Smmithilebemsequencelia LGholy 2 If 6 > O68 PROGENS (7) aTERMINAL SEE (van) 6S CaWsara Ara yRapactL Pre Preyp rasmcountaim (LURG:\\prosnamprilLes\\LessenactsOCR/it ",0,0.017499999999999998
2025-11-29T12:40:41.772897,snapshot,0,0,train_model.py - AI_Proj - Visual Studio Code,,,,"JSS ccomanommngameene|? Sm Wut) Gp ? > Ce CE CCR EGE Foe I toe Gk Semanont)ee| pect @ 56 won ora] OCATES | yee = ? caemmoniiongyS ??SZAIIPROD) ? weimeddlgy >. Qs Mawietdar 9 ABEL_Go = ??afrall??| > veny 1@ Ro eXclean?screentmonitodlog py FTI DETSTTINGN KE WORDS (a Q 1D) Wary KOUr account?? ??ake pase S 13 ??ecurity allert?? ??ccount suspanda S onan ~ . a ""conan igdentifn?, Thank account?? ? PO aS 16 = (??ayal?? ??ank?? ??nicrosart?, i fs OWS _UM._ REGEX = r*(nteDS?s//>\s. 18 ina | +10) sf ==: (Mellpar functions --=- % foEscreen?monitorpyy ? 6 2 ie mormalliiza(tet)s a pag Suinmeiay Pall tast ? str(Gad) ear) = a textaemunicodedataenonmaluze (@NEKDsF 2B ROW FOG [Aa- wO-NssMNo=]]""5 ??Dal aS ier detect ul(tadt)s | 6) = Gonmalliza(ters)) ay Ural Cemem it ndalll(GUSRLGLOUSMUR IRE 28 Geax si = ? 9) for ? fim urilss BO) for & ig Bil Smmithilebemsequencelia LGholy 2 If 6 > O68 PROGENS (7) aTERMINAL SEE (van) 6S CaWsara Ara yRapactL Pre Preyp rasmcountaim (LURG:\\prosnamprilLes\\LessenactsOCR/it ",0,0.017499999999999998
2025-11-29T12:40:45.489768,snapshot,0,0,train_model.py - AI_Proj - Visual Studio Code,,,,"JSS ccomanommngameene|? Sm Wut) Gp ? > Ce CE CCR EGE Foe I toe Gk Semanont)ee| pect @ 56 won ora] OCATES | yee = ? caemmoniiongyS ??SZAIIPROD) ? weimeddlgy >. Qs Mawietdar 9 ABEL_Go = ??afrall??| > veny 1@ Ro eXclean?screentmonitodlog py FTI DETSTTINGN KE WORDS (a Q 1D) Wary KOUr account?? ??ake pase S 13 ??ecurity allert?? ??ccount suspanda S onan ~ . a ""conan igdentifn?, Thank account?? ? PO aS 16 = (??ayal?? ??ank?? ??nicrosart?, i fs OWS _UM._ REGEX = r*(nteDS?s//>\s. 18 ina | +10) sf ==: (Mellpar functions --=- % foEscreen?monitorpyy ? 6 2 ie mormalliiza(tet)s a pag Suinmeiay Pall tast ? str(Gad) ear) = a textaemunicodedataenonmaluze (@NEKDsF 2B ROW FOG [Aa- wO-NssMNo=]]""5 ??Dal aS ier detect ul(tadt)s | 6) = Gonmalliza(ters)) ay Ural Cemem it ndalll(GUSRLGLOUSMUR IRE 28 Geax si = ? 9) for ? fim urilss BO) for & ig Bil Smmithilebemsequencelia LGholy 2 If 6 > O68 PROGENS (7) aTERMINAL SEE (van) 6S CaWsara Ara yRapactL Pre Preyp rasmcountaim (LURG:\\prosnamprilLes\\LessenactsOCR/it ",0,0.017499999999999998
2025-11-29T12:40:47.388222,snapshot,0,0,train_model.py - AI_Proj - Visual Studio Code,,,,,0,0.0
2025-11-29T12:40:50.844126,snapshot,0,0,train_model.py - AI_Proj - Visual Studio Code,,,,"??h comommmeaene|@> SD tmid Cp SO CE CCR EGE Foe I toe Gk Semanont)ee| pect @ 56 won ora] OCATES | yee = ? caemmoniiongyS ??Y AUER ? watmadellpy> 2 _ Qs Mawietdar 9 ABEL_Go = ??afrall??| > veny 1@ Ro eXcleantecrcentmonitomloa py} FTI DETSTTINGN KE WORDS (a ey 1D) Wary KOUr account?? ??ake pase & pining cletemtenfoll> 13 ??ecurity allert?? ??ccount suspanda & ord - : a ""conan igdentifn?, Thank account?? cS _ 16 RNS = (papal, ??adk??€? iaresort?? i fs OWS _UM._ REGEX = r*(nteDS?s//>\s. 18 ina | % foEscreen?monitorpyy ? 6 2 liter mammalliiza(iexd)s a Pall textaoms tn (texts) mLowen () Bs 2D rex eemumicodedatamnonmalize (@NEKDs 2B ROW FOG [Aa- wO-NssMNo=]]""5 ??Dal 6) = Gonmalliza(ters)) ay Ural Cemem it ndalll(GUSRLGLOUSMUR IRE 28 Mesim=O@f 9) for ? fim urilss BO) for & io Bil Smmithilebemsequencelia LGholy 2 If 6 > O68 PROGENS (7) aTERMINAL SEE (vany) FS Cal WsaP ARREA EREFAANA PREM Prep fasmcoun teria (Ld RG: \\ Programmi LesNNLessenacte GR st ReOb ject Cactie OP RWARNING INEAK objects Su",0,0.020079920079920082
2025-11-29T12:40:54.317007,snapshot,0,0,train_model.py - AI_Proj - Visual Studio Code,,,,"??h comommmeaene|@> SD tmid Cp SO CE CCR EGE Foe I toe Gk Semanont)ee| pect @ 56 won ora] OCATES | yee = ? caemmoniiongyS ??Y AUER ? watmadellpy> 2 _ Qs Mawietdar 9 ABEL_Go = ??afrall??| > veny 1@ Ro eXcleantecrcentmonitomloa py} FTI DETSTTINGN KE WORDS (a ey 1D) Wary KOUr account?? ??ake pase & pining cletemtenfoll> 13 ??ecurity allert?? ??ccount suspanda & ord - : a ""conan igdentifn?, Thank account?? cS _ 16 RNS = (papal, ??adk??€? iaresort?? i fs OWS _UM._ REGEX = r*(nteDS?s//>\s. 18 ina | % foEscreen?monitorpyy ? 6 2 liter mammalliiza(iexd)s a Pall textaoms tn (texts) mLowen () Bs 2D rex eemumicodedatamnonmalize (@NEKDs 2B ROW FOG [Aa- wO-NssMNo=]]""5 ??Dal 6) = Gonmalliza(ters)) ay Ural Cemem it ndalll(GUSRLGLOUSMUR IRE 28 Mesim=O@f 9) for ? fim urilss BO) for & io Bil Smmithilebemsequencelia LGholy 2 If 6 > O68 PROGENS (7) aTERMINAL SEE (vany) FS Cal WsaP ARREA EREFAANA PREM Prep fasmcoun teria (Ld RG: \\ Programmi LesNNLessenacte GR st ReOb ject Cactie OP RWARNING INEAK objects Su",0,0.020079920079920082
2025-11-29T12:40:57.828023,snapshot,0,0,train_model.py - AI_Proj - Visual Studio Code,,,,"??h comommmeaene|@> SD tmid Cp SO CE CCR EGE Foe I toe Gk Semanont)ee| pect @ 56 won ora] OCATES | yee = ? caemmoniiongyS ??Y AUER ? watmadellpy> 2 _ Qs Mawietdar 9 ABEL_Go = ??afrall??| > veny 1@ Ro eXcleantecrcentmonitomloa py} FTI DETSTTINGN KE WORDS (a ey 1D) Wary KOUr account?? ??ake pase & pining cletemtenfoll> 13 ??ecurity allert?? ??ccount suspanda & ord - : a ""conan igdentifn?, Thank account?? cS _ 16 RNS = (papal, ??adk??€? iaresort?? i fs OWS _UM._ REGEX = r*(nteDS?s//>\s. 18 ina | % foEscreen?monitorpyy ? 6 2 liter mammalliiza(iexd)s a Pall textaoms tn (texts) mLowen () Bs 2D rex eemumicodedatamnonmalize (@NEKDs 2B ROW FOG [Aa- wO-NssMNo=]]""5 ??Dal 6) = Gonmalliza(ters)) ay Ural Cemem it ndalll(GUSRLGLOUSMUR IRE 28 Mesim=O@f 9) for ? fim urilss BO) for & io Bil Smmithilebemsequencelia LGholy 2 If 6 > O68 PROGENS (7) aTERMINAL SEE (vany) FS Cal WsaP ARREA EREFAANA PREM Prep fasmcoun teria (Ld RG: \\ Programmi LesNNLessenacte GR st ReOb ject Cactie OP RWARNING INEAK objects Su",0,0.020079920079920082
2025-11-29T12:41:01.321253,snapshot,0,0,train_model.py - AI_Proj - Visual Studio Code,,,,"??h comommmeaene|@> SD tmid Cp SO CE CCR EGE Foe I toe Gk Semanont)ee| pect @ 56 won ora] OCATES | yee = ? caemmoniiongyS ??Y AUER ? watmadellpy> 2 _ Qs Mawietdar 9 ABEL_Go = ??afrall??| > veny 1@ Ro eXcleantecrcentmonitomloa py} FTI DETSTTINGN KE WORDS (a ey 1D) Wary KOUr account?? ??ake pase & pining cletemtenfoll> 13 ??ecurity allert?? ??ccount suspanda & ord - : a ""conan igdentifn?, Thank account?? cS _ 16 RNS = (papal, ??adk??€? iaresort?? i fs OWS _UM._ REGEX = r*(nteDS?s//>\s. 18 ina | % foEscreen?monitorpyy ? 6 2 liter mammalliiza(iexd)s a Pall textaoms tn (texts) mLowen () Bs 2D rex eemumicodedatamnonmalize (@NEKDs 2B ROW FOG [Aa- wO-NssMNo=]]""5 ??Dal 6) = Gonmalliza(ters)) ay Ural Cemem it ndalll(GUSRLGLOUSMUR IRE 28 Mesim=O@f 9) for ? fim urilss BO) for & io Bil Smmithilebemsequencelia LGholy 2 If 6 > O68 PROGENS (7) aTERMINAL SEE (vany) FS Cal WsaP ARREA EREFAANA PREM Prep fasmcoun teria (Ld RG: \\ Programmi LesNNLessenacte GR st ReOb ject Cactie OP RWARNING INEAK objects Su",0,0.020079920079920082
2025-11-29T12:41:04.915604,snapshot,0,0,train_model.py - AI_Proj - Visual Studio Code,,,,"??h comommmeaene|@> SD tmid Cp SO CE CCR EGE Foe I toe Gk Semanont)ee| pect @ 56 won ora] OCATES | yee = ? caemmoniiongyS ??Y AUER ? watmadellpy> 2 _ Qs Mawietdar 9 ABEL_Go = ??afrall??| > veny 1@ Ro eXcleantecrcentmonitomloa py} FTI DETSTTINGN KE WORDS (a ey 1D) Wary KOUr account?? ??ake pase & pining cletemtenfoll> 13 ??ecurity allert?? ??ccount suspanda & ord - : a ""conan igdentifn?, Thank account?? cS _ 16 RNS = (papal, ??adk??€? iaresort?? i fs OWS _UM._ REGEX = r*(nteDS?s//>\s. 18 ina | % foEscreen?monitorpyy ? 6 2 liter mammalliiza(iexd)s a Pall textaoms tn (texts) mLowen () Bs 2D rex eemumicodedatamnonmalize (@NEKDs 2B ROW FOG [Aa- wO-NssMNo=]]""5 ??Dal 6) = Gonmalliza(ters)) ay Ural Cemem it ndalll(GUSRLGLOUSMUR IRE 28 Mesim=O@f 9) for ? fim urilss BO) for & io Bil Smmithilebemsequencelia LGholy 2 If 6 > O68 PROGENS (7) aTERMINAL SEE (vany) FS Cal WsaP ARREA EREFAANA PREM Prep fasmcoun teria (Ld RG: \\ Programmi LesNNLessenacte GR st ReOb ject Cactie OP RWARNING INEAK objects Su",0,0.020079920079920082
2025-11-29T12:41:07.230105,snapshot,0,0,(5) WhatsApp - Google Chrome,,,,88 Fakerphishingyemalls) ein) IPomenUB:Mannnein/tesserag BARPRON a trankn ode! Oy Se xx3 Os Monactd ar] e? > ??B&B eo WhatsApp 8 Rowe Malaika ) eee Q Ackles Mer Seana (Ges \ 2 Untead Mm EaVvOrites ummm GTOUDS) : 7 [> Omremm Message notificationsfarelotfarumion) x ow S | ia By ??ittps://docs!googlefcom/spreadsheets/d/iSs ia ; 2 Malaika) 5:13)2M) Vy alaisalkrtyihaifaiselhijrehneldetehailsigsei kahyae : (fe) Welarcliniciis 10M abibagOhooosorsad| ;,0,0.011160714285714288
2025-11-29T12:41:09.552638,snapshot,0,0,(5) WhatsApp - Google Chrome,,,,83 6 Fakepphishinggemails) PIE) InomenUBMannheinytesserag BARPRON a trankn ode! Oy Se xx3 Os Monactd ar] e? > ??B&B e? WhatsApp 8 owe Malaika) fe) eee Q Ackles Mer Seana (Ges \ 2 Untead Mm EaVvOrites ummm GTOUDS) : 7 [> Omremm Messagelnotificationstareloff@lumon) x C17 = ' ia By ??ittps://docs!googlefcom/spreadsheets/d/iSs ia ; 2 Malaika) 131M) Vy alaisalkrtyihaifaiselhijrehneldetehailsigsei kahyae : (fe) Welarcliniciis 10M abibagOhooosorsad| ;,0,0.011383928571428573
2025-11-29T12:41:13.062182,snapshot,0,0,,,,,"?) Gio Gihk Sdiaaton View Go um tm Bp ? > / | SMe RScreen?monitonpyso) ZZANPROJ) ??? O weinmedtlgy> Q > New feler 9 (AERC = ??afrall??| > veny 1@ Ro co) HUME DLSLNGRK EY WORDS | ? 12 ??arity your accent?? ??pdate pase EAphishing?detectorjoblio 3 _SacErity alert"", ??sceunit swepantia rm ??onstr Adetity?? ??nts account?? SS & ping mesg a _ 16 RNS = (papal, ??adk??€? iaresort?? iw $s ONS UNL_ REGEX = (its? s//1\s. 18 | [ a re a ae Dl ? wal . del a a 7: Ye ??pa 2D tex tamunicodedatamnonmalize (MNEKDp PB) FOIA ROGUE [AAa-2O-NSeMo=[""p ??Da Pe Cemedetectaurl (texts) 6) = Gonmalliza(ters)) PU] Urls = reo finda (GUSPRCKONS_UML_NK 28 Geax si = ? 29 for ? fim urilss BO) for ? io Bil Smmithilebemsequencelia LGholy 2 If 6 > O68 PROBIEMSI@D) TERVINA SE (Veny) EDSEG:\UsensNAGL Aap RO}CCINATE REO) NATEB EO): &8 GE 2 Gd Col\iRragran Filles\\Wrassarack-GayA PROD JEG LCaChe )ERWARNING RIEAK Imobject eve erent Stmewond=dawe.) Ob ectGache( Geee Still (ms emt 2 Gd Caregen Files\Wreasare (OGRRennoncm (3221225",0,0.02187812187812188
2025-11-29T12:41:16.805674,snapshot,0,0,train_model.py - AI_Proj - Visual Studio Code,,,,"??h comommmeaene|@> SD tmid Cp SO CE CCR EGE Foe I toe Gk Semanont)ee| pect @ 56 won ora] OCATES | yee = ? caemmoniiongyS ??Y AUER ? watmadellpy> 2 _ Qs Mawietdar 9 ABEL_Go = ??afrall??| > veny 1@ Ro eXcleantecrcentmonitomloa py} FTI DETSTTINGN KE WORDS (a ey 1D) Wary KOUr account?? ??ake pase & pining cletemtenfoll> 13 ??ecurity allert?? ??ccount suspanda & ord - : a ""conan igdentifn?, Thank account?? cS _ 16 RNS = (papal, ??adk??€? iaresort?? i fs OWS _UM._ REGEX = r*(nteDS?s//>\s. 18 ina | % foEscreen?monitorpyy ? 6 2 liter mammalliiza(iexd)s a Pall textaoms tn (texts) mLowen () Bs 2D rex eemumicodedatamnonmalize (@NEKDs 2B ROW FOG [Aa- wO-NssMNo=]]""5 ??Dal 6) = Gonmalliza(ters)) ay Ural Cemem it ndalll(GUSRLGLOUSMUR IRE 28 Mesim=O@f 9) for ? fim urilss BO) for & io Bil Smmithilebemsequencelia LGholy 2 If 6 > O68 PROGENS (7) aTERMINAL SEE (vany) FS Cal WsaP ARREA EREFAANA PREM Prep fasmcoun teria (Ld RG: \\ Programmi LesNNLessenacte GR st ReOb ject Cactie OP RWARNING INEAK objects Su",0,0.020079920079920082
2025-11-29T12:41:20.375103,snapshot,0,0,train_model.py - AI_Proj - Visual Studio Code,,,,"??h comommmeaene|@> SD tmid Cp SO CE CCR EGE Foe I toe Gk Semanont)ee| pect @ 56 won ora] OCATES | yee = ? caemmoniiongyS ??Y AUER ? watmadellpy> 2 _ Qs Mawietdar 9 ABEL_Go = ??afrall??| > veny 1@ Ro eXcleantecrcentmonitomloa py} FTI DETSTTINGN KE WORDS (a ey 1D) Wary KOUr account?? ??ake pase & pining cletemtenfoll> 13 ??ecurity allert?? ??ccount suspanda & ord - : a ""conan igdentifn?, Thank account?? cS _ 16 RNS = (papal, ??adk??€? iaresort?? i fs OWS _UM._ REGEX = r*(nteDS?s//>\s. 18 ina | % foEscreen?monitorpyy ? 6 2 liter mammalliiza(iexd)s a Pall textaoms tn (texts) mLowen () Bs 2D rex eemumicodedatamnonmalize (@NEKDs 2B ROW FOG [Aa- wO-NssMNo=]]""5 ??Dal 6) = Gonmalliza(ters)) ay Ural Cemem it ndalll(GUSRLGLOUSMUR IRE 28 Mesim=O@f 9) for ? fim urilss BO) for & io Bil Smmithilebemsequencelia LGholy 2 If 6 > O68 PROGENS (7) aTERMINAL SEE (vany) FS Cal WsaP ARREA EREFAANA PREM Prep fasmcoun teria (Ld RG: \\ Programmi LesNNLessenacte GR st ReOb ject Cactie OP RWARNING INEAK objects Su",0,0.020079920079920082
2025-11-29T12:41:24.167316,snapshot,0,0,train_model.py - AI_Proj - Visual Studio Code,,,,,0,0.0
2025-11-29T12:41:27.915004,snapshot,0,0,train_model.py - AI_Proj - Visual Studio Code,,,,"Se coomit Oo a excen COMBRUD) werminal Gisp ? ~ ee | pacar Pasa a ele eee Bee TTS x0 | ((G) @ screen?monitor PY, 6 ; Screenemonitorauld! log. C: Y EOGRD ce) traintmodel py > @aomelze QQ Mtawhettar 9 IAGEL_GOL = ??frall? > wey 10 {o oeclean?screentmonitorslog py, ia = ? tebe Ruiter 12 Wwarkiy WoOur Scoot?? ??pdeke pass =I ohishingedetectorjoblib 3 cacuritty alert?? ??ccount suspen BS ia ?, AtenteGY??? : , ?63 ae con fala bank account =a phishing??odel!pkl 5 J 16 = (papal, ??ark, Tnierasor?? oo Screen??onitorsautowlabeled\csy, 17 ?USP ACICUS_UM. REGEX = F (otis? s//IANs: 18 Q ae >os> Ef ==> S 1B ==> Melipar functions foEscreen?monitorpyy 6 2 det mammalliiza(tet)e IA Gar ? sur(tadt) Heme) 2B ??ex Wamu Lcodedataenonma lize @NEKD we 2B FAW POGUE F1A9-20-Ns3/\o=I""5 ??DAI 2 def datect_unleasi)s aS mnonmaluize (texts)) 2] Ur Samer inda lll (SUSPLGLOUSRURIMIRE( 28 TEx Sin = ? D2) for ? im arliss 3 for ? im Bl | SEE lintplel basequencemMatchel B2) if S D> OoG8 PROREYS (7) SLERMINAL EE (env) EPSE",1,0.4161
2025-11-29T12:41:29.214305,snapshot,0,0,train_model.py - AI_Proj - Visual Studio Code,,,,,0,0.0
2025-11-29T12:41:30.348205,snapshot,0,0,train_model.py - AI_Proj - Visual Studio Code,,,,,0,0.0
2025-11-29T12:41:34.098078,snapshot,0,0,train_model.py - AI_Proj - Visual Studio Code,,,,"SS erage OO tmd mF > CT | Cee Pasa a ele eee | tS CATESINENS SMe RScreen?monitonpyso) ; ZTAITPROJ) Bcatcaintmodelipy > @aomelze QQ Mtawhettar 9 IAGEL_GOL = ??frall? > wey 10 9 oeclean?screentmonitorslog py, ia = ? tebe. iuiittersy 12 Wwarkiy WoOur Scoot?? ??pdeke pass & citsivinn dtetaanon hell 13 ??ecurity allart?? ??ccount suspends iS ia Gani Adeneity?? S ankwaccountes 5 ?63 eae =a phishing??odel!pkl 5 J 16 = (??aymal?, Baik?? Iniaresart?? oo screen?monitorautoslabeled csv, s/ESUS D1 OLOUSRUR IMEREGEX@Maag (tC S477] ONS) 118 S 1 === Giellpar ??unctions --- ? 6 2 dee monmiliza(tesd)s i Pa) tak = Surtees) linn) pa 2D tex t@omunicodedatasnonma lize (GNEKDaP 2B FAD POGU(F[A0-2-VNssMo=I]o ??DA 2 def datect_unleasi)s 6) mnogmaliize (texts)) 2] Ur Samer inda lll (SUSPLGLOUSRURIMIRE( 28 TEx Sin = ? D2) for ? im arliss 3 for ? im Bl | SEE lintplel basequencemMatchel B2) if S D> OoG8 PROREYS (7) SIERMINAL SED (Veny) EDSEG:\UsensNAGL Aap RO}CCINATE REO) NATEB EO): ?? GUE 1 Gd Co\Wragran Files\W",0,0.020200000000000003
2025-11-29T12:41:38.004676,snapshot,0,0,train_model.py - AI_Proj - Visual Studio Code,,,,"CO commomeecme| > tm Mp CPt | |@xeexte (Seek eae NSE | wl SS cco @ screenmmonitorpyse) Screenwin On itormulaMlogresyy SZAITPROJ) Becat aint modelipy PacsInormalize QQ Mtawhettar 9 IAGEL_GOL = ??frall? > wey 10 9 oeclean?screentmonitorslog py, ia = ? tebe. iuiittersy 12 Wwarkiy WoOur Scoot?? ??pdeke pass & cikisifinn Atereraven ffeil 13 ??eaunity allart?? ??scent um | ??on identity"", ??ait sect?? 53 =a phishing??odel!pkl 5 J 16 = (??aymal?, Baik?? Iniaresart?? : oo screen?monitorautoslabeled csv, s/ESUS D1 OLOUSRUR IMEREGEX@Maag (tC S477] ONS) 18 Q ae >os> Ef ==> S 1 6 Melpar functions celscreen?monitor py, 6 2 def manualliiae(terk)s Tl ~Otimeeie a wy mA GO ? SUA(ERt) Tear) pa 2D tex t@omunicodedatasnonma lize (GNEKDaP 23 RECUIAD POGIOGF??AD-ZD-NSB/Mo =p ??DAI 2 def datect_unleasi)s 6) mnogmaliize (texts)) ay Ure SBemnemtl ida lll (SUSRLGLOUSRURIMEREC 28 TEx Sin = ? D2) for ? im arliss 3 for ? im Bl | SEE lintplel basequencemMatchel BI iF S > @G8 PROREYS (7) SIERMINAL SED (Veny) EDSEG:\",0,0.018
2025-11-29T12:41:41.920021,snapshot,0,0,train_model.py - AI_Proj - Visual Studio Code,,,,"CO commomeecme| > tm Mp CPt | |@xeexte (Seek eae NSE | wl SS cco @ screenmmonitorpyse) Screenwin On itormulaMlogresyy SZAITPROJ) Becat aint modelipy PacsInormalize QQ Mtawhettar 9 IAGEL_GOL = ??frall? > wey 10 9 oeclean?screentmonitorslog py, ia = ? tebe. iuiittersy 12 Wwarkiy WoOur Scoot?? ??pdeke pass & cikisifinn Atereraven ffeil 13 ??eaunity allart?? ??scent um | ??on identity"", ??ait sect?? 53 =a phishing??odel!pkl 5 J 16 = (??aymal?, Baik?? Iniaresart?? : oo screen?monitorautoslabeled csv, s/ESUS D1 OLOUSRUR IMEREGEX@Maag (tC S477] ONS) 18 Q ae >os> Ef ==> S 1 6 Melpar functions celscreen?monitor py, 6 2 def manualliiae(terk)s Tl ~Otimeeie a wy mA GO ? SUA(ERt) Tear) pa 2D tex t@omunicodedatasnonma lize (GNEKDaP 23 RECUIAD POGIOGF??AD-ZD-NSB/Mo =p ??DAI 2 def datect_unleasi)s 6) mnogmaliize (texts)) ay Ure SBemnemtl ida lll (SUSRLGLOUSRURIMEREC 28 TEx Sin = ? D2) for ? im arliss 3 for ? im Bl | SEE lintplel basequencemMatchel BI iF S > @G8 PROREYS (7) SIERMINAL SED (Veny) EDSEG:\",0,0.018
2025-11-29T12:41:45.864817,snapshot,0,0,train_model.py - AI_Proj - Visual Studio Code,,,,"CO commomeecme| > tm Mp CPt | |@xeexte (Seek eae NSE | wl SS cco @ screenmmonitorpyse) Screenwin On itormulaMlogresyy SZAITPROJ) Becat aint modelipy PacsInormalize QQ Mtawhettar 9 IAGEL_GOL = ??frall? > wey 10 9 oeclean?screentmonitorslog py, ia = ? tebe. iuiittersy 12 Wwarkiy WoOur Scoot?? ??pdeke pass & cikisifinn Atereraven ffeil 13 ??eaunity allart?? ??scent um | ??on identity"", ??ait sect?? 53 =a phishing??odel!pkl 5 J 16 = (??aymal?, Baik?? Iniaresart?? : oo screen?monitorautoslabeled csv, s/ESUS D1 OLOUSRUR IMEREGEX@Maag (tC S477] ONS) 18 Q ae >os> Ef ==> S 1 6 Melpar functions celscreen?monitor py, 6 2 def manualliiae(terk)s Tl ~Otimeeie a wy mA GO ? SUA(ERt) Tear) pa 2D tex t@omunicodedatasnonma lize (GNEKDaP 23 RECUIAD POGIOGF??AD-ZD-NSB/Mo =p ??DAI 2 def datect_unleasi)s 6) mnogmaliize (texts)) ay Ure SBemnemtl ida lll (SUSRLGLOUSRURIMEREC 28 TEx Sin = ? D2) for ? im arliss 3 for ? im Bl | SEE lintplel basequencemMatchel BI iF S > @G8 PROREYS (7) SIERMINAL SED (Veny) EDSEG:\",0,0.018
2025-11-29T12:41:49.602399,snapshot,0,0,train_model.py - AI_Proj - Visual Studio Code,,,,"SS erage OO tmd mF > CT | Cee Pasa a ele eee | tS CATESINENS SMe RScreen?monitonpyso) ; ZTAITPROJ) Bcatcaintmodelipy > @aomelze QQ Mtawhettar 9 IAGEL_GOL = ??frall? > wey 10 9 oeclean?screentmonitorslog py, ia = ? tebe. iuiittersy 12 Wwarkiy WoOur Scoot?? ??pdeke pass & citsivinn dtetaanon hell 13 ??ecurity allart?? ??ccount suspends iS ia Gani Adeneity?? S ankwaccountes 5 ?63 eae =a phishing??odel!pkl 5 J 16 = (??aymal?, Baik?? Iniaresart?? oo screen?monitorautoslabeled csv, s/ESUS D1 OLOUSRUR IMEREGEX@Maag (tC S477] ONS) 118 S 1 === Giellpar ??unctions --- ? 6 2 dee monmiliza(tesd)s i Pa) tak = Surtees) linn) pa 2D tex t@omunicodedatasnonma lize (GNEKDaP 2B FAD POGU(F[A0-2-VNssMo=I]o ??DA 2 def datect_unleasi)s 6) mnogmaliize (texts)) 2] Ur Samer inda lll (SUSPLGLOUSRURIMIRE( 28 TEx Sin = ? D2) for ? im arliss 3 for ? im Bl | SEE lintplel basequencemMatchel B2) if S D> OoG8 PROREYS (7) SIERMINAL SED (Veny) EDSEG:\UsensNAGL Aap RO}CCINATE REO) NATEB EO): ?? GUE 1 Gd Co\Wragran Files\W",0,0.020200000000000003
2025-11-29T12:41:53.310333,snapshot,0,0,train_model.py - AI_Proj - Visual Studio Code,,,,"SS erage OO tmd mF > CT | Cee Pasa a ele eee | tS CATESINENS SMe RScreen?monitonpyso) ; ZTAITPROJ) Bcatcaintmodelipy > @aomelze QQ Mtawhettar 9 IAGEL_GOL = ??frall? > wey 10 9 oeclean?screentmonitorslog py, ia = ? tebe. iuiittersy 12 Wwarkiy WoOur Scoot?? ??pdeke pass & citsivinn dtetaanon hell 13 ??ecurity allart?? ??ccount suspends iS ia Gani Adeneity?? S ankwaccountes 5 ?63 eae =a phishing??odel!pkl 5 J 16 = (??aymal?, Baik?? Iniaresart?? oo screen?monitorautoslabeled csv, s/ESUS D1 OLOUSRUR IMEREGEX@Maag (tC S477] ONS) 118 S 1 === Giellpar ??unctions --- ? 6 2 dee monmiliza(tesd)s i Pa) tak = Surtees) linn) pa 2D tex t@omunicodedatasnonma lize (GNEKDaP 2B FAD POGU(F[A0-2-VNssMo=I]o ??DA 2 def datect_unleasi)s 6) mnogmaliize (texts)) 2] Ur Samer inda lll (SUSPLGLOUSRURIMIRE( 28 TEx Sin = ? D2) for ? im arliss 3 for ? im Bl | SEE lintplel basequencemMatchel B2) if S D> OoG8 PROREYS (7) SIERMINAL SED (Veny) EDSEG:\UsensNAGL Aap RO}CCINATE REO) NATEB EO): ?? GUE 1 Gd Co\Wragran Files\W",0,0.020200000000000003
2025-11-29T12:41:57.141316,snapshot,0,0,train_model.py - AI_Proj - Visual Studio Code,,,,"SS erage OO tmd mF > CT | Cee Pasa a ele eee | tS CATESINENS SMe RScreen?monitonpyso) ; ZTAITPROJ) Bcatcaintmodelipy > @aomelze QQ Mtawhettar 9 IAGEL_GOL = ??frall? > wey 10 9 oeclean?screentmonitorslog py, ia = ? tebe. iuiittersy 12 Wwarkiy WoOur Scoot?? ??pdeke pass & citsivinn dtetaanon hell 13 ??ecurity allart?? ??ccount suspends iS ia Gani Adeneity?? S ankwaccountes 5 ?63 eae =a phishing??odel!pkl 5 J 16 = (??aymal?, Baik?? Iniaresart?? oo screen?monitorautoslabeled csv, s/ESUS D1 OLOUSRUR IMEREGEX@Maag (tC S477] ONS) 118 S 1 === Giellpar ??unctions --- ? 6 2 dee monmiliza(tesd)s i Pa) tak = Surtees) linn) pa 2D tex t@omunicodedatasnonma lize (GNEKDaP 2B FAD POGU(F[A0-2-VNssMo=I]o ??DA 2 def datect_unleasi)s 6) mnogmaliize (texts)) 2] Ur Samer inda lll (SUSPLGLOUSRURIMIRE( 28 TEx Sin = ? D2) for ? im arliss 3 for ? im Bl | SEE lintplel basequencemMatchel B2) if S D> OoG8 PROREYS (7) SIERMINAL SED (Veny) EDSEG:\UsensNAGL Aap RO}CCINATE REO) NATEB EO): ?? GUE 1 Gd Co\Wragran Files\W",0,0.020200000000000003
2025-11-29T12:42:01.006870,snapshot,0,0,screen_monitor.py - AI_Proj - Visual Studio Code,,,,,0,0.0
2025-11-29T12:42:04.799630,snapshot,0,0,screen_monitor.py - AI_Proj - Visual Studio Code,,,,,0,0.0
2025-11-29T12:42:07.451508,snapshot,0,0,Labeling issue explanation - Google Chrome,,,,8 || @ mmemaapd-Goagebn |? : PTARPRON) a trankn ode! Dy Pe 2x3 Qs Mawsetd ar] ae CMR MECHatgptcom/c/o92aa7bGe4d9G.83232b3016669564988d6b oo ChatGRIay Newicnat Whet you nese Q Search diets You amt fis he piadine ex @) Uneny WAEnsuresyourgscreenim Your chats RightinowsyoumGeSVistoresicc abelinglissuctexplanation) matimestanp) Drojectiimprovement{plan) ? Gren Kybersccurityprojecilidcas) But{nottactualfextracted|OGE DownloadiGithuolRepowvines Wav oulexpectedisometh lO@description\fogBlugX! ini MMJreporttgenerationtoveny?? IlImodelstfogreporugence??GorLOE ? ??rity your ? (oc eile gencettm insteadhyoulhaves IMbStmatchingrand|Mitrelanss ina Seine water in Gelechiem,0,0.01036036036036036
2025-11-29T12:42:09.488572,snapshot,0,0,New tab - Google Chrome,,,,"| 8 || 2505.06836V2.pdfexGoogle|DL imma abelinglissueexplanation) Ba ICE OCR BGC Foe 7 tee Gk Semaniont) oc | Res ""@r6 won oid | OCATES! eT PE IARPRON a trankn ode! Oy Pe xx3 Os Mawartd ar] ??> ??? SadhhGagheartpoo oo | Q. Search Google or type a URL we A a ine, Lr ChatGeis ViewDNStinfo frome Rage Findleme",0,0.018241042345276872
2025-11-29T12:42:13.274444,snapshot,0,0,screen_monitor.py - AI_Proj - Visual Studio Code,,,,"??h comnommeaene|@ SD tmil Gp CP OF OCR BGK Foe J tos Gk Semanont) ec [ R = @5 6 won ord | 0 CATES! ??ee ?? o CeRscreen?monitorpylomx ZAIIPROS) kes creen?moniton py Paes Q > New feler sa importawins2comeclaenta@asmwins2comn se :) Sere Ro ekcleantscreen?monitorslog??y) 38 ipORE auatar as ? (ebo buitdonay a from Canter fipert measqgdiox aiuto Aeteacreciete(h H Gren RAR Inport Oakiop ? pitkiting dteresiongeit 5 = @aapt Baaptiion as es Sai =aphishingtmodel pK 57 AG OBBUGS _ 38 | | (RINE (Uiiatins-cpechhie finport Bo) oe 8 === GOMFXS == & 62) (CAP TUREMINTERVAIME=R ONG) _Oscomomeniopy Og aR REGEN STE ? Ga ? cata madelpy 1 @@ GSFME = ""soraan_moniter_aute_Ieelk CS CURA _OMSET = (6, 06) COMME AX @OGRECHARSE=ETOCG) oy CHLIENLOMF = 3) & minim average (68) ? EW _GIEWS = (emil?? Wrtiek, ? 70) PHTSHINGEKEYWORDS =m [l ?? mV CinithymY OUlACCOUN tanmmUDCatempas SwOl, 2) ""eaenrity alert?? ??ccom sugnaniad?, PB ""eonfinn idantit, oak aceon, Za Warify idaatity, ??asat pasar?? ? PROGMENS (7) TERMINA ae (va",0,0.0216
2025-11-29T12:42:17.158493,snapshot,0,0,screen_monitor.py - AI_Proj - Visual Studio Code,,,,"??h comnommeaene|@ SD tmil Gp CP OF OCR BGK Foe J tos Gk Semanont) ec [ R = @5 6 won ord | 0 CATES! ??ee ?? o CeRscreen?monitorpylomx ZAIIPROS) kes creen?moniton py Paes Q > New feler sa importawins2comeclaenta@asmwins2comn se :) Sere Ro ekcleantscreen?monitorslog??y) 38 ipORE auatar as ? (ebo buitdonay a from Canter fipert measqgdiox aiuto Aeteacreciete(h H Gren RAR Inport Oakiop ? pitkiting dteresiongeit 5 = @aapt Baaptiion as es Sai =aphishingtmodel pK 57 AG OBBUGS _ 38 | | (RINE (Uiiatins-cpechhie finport Bo) oe 8 === GOMFXS == & 62) (CAP TUREMINTERVAIME=R ONG) _Oscomomeniopy Og aR REGEN STE ? Ga ? cata madelpy 1 @@ GSFME = ""soraan_moniter_aute_Ieelk CS CURA _OMSET = (6, 06) COMME AX @OGRECHARSE=ETOCG) oy CHLIENLOMF = 3) & minim average (68) ? EW _GIEWS = (emil?? Wrtiek, ? 70) PHTSHINGEKEYWORDS =m [l ?? mV CinithymY OUlACCOUN tanmmUDCatempas SwOl, 2) ""eaenrity alert?? ??ccom sugnaniad?, PB ""eonfinn idantit, oak aceon, Za Warify idaatity, ??asat pasar?? ? PROGMENS (7) TERMINA ae (va",0,0.0216
2025-11-29T12:42:21.006800,snapshot,0,0,screen_monitor.py - AI_Proj - Visual Studio Code,,,,"Ue comaomenocens|?) RO Tamia) Wp Set | |eeare (Seek eae NSE ??€?€?€?€?€?€?€?€?€?€?€?€?€?| yee ao ? garonmoniionay S 8 \ZTAITPROJ) ?? saeenmonttengy > ?x Q > New feler sa importawins2comeclaenta@asmwins2comn onal 5 | Amun Gitar 20 Ge oeclean?screentmonitorslog py, Be) Tip: Uagwar as eM iapellbuilder 34 from tainter impert messages S cine tea an 3 FOmEDYWi Nau LOMIMpOrta Desktop) [SS 5 exempt @S @8 > > =a phishing??odel!pkl Sp DEBUG? 53 SB | | pln (@Windowsespecitl cEimport screen?monitorzautoslabeledicsv) 9) QO = & === CONFIG == S screensmonitorauiallog:csy, o COOTURERINTERVAMERONG) 6B E PGEERCAcitmodel py 9 CA = ""serean_moniter_euiie_lefale S CHERLUNY_OFFSET = (DB 26) 66) GEELORR GIRS = C7 MCNEMEANKCON Fle O MEE. TMM) 63) 69) GAW_GCLIEINS ? (Temi, Toutiedk, * ?70) ef ?? eV CT YY OUlmAC COUN tema DCatempas wor 2) ""eaenrity alert?? ??ccom sugnaniad?, ? ""eoniinn identity?? Tank account? ma Wvarhiiy identity?? ??eset paseord?? ? PROGENS (7) cTERMINALEEE \(venv) EPSEG:USeRSNAGES E\DEO) ectN ATS DEO) NAT",0,0.022013820335636723
2025-11-29T12:42:23.345733,snapshot,0,0,(5) WhatsApp - Google Chrome,,,,83 6 Fakepphishinggemails) PIE) InomenUBMannheinytesserag BARPRON a trankn ode! Oy Se xx3 Os Monactd ar] e? > ??B&B e? WhatsApp 8 owe Malaika) fe) eee Q Ackles Mer Seana (Ges \ 2 Untead Mm EaVvOrites ummm GTOUDS) : 7 [> Omremm Messagelnotificationstareloff@lumon) x C17 = ' ia By ??ittps://docs!googlefcom/spreadsheets/d/iSs ia ; 2 Malaika) 131M) Vy alaisalkrtyihaifaiselhijrehneldetehailsigsei kahyae : (fe) Welarcliniciis 10M abibagOhooosorsad| ;,0,0.011383928571428573
2025-11-29T12:42:25.300508,snapshot,0,0,New tab - Google Chrome,,,,"| 8 || ? sonomaeed-Compor 8 | ? Lssingkwsegination Ba ICE OCR BGC Foe 7 tee Gk Semaniont) oc | Res ""@r6 won oid | OCATES! I PE IARPRON a trankn ode! Oy Pe xx3 Os Mawartd ar] ??> ??? SadhhGagheartpoo oo | Q. Search Google or type a URL we A a a ir ChatGeis ViewDNStinfo frome Rage Findleme",0,0.01840277777777778
2025-11-29T12:42:27.038640,snapshot,0,0,Labeling issue explanation - Google Chrome,,,,8 || @ mmemaapd-Goagebn |? : PTARPRON) a trankn ode! Dy Pe 2x3 Qs Mawsetd ar] ae CMR MECHatgptcom/c/o92aa7bGe4d9G.83232b3016669564988d6b oo ChatGRIay Newicnat Whet you nese Q Search diets You amt fis he piadine ex @) Uneny WAEnsuresyourgscreenim Your chats RightinowsyoumGeSVistoresicc abelinglissuctexplanation) matimestanp) Drojectiimprovement{plan) ? Gren Kybersccurityprojecilidcas) But{nottactualfextracted|OGE DownloadiGithuolRepowvines Wav oulexpectedisometh lO@description\fogBlugX! ini MMJreporttgenerationtoveny?? IlImodelstfogreporugence??GorLOE ? ??rity your ? (oc eile gencettm insteadhyoulhaves IMbStmatchingrand|Mitrelanss ina Seine water in Gelechiem,0,0.01036036036036036
2025-11-29T12:42:29.189514,snapshot,0,0,Labeling issue explanation - Google Chrome,,,,8 || @ mmemaapd-Goagebn |? : PTARPRON) a trankn ode! Dy Pe 2x3 Qs Mawsetd ar] ae CMR MECHatgptcom/c/o92aa7bGe4d9G.83232b3016669564988d6b oo ChatGRIay Newicnat Whet you nese Q Search diets You amt fis he piadine ex @) Uneny WAEnsuresyourgscreenim Your chats RightinowsyoumGeSVistoresicc abelinglissuctexplanation) matimestanp) Drojectiimprovement{plan) ? Gren Kybersccurityprojecilidcas) But{nottactualfextracted|OGE DownloadiGithuolRepowvines Wav oulexpectedisometh lO@description\fogBlugX! ini MMJreporttgenerationtoveny?? IlImodelstfogreporugence??GorLOE ? ??rity your ? (oc eile gencettm insteadhyoulhaves IMbStmatchingrand|Mitrelanss ina Seine water in Gelechiem,0,0.01036036036036036
2025-11-29T12:42:31.291687,snapshot,0,0,Labeling issue explanation - Google Chrome,,,,"3 || @ amemeaapai-GoagteDn = |? : PTARPRON) a trankn ode! Dy Pe 2x3 Qs Mawsetd ar] ae CMR MECHatgptcom/c/o92aa7bGe4d9G.83232b3016669564988d6b (GhatGRiK Newicnat Whet you nese Q Search diets You amt fis he piadine ex @) Uneny WAEnsuresyourgscreenim Your chats RightinowsyoumGeSVistoresicc abelinglissuctexplanation) matimestanp) Drojectiimprovement{plan) ? Gren Kybersccurityprojecilidcas) But{nottactualfextracted|OGE DownloadiGithuolRepowvines Wav oulexpectedisometh OC ctasapitem fer lings / Coen se Oe ??MIreportigenerationlovenvis OGR/tessdata/engitrained wate WARNING! ILENE clefact Und teraqpeRg OGR/tessdata/eng!trained lO@tablefgeneration) WARING LENG chijaat @, OGR/tessdata/eng!trained MES matciing end Mitte em. OGRIresultignored|duelto SalinetwateminiBalochistant ??GRIresulttignored{duelto",0,0.013092269326683293
2025-11-29T12:42:33.218789,snapshot,0,0,Labeling issue explanation - Google Chrome,,,,83 | @ wonemmaea-EngeOr |? PTARPRON) a trankn ode! Dy Pe 2x3 Qs Mawsetd ar] ae CMR MECHatgptcom/c/o92aa7bGe4d9G.83232b3016669564988d6b (GhatGRiK Newicnat Whet you nese Q Search diets Vourmustrixtnerpipelineythat @) Uneny Waensure}yourscreenim Your chats RightinowsyoumGeSVistoresicc abelinglissuctexplanation) matimestanp) Drojectiimprovement{plan) ? Cen Gybarssauiy puefisct idtsas ButnottactuallextractadOCr DownloadiGithuolRepowvines Wavoulexpectedisometh ??OGR/tessdata/engitrained MMreporigenerationtoven/ss ? WARNINGINEAK object MImodels\forreportigeneras OGR/tessdata/eng trained WARNING! ILENE clefact tableygeneration tae een OGR/tessdata/eng!trained IMbSImatchingfand|Mitreyanss OGR cask igqnesad) cha t Safina wetter to Balacistem OGR casi ignored) dina te,0,0.01290743155149935
2025-11-29T12:42:35.205152,snapshot,0,0,Labeling issue explanation - Google Chrome,,,,83 || ? aonecmnapat-CoogteOs x | ? BIARPRON a trankn ode! Oy Pe xx3 Os Mowactd ar] ae CMR MECHatgptcom/c/o92aa7bGe4d9G.83232b3016669564988d6b (GhatGRiK Newicnat Whet you nese Q Search diets Vourmustrixtnerpipelineythat @) Uneny Waensure}yourscreenim Your chats RightinowsyoumGeSVistoresicc abelinglissuctexplanation) matimestanp) Drojectiimprovement{plan) ? Cen Kybersccurityprojecilidcas) But{nottactualfextracted|OGE DownloadiGithuolRepowvines Wavoulexpectedisometh ??OGR/tessdata/engitrained II MIrepontgenerationtoveryss ? WARNINGINEAK object MImodels\forreportigeneras OGR/tessdata/eng trained WARNING! ILENE clefact tableygeneration tae een OGR/tessdata/eng!trained IMbSImatchingfand|Mitreyanss OGR cask igqnesad) cha t Salina wetter ta Balochistan OGR eau ignored dina to,0,0.013110539845758355
2025-11-29T12:42:37.215801,snapshot,0,0,Labeling issue explanation - Google Chrome,,,,83 | @ wonemmaea-EngeOr |? BIARPRON a trankn ode! Oy Pe xx3 Os Mowactd ar] ae CMR MECHatgptcom/c/o92aa7bGe4d9G.83232b3016669564988d6b oo (GhatGRiK Newicnat Whet you nese Q Search diets Vourmustrixtnerpipelineythat @) libeny Waensurelyourscreenim Your chats RightinowsyoumGeSVistoresicc abelinglissuctexplanation) matimestanp) Drojectiimprovement{plan) ? Cen Kybersccurityprojecilidcas) But{nottactualfextracted|OGE Download|GithiublRepo\win's Wavoulexpectedisometh ??OGR/tessdata/engitrained MIreporygenerationtovery ss ? WARNINGINEAK object MImodels\forreportigeneras OGR/tessdata/eng trained WARNING! ILENE clefact tableygeneration) tae een OGR/tessdata/eng!trained IMbSImatchingfand|Mitreyanss OGR cask igqnesad) cha t Seine water in Gelechiem OGR cesult ignored dina to,0,0.012807244501940493
2025-11-29T12:42:39.461293,snapshot,0,0,Labeling issue explanation - Google Chrome,,,,83 | @ wonemmaea-EngeOr |? BIARPRON a trankn ode! Oy Pe xx3 Os Mowactd ar] ae CMR MECHatgptcom/c/o92aa7bGe4d9G.83232b3016669564988d6b oo (GhatGRiK Newicnat Whet you nese Q Search diets Vourmustrixtnerpipelineythat @) libeny Waensurelyourscreenim Your chats RightinowsyoumGeSVistoresicc abelinglissuctexplanation) matimestanp) Drojectiimprovement{plan) ? Cen Kybersccurityprojecilidcas) But{nottactualfextracted|OGE Download|GithiublRepo\win's Wavoulexpectedisometh ??OGR/tessdata/engitrained MIreporygenerationtovery ss ? WARNINGINEAK object MImodels\forreportigeneras OGR/tessdata/eng trained WARNING! ILENE clefact tableygeneration) tae een OGR/tessdata/eng!trained IMbSImatchingfand|Mitreyanss OGR cask igqnesad) cha t Seine water in Gelechiem OGR cesult ignexad dua te,0,0.012823834196891194
2025-11-29T12:42:41.357468,snapshot,0,0,Labeling issue explanation - Google Chrome,,,,83 | @ wonemmaea-EngeOr |? BIARPRON a trankn ode! Oy Pe xx3 Os Mowactd ar] ae CMR MECHatgptcom/c/o92aa7bGe4d9G.83232b3016669564988d6b oo (GhatGRiK Newicnat Whet you nese Q Search diets Vourmustrixtnerpipelineythat @) libeny Waensurelyourscreenim Your chats RightinowsyoumGeSVistoresicc abelinglissuctexplanation) matimestanp) Drojectiimprovement{plan) ? Cen Kybersccurityprojecilidcas) But{nottactualfextracted|OGE Download|GithiublRepo\win's Wavoulexpectedisometh ??OGR/tessdata/engitrained MIreporygenerationtovery ss ? WARNINGINEAK object MImodels\forreportigeneras OGR/tessdata/eng trained WARNING! ILENE clefact tableygeneration) tae een OGR/tessdata/eng!trained IMbSImatchingfand|Mitreyanss OGR cask igqnesad) cha t Seine water in Gelechiem OGR cesult ignexad dua te,0,0.012823834196891194
2025-11-29T12:42:43.290007,snapshot,0,0,Labeling issue explanation - Google Chrome,,,,83 | @ wonemmaea-EngeOr |? BIARPRON a trankn ode! Oy Pe xx3 Os Mowactd ar] ae CMR MECHatgptcom/c/o92aa7bGe4d9G.83232b3016669564988d6b oo (GhatGRiK Newicnat Whet you nese Q Search diets Vourmustrixtnerpipelineythat @) libeny Waensurelyourscreenim Your chats RightinowsyoumGeSVistoresicc abelinglissuctexplanation) matimestanp) Drojectiimprovement{plan) ? Cen Kybersccurityprojecilidcas) But{nottactualfextracted|OGE Download|GithiublRepo\win's Wavoulexpectedisometh ??OGR/tessdata/engitrained MIreporygenerationtovery ss ? WARNINGINEAK object MImodels\forreportigeneras OGR/tessdata/eng trained WARNING! ILENE clefact tableygeneration) tae een OGR/tessdata/eng!trained IMbSImatchingfand|Mitreyanss OGR cask igqnesad) cha t Seine water in Gelechiem OGR cesult ignexad dua te,0,0.012823834196891194
2025-11-29T12:42:45.065272,snapshot,0,0,Labeling issue explanation - Google Chrome,,,,83 || @ anmnonwangan-Cangie Ox x ? | SSeS eee SSS ? > ??Bf GChatGRiay G Kander Q Seandn diets @ Ubreny 0 Your dusts Tabelinglissuctexplanation) Brojecuimprovementplan) Forensiqexaminationssteps Cybersecutityiprojecitideas) Download [GithiublRepoWinw lo@descriptionfouplugx lUMIreportigenerationtovervas iMImodels}fodreportigeneras lOGtablefgeneration) IMbStmatchingrand|Mitrelanss Seine water in Gelechiem,0,0.009876543209876543
2025-11-29T12:42:46.611835,snapshot,0,0,Labeling issue explanation - Google Chrome,,,,83 || @ anmnonwangan-Cangie Ox x ? | SSeS eee SSS ? > ??Bf GChatGRiay G Kander Q Seandn diets @ Ubreny O Your dusts Tabelinglissuctexplanation) Brojecuimprovementplan) Forensiqexaminationssteps Cybersecutityiprojecitideas) Download [GithiublRepoWinw lo@descriptionfouplugx lUMIreportigenerationtovervas iMImodels}fodreportigeneras lOGtablefgeneration) IMbStmatchingrand|Mitrelanss Seine water in Gelechiem,0,0.010123456790123457
2025-11-29T12:42:48.283122,snapshot,0,0,Labeling issue explanation - Google Chrome,,,,83 || @ anmnonwangan-Cangie Ox x ? | SSeS eee SSS ? > ??Bf GChatGRiay G Kander Q Seandn diets @ Ubreny 0 Your dusts Tabelinglissuctexplanation) Brojecuimprovementplan) Forensiqexaminationssteps Cybersecutityiprojecitideas) Download [GithiublRepoWinw lo@descriptionfouplugx lUMIreportigenerationtovervas iMImodels}fodreportigeneras lOGtablefgeneration) IMbStmatchingrand|Mitrelanss Seine water in Gelechiem,0,0.009876543209876543
2025-11-29T12:42:49.886860,snapshot,0,0,Labeling issue explanation - Google Chrome,,,,83 || @ anmnonwangan-Cangie Ox x ? | SSeS eee SSS ? > ??Bf GChatGRiay G Kander Q Seandn diets @ Ubreny O Your dusts Tabelinglissuctexplanation) Brojecuimprovementplan) Forensiqexaminationssteps Cybersecutityiprojecitideas) Download [GithiublRepoWinw lo@descriptionfouplugx lUMIreportigenerationtovervas iMImodels}fodreportigeneras lOGtablefgeneration) IMbStmatchingrand|Mitrelanss Seine water in Gelechiem,0,0.010123456790123457
2025-11-29T12:42:51.402678,snapshot,0,0,Labeling issue explanation - Google Chrome,,,,83 || @ anmnonwangan-Cangie Ox x ? | SSeS eee SSS ? > ??Bf GChatGRiay G Kander Q Seandn diets @ Ubreny O Your dusts Tabelinglissuctexplanation) Brojecuimprovementplan) Forensiqexaminationssteps Cybersecutityiprojecitideas) Download [GithiublRepoWinw lo@descriptionfouplugx lUMIreportigenerationtovervas iMImodels}fodreportigeneras lOGtablefgeneration) IMbStmatchingrand|Mitrelanss Seine water in Gelechiem,0,0.010123456790123457
2025-11-29T12:42:52.904051,snapshot,0,0,Labeling issue explanation - Google Chrome,,,,83 || @ anmnonwangan-Cangie Ox x ? | SSeS eee SSS ? > ??Bf GChatGRiay G Kander Q Seandn diets @ Ubreny 0 Your dusts Tabelinglissuctexplanation) Brojecuimprovementplan) Forensiqexaminationssteps Cybersecutityiprojecitideas) Download [GithiublRepoWinw lo@descriptionfouplugx lUMIreportigenerationtovervas iMImodels}fodreportigeneras lOGtablefgeneration) IMbStmatchingrand|Mitrelanss Seine water in Gelechiem,0,0.009876543209876543
2025-11-29T12:42:54.434697,snapshot,0,0,Labeling issue explanation - Google Chrome,,,,83 || @ anmnonwangan-Cangie Ox x ? | SSeS eee SSS ? > ??Bf GChatGRiay G Kander Q Seandn diets @ Ubreny O Your dusts Tabelinglissuctexplanation) Brojecuimprovementplan) Forensiqexaminationssteps Cybersecutityiprojecitideas) Download [GithiublRepoWinw lo@descriptionfouplugx lUMIreportigenerationtovervas iMImodels}fodreportigeneras lOGtablefgeneration) IMbStmatchingrand|Mitrelanss Seine water in Gelechiem,0,0.010123456790123457
2025-11-29T12:42:55.979458,snapshot,0,0,Labeling issue explanation - Google Chrome,,,,83 || @ anmnonwangan-Cangie Ox x ? | SSeS eee SSS ? > ??Bf GChatGRiay G Kander Q Seandn diets @ Ubreny 0 Your dusts Tabelinglissuctexplanation) Brojecuimprovementplan) Forensiqexaminationssteps Cybersecutityiprojecitideas) Download [GithiublRepoWinw lo@descriptionfouplugx lUMIreportigenerationtovervas iMImodels}fodreportigeneras lOGtablefgeneration) IMbStmatchingrand|Mitrelanss Seine water in Gelechiem,0,0.009876543209876543
2025-11-29T12:42:57.568582,snapshot,0,0,Labeling issue explanation - Google Chrome,,,,83 || @ anmnonwangan-Cangie Ox x ? | SSeS eee SSS ? > ??Bf GChatGRiay G Kander Q Seandn diets @ Ubreny O Your dusts Tabelinglissuctexplanation) Brojecuimprovementplan) Forensiqexaminationssteps Cybersecutityiprojecitideas) Download [GithiublRepoWinw lo@descriptionfouplugx lUMIreportigenerationtovervas iMImodels}fodreportigeneras lOGtablefgeneration) IMbStmatchingrand|Mitrelanss Seine water in Gelechiem,0,0.010123456790123457
2025-11-29T12:42:59.086326,snapshot,0,0,Labeling issue explanation - Google Chrome,,,,83 || @ anmnonwangan-Cangie Ox x ? aaa TS ? > ??Bf GChatGRiay G Kander Q Seandn diets @ thay Tibeastener > tha Your chteis Tabelinglissuctexplanation) Brojecuimprovementplan) Forensiqexaminationssteps Cybersecutityiprojecitideas) Download|GithiublRepo\Winw??lo@descriptionfouplugx lUMIreportigenerationtovervas iMImodels}fodreportigeneras lOGtablefgeneration) IMbStmatchingrand|Mitrelanss Seine water in Gelechiem,0,0.008716707021791767
2025-11-29T12:43:00.549249,snapshot,0,0,Labeling issue explanation - Google Chrome,,,,83 || @ anmnonwangan-Cangie Ox x ? aaa TS ? > ??Bf GChatGRiay G Kander Q Seandn diets @ thay Tibeastener > tha Your chteis Tabelinglissuctexplanation) Brojecuimprovementplan) Forensiqexaminationssteps Cybersecutityiprojecitideas) Download|GithiublRepo\Winw??lo@descriptionfouplugx lUMIreportigenerationtovervas iMImodels}fodreportigeneras lOGtablefgeneration) IMbStmatchingrand|Mitrelanss Seine water in Gelechiem,0,0.008716707021791767
2025-11-29T12:43:02.052251,snapshot,0,0,Labeling issue explanation - Google Chrome,,,,83 || @ anmnonwangan-Cangie Ox x ? aaa TS ? > ??Bf GChatGRiay G Kander Q Seandn diets @ thay Tibeastener > tha Your chteis Tabelinglissuctexplanation) Brojecuimprovementplan) Forensiqexaminationssteps Cybersecutityiprojecitideas) Download|GithiublRepo\Winw??lo@descriptionfouplugx lUMIreportigenerationtovervas iMImodels}fodreportigeneras lOGtablefgeneration) IMbStmatchingrand|Mitrelanss Seine water in Gelechiem,0,0.008716707021791767
2025-11-29T12:43:03.524163,snapshot,0,0,Labeling issue explanation - Google Chrome,,,,83 || @ anmnonwangan-Cangie Ox x ? aaa TS ? > ??Bf GChatGRiay G Kander Q Seandn diets @ thay Tibeastener > tha Your chteis Tabelinglissuctexplanation) Brojecuimprovementplan) Forensiqexaminationssteps Cybersecutityiprojecitideas) Download|GithiublRepo\Winw??lo@descriptionfouplugx lUMIreportigenerationtovervas iMImodels}fodreportigeneras lOGtablefgeneration) IMbStmatchingrand|Mitrelanss Seine water in Gelechiem,0,0.008716707021791767
2025-11-29T12:43:04.987580,snapshot,0,0,Labeling issue explanation - Google Chrome,,,,83 || @ anmnonwangan-Cangie Ox x ? aaa TS ? > ??Bf GChatGRiay G Kander Q Seandn diets @ thay Tibeastener > tha Your chteis Tabelinglissuctexplanation) Brojecuimprovementplan) Forensiqexaminationssteps Cybersecutityiprojecitideas) Download|GithiublRepo\Winw??lo@descriptionfouplugx lUMIreportigenerationtovervas iMImodels}fodreportigeneras lOGtablefgeneration) IMbStmatchingrand|Mitrelanss Seine water in Gelechiem,0,0.008716707021791767
2025-11-29T12:43:06.446652,snapshot,0,0,Labeling issue explanation - Google Chrome,,,,83 || @ anmnonwangan-Cangie Ox x ? aaa TS ? > ??Bf GChatGRiay G Kander Q Seandn diets @ thay Tibeastener > tha Your chteis Tabelinglissuctexplanation) Brojecuimprovementplan) Forensiqexaminationssteps Cybersecutityiprojecitideas) Download|GithiublRepo\Winw??lo@descriptionfouplugx lUMIreportigenerationtovervas iMImodels}fodreportigeneras lOGtablefgeneration) IMbStmatchingrand|Mitrelanss Seine water in Gelechiem,0,0.008716707021791767
2025-11-29T12:43:07.927693,snapshot,0,0,Labeling issue explanation - Google Chrome,,,,83 || @ anmnonwangan-Cangie Ox x ? aaa TS ? > ??Bf GChatGRiay G Kander Q Seandn diets @ thay Tibeastener > tha Your chteis Tabelinglissuctexplanation) Brojecuimprovementplan) Forensiqexaminationssteps Cybersecutityiprojecitideas) Download|GithiublRepo\Winw??lo@descriptionfouplugx lUMIreportigenerationtovervas iMImodels}fodreportigeneras lOGtablefgeneration) IMbStmatchingrand|Mitrelanss Seine water in Gelechiem,0,0.008716707021791767
2025-11-29T12:43:09.411622,snapshot,0,0,Labeling issue explanation - Google Chrome,,,,83 || @ anmnonwangan-Cangie Ox x ? aaa TS ? > ??Bf GChatGRiay G Kander Q Seandn diets @ thay Tibeastener > tha Your chteis Tabelinglissuctexplanation) Brojecuimprovementplan) Forensiqexaminationssteps Cybersecutityiprojecitideas) Download|GithiublRepo\Winw??lo@descriptionfouplugx lUMIreportigenerationtovervas iMImodels}fodreportigeneras lOGtablefgeneration) IMbStmatchingrand|Mitrelanss Seine water in Gelechiem,0,0.008716707021791767
2025-11-29T12:43:11.124321,snapshot,0,0,Labeling issue explanation - Google Chrome,,,,BIARPRON a trankn ode! Oy Pe xx3 Os Mowactd ar] ae CMR MECHatgptcom/c/o92aa7bGe4d9G.83232b3016669564988d6b (GhatGRiK Naw chet Q Seandn diets Wibrary) Tibeastener > the aie Your dhatts Your loop abelinglissuelexplanation) never raleasing wor Brojectiimprovementiplan) This heppens whine Gonnte Baminattion Stas <@voutcalllipycessenaces Cybersecurity/projectideas} end) Download|GithiublRepo\Winks x<@Youlneverlimititheyne lO@description\fogBlugX! and] IMTrepontigenerationtovery ss (on execs Coreen gener x<PYouldonityenforceyaiti lOGtablefgeneration) Reenlls Mm lesseractleakstintermallc IMbStmatchingrand|Mitrelanss o The peasss aaa exis,1,0.43813255709807436
2025-11-29T12:43:12.885748,snapshot,0,0,Labeling issue explanation - Google Chrome,,,,BIARPRON a trankn ode! Oy Pe xx3 Os Mowactd ar] ae CMR MECHatgptcom/c/o92aa7bGe4d9G.83232b3016669564988d6b (GhatGRiK Naw chet Q Seandn diets Wibrary) Tibeastener > the aie Your dhatts Your loop abelinglissuelexplanation) never raleasing wor Brojectiimprovementiplan) This heppens whine Gonnte Baminattion Stas <@voutcalllipycessenaces Cybersecurity/projectideas} end) Download|GithiublRepo\Winks x<@Youlneverlimititheyne lO@description\fogBlugX! and] IMTrepontigenerationtovery ss (on execs Coreen gener x<PYouldonityenforceyaiti lOGtablefgeneration) Reenlls Mm lesseractleakstintermallc IMbStmatchingrand|Mitrelanss o The peasss aaa exis,1,0.43813255709807436
2025-11-29T12:43:14.577911,snapshot,0,0,Labeling issue explanation - Google Chrome,,,,BIARPRON a trankn ode! Oy Pe xx3 Os Mowactd ar] ae CMR MECHatgptcom/c/o92aa7bGe4d9G.83232b3016669564988d6b (GhatGRiK Naw chet Q Seandn diets Wibrary) Tibeastener > the aie Your dhatts Your loop abelinglissuelexplanation) never raleasing wor Brojectiimprovementiplan) This heppens whine Gonnte Baminattion Stas <@voutcalllipycessenaces Cybersecurity/projectideas} end) Download|GithiublRepo\Winks x<@Youlneverlimititheyne lO@description\fogBlugX! and] IMTrepontigenerationtovery ss (on execs Coreen gener x<PYouldonityenforceyaiti lOGtablefgeneration) Reenlls Mm lesseractleakstintermallc IMbStmatchingrand|Mitrelanss o The peasss aaa exis,1,0.43813255709807436
2025-11-29T12:43:16.305870,snapshot,0,0,Labeling issue explanation - Google Chrome,,,,BIARPRON a trankn ode! Oy Pe xx3 Os Mowactd ar] ae CMR MECHatgptcom/c/o92aa7bGe4d9G.83232b3016669564988d6b (GhatGRiK Naw chet Q Seandn diets Wibrary) Tibeastener > the aie Your dhatts Your loop abelinglissuelexplanation) never raleasing wor Brojectiimprovementiplan) This heppens whine Gonnte Baminattion Stas <@voutcalllipycessenaces Cybersecurity/projectideas} end) Download|GithiublRepo\Winks x<@Youlneverlimititheyne lO@description\fogBlugX! and] IMTrepontigenerationtovery ss (on execs Coreen gener x<PYouldonityenforceyaiti lOGtablefgeneration) Reenlls Mm lesseractleakstintermallc IMbStmatchingrand|Mitrelanss o The peasss aaa exis,1,0.43813255709807436
2025-11-29T12:43:18.182195,snapshot,0,0,Labeling issue explanation - Google Chrome,,,,BIARPRON a trankn ode! Oy Pe xx3 Os Mowactd ar] ae CMR MECHatgptcom/c/o92aa7bGe4d9G.83232b3016669564988d6b (GhatGRiK Naw chet Q Seandn diets Wibrary) Tibeastener > the aie Your dhatts Your loop abelinglissuelexplanation) never raleasing wor Brojectiimprovementiplan) This heppens whine Gonnte Baminattion Stas <@voutcalllipycessenaces Cybersecurity/projectideas} end) Download|GithiublRepo\Winks x<@Youlneverlimititheyne lO@description\fogBlugX! and] IMTrepontigenerationtovery ss (on execs Coreen gener x<PYouldonityenforceyaiti lOGtablefgeneration) Reenlls Mm lesseractleakstintermallc IMbStmatchingrand|Mitrelanss o The peasss aaa exis,1,0.43813255709807436
2025-11-29T12:43:20.432562,snapshot,0,0,Labeling issue explanation - Google Chrome,,,,,0,0.0
2025-11-29T12:43:22.859962,snapshot,0,0,Labeling issue explanation - Google Chrome,,,,,0,0.0
2025-11-29T12:43:25.214006,snapshot,0,0,Labeling issue explanation - Google Chrome,,,,83 || @ anacmsMpa-Gaagtobn 5 |? : PTARPRON) a trankn ode! Dy Pe 2x3 Qs Mawsetd ar] ? > ?? B8 ChatGRIay Naw chet ? We 3 o Yenesauamiings les Q Seandn diets sharp) Wibrary WARNING RUEAK Roby CCE Your dusts abelinglissuctexplanation) Andithelloopigetsistuckipiint Drojectiimprovement{plan) css ForensigExamination}steps) ORR FEM Agnerad dhe & Cybersecurity/projectideas} OGREResu lity duegtc Dornload GU Repo Win. lO@description\fogBlugX! MMfreportygenerationloveryss FDS use MImodels\fogrepontgencras iherstablelwayiis3 loGtableygencration X<PAvoid{calling[pytesser MDS cnetding arn Mtoe.? Acallliesseraciithrough Seine water in Gelechiem _,1,0.4418943125839678
2025-11-29T12:43:27.512210,snapshot,0,0,Labeling issue explanation - Google Chrome,,,,,0,0.0
2025-11-29T12:43:29.942988,snapshot,0,0,Labeling issue explanation - Google Chrome,,,,"83 |\@ annonwanpe-CogieOr 53 |? : PTARPRON) a trankn ode! Dy Pe 2x3 Qs Mawsetd ar] ? > G 8&8 (ChatGPigy Navciet Q Search diets FDS use Wibrary aLheystablejwaylis: Your dusts x<@Avoid|calling}pytesser abelinglissuefexplanation) Project tmprowenent plem Wacallitesseractithrough Forensiqexaminatiomssteps WaRestaliglesseractiatte Gybersecurityprojectideas RAOnIyiOGRionceleveny, DownloadiGithuolRepowvines wee t= %Y Ih iaohing chang Plays ????This completely prevents met MJreport{generationfoveryss iMImodels}fodreportigeneras fotablegencretion icantgeneratey MPS axtdigend Mitkoen. Budlneedfonelquicktanswer: SalineywateniniBalochistan} a",1,0.4378190774742499
2025-11-29T12:43:32.395259,snapshot,0,0,Labeling issue explanation - Google Chrome,,,,"83 || @ anaemasmpat-Gaagte bi = |? BIARPRON a trankn ode! Oy Pe xx3 Os Mowactd ar] ? > ??Bf GhatGRickXy GS Wennetees RaRestartilesseractiatte Q Seandn diets oY Only OGRemad GE @ Ubreny Waskiplifinothingichang: ??r This letelyjprevents) mer Wabeling}issueyexplanation) Drojectiimprovement{plan) Goxenste Bemtietton Steps eantgenerater. Cybersecurity projecttideas) ButiiIneedfonerquicktanswerg Download|Githtub]Repo\winkss ee lO@description\fogBlugX! , ? Which version ? lUMIreportigenerationtovervas (hoosefones iMImodels}fodreportigeneras lo@tabletgeneration MTOGReveryalisecond|(| IMbStmatchingfand| Mitre) ? Gest Eko 0 kewGw Seine water in Gelechiem CO Malet",1,0.4394640155608386
2025-11-29T12:43:34.878846,snapshot,0,0,Labeling issue explanation - Google Chrome,,,,83 || @ anacmsMpa-Gaagtobn 5 |? : PTARPRON) a trankn ode! Dy Pe 2x3 Qs Mawsetd ar] ae CMR MECHatgptcom/c/o92aa7bGe4d9G.83232b3016669564988d6b (GhatGRiK WG So Soo moor moma sp Naw chet Waskiplifinothingichang: Q Seandn diets aLhistcompletely/preventsimer Uireny Your chteis 6 Wabelinglissuctexplanation) @ lem genset. Drojectiimprovement{plan) But one ForensiciExamination}steps) ybersecurityprojectideas ? Which version ? lO@description\fogBlugX! GReaany1 sas) ( IM MIreportygenerationtovery?? O Rm NMImodels\forreportigeneras 0 kewGw (OC eiteganettion ? Molzes MbSfmatchingfand|Mitrerans (2) ORRenfy when W che SalineywateniniBalochistan} femme Detectsiscreemchanges},1,0.43934987168520107
2025-11-29T12:43:37.296328,snapshot,0,0,Labeling issue explanation - Google Chrome,,,,83 || @ anaemasmpat-Gaagte bi = |? PTARPRON) a trankn ode! Dy Pe 2x3 Qs Mawsetd ar] ae CMR MECHatgptcom/c/o92aa7bGe4d9G.83232b3016669564988d6b ChatGRigy INew!chat} ce Q Seach hats eantgenerater: @ Ubreny But{lIneedfonerquickfanswers Your chteis Wabeling}issueyexplanation) Drojectiimprovement{plan) g Which version ? ForensiciExamination}steps) Gases ens ybersecurityprojectideas @Grevany 1 sagan) ( Downlocc (Git UOiRepo Wim O Gast [e) (OC Cesrytor Gar Cape Notes Mireportygenerationtovery as anna canadien (2) ORRenfy when W che fem Detectsiscreentchanges) lOGtablefgeneration) o BassOReniywhan a IMbStmatchingrand|Mitrelanss (8) ORenhyguadiite wita Seine water in Gelechiem CS,1,0.4396170839469809
2025-11-29T12:43:39.786659,snapshot,0,0,Labeling issue explanation - Google Chrome,,,,"83 || @ anaemasmpat-Gaagte bi = |? PTARPRON) a trankn ode! Dy Pe 2x3 Qs Mawsetd ar] ? > ?? B8 (ChatGRigg G@ Navcet Gut ) mea) one epick enswar Q Search diets a @ Ubreny ; ? Which version ? Your chats Ghoosevones Wabeling}issueyexplanation) Mock teveryaltsecond|(| Drojectiimprovement{plan) O (aS ForensiclExamination}steps) o lewGEy Cybersecurity projecttideas) ? Nokes Dorundead Cid Rayo Win. 2) ORenhywian UW ae lO@description\fogblugx fem Detectsiscreen|changes, NMreportygenerationloveryss Oo PessOGRenhyutien a IlMImodels\fogreporugeneos (8) OcRemfygpadiite wih loGtableygencration me onlyianalyzeliskyawindo IMbStmatchingrand|Mitrelanss Weny ist aniiie GU Sihowster ta Blackie ETOGRifullfscreentcontir",1,0.4390381895332391
2025-11-29T12:43:42.121086,snapshot,0,0,Labeling issue explanation - Google Chrome,,,,3 || @ amemeaapai-GoagteDn = |? SD GC & deiephaomfe/GOoaciine Lite C4060 ANB eMNnAla GREtePT v G ancien BudlIneedtone(quicktanswers Q Sear chats ee ? thay ? Which version ? Your dtats Ghoosevones Nesting so cenetisn (9) CGRevaHy 1 sacond ( Brojecuimprovementplan) Oo FR rorensiciexaminavionsteps ? NewGU eybersecurityprojectideas ? Molzets Download]GithiubRepo\wines (2) GReafy when W che logdescriptionoblucy4 i Detects\screentchanges Miviresorigererctionoves??? PesORenhywhsn az IlMImodels\fogreporugeneos EOGERYonlyispecifiqwin loGtableygencration me onlyianalyzeliskyawindo MDS metditig and Mikoan.. ? Wenytest cabin GAD SalincwatenimBalochistan) (0) OER itil saaen conti,1,0.43983068783068785
2025-11-29T12:43:44.550441,snapshot,0,0,Labeling issue explanation - Google Chrome,,,,"83 |\@ annonwanpe-CogieOr 53 |? BIARPRON a trankn ode! Oy Pe xx3 Os Mowactd ar] ? > ?? B&B ChatGRIy tomate (8) OReafyguediie win eM Onlyanalyzeprisky,windo @ Search diets y MaVeryarastaminimalkeRw) Vibraty EMOGR fulllscreentcontir Your chats oO Mex ctaciion abelinglissuetexplanation) ME Requiresjieak=proot logic Drojectiimprovement{plan) oe ForensiciExamination}steps) oY Aer you Cybersecurity/projectideas} Dextend) Gud Repo Win. VAEully}working}screentir lo@description|fogelugx J No cuamany leeks ET Mibeponugenerationloveny Valesseractisubprocessiw MImodels\forreportigeneras Valimeoutihandling) lOGtablefgeneration) Automaticirestanto fo IMbStmatchingrand|Mitrelanss f Sihowster ta Blackie J Reaper Gy legging",1,0.43890662410215486
2025-11-29T12:43:46.789849,snapshot,0,0,,,,,88 Fakerphishingyemalls) ein) IPomenUB:Mannnein/tesserag BARPRON a trankn ode! Oy Se xx3 Os Monactd ar] e? > ??B&B eo WhatsApp 8 Rowe Malaika ) eee Q Ackles Mer Seana (Ges \ 2 Untead Mm EaVvOrites ummm GTOUDS) : 7 [> Omremm Message notificationsfarelotfarumion) x ow S | ia By ??ittps://docs!googlefcom/spreadsheets/d/iSs ia ; 2 Malaika) 5:13)2M) Vy alaisalkrtyihaifaiselhijrehneldetehailsigsei kahyae : (fe) Welarcliniciis 10M abibagOhooosorsad| ;,0,0.011160714285714288
2025-11-29T12:43:49.029195,snapshot,0,0,screen_monitor.py - AI_Proj - Visual Studio Code,,,,,0,0.0
2025-11-29T12:43:52.644521,snapshot,0,0,screen_monitor.py - AI_Proj - Visual Studio Code,,,,"BS comnaeacemaee FO wai op SP | |eeare (Seek eae NSE ??€?€?€?€?€?€?€?€?€?€?€?€?€?| yee oo ? saeenmentiongy ? 2 \ZTAITPROJ) ?? saeenmonttengy > ?x QQ > Hts fetter 5a import winweomcliicnt as eiaeQean > don 3 | pet attear eo eoxclean?screen?monitorlogypy, 53 Tip: Uagwar as ? (ef uiittter Sa from tdiotar onpert ae 5S Gren PRD sapere =aphishingedetectorjobliby 56 excepts 8 @8 53 =a phishing??odel!pkl Sy FEDEBUGS 50 58 Pee painc @uindowsespecinicm mport iscreensmonitorautoslabeled:csv) 59) & == COMFUS == S Screen??onitorauiallogrcsyj 5 o COWRE MTA = 6.6 63 e PGEERCAcitmodel py 9d Ga = ""geraen_maniter_euto_lefeie GS GOVERN GHSET = (03, 23) GH GC OER GIRS = ov] CMLIERMLOOMF = 3 8 minimm 8 70) ef A Werifiy your aceeuNt?? ??adete passsser 72 ""security allart?, ??ccom suspantad, ? CON fi impr en tei yapmmab ankeacCcoun tay mmEc Za ??erify identity?? ??esst passord?, ? PROGMENS (7) TERMINALS (ven) RBSEG:\Usens\AGtan\ proj ect\A lapno) \Al@ any: iresulit3 [dueRtoplow} resulta [dueRtoplow} resulta [dueRtoplow} ",1,0.4423917642081512
2025-11-29T12:43:56.299650,snapshot,0,0,screen_monitor.py - AI_Proj - Visual Studio Code,,,,"BS comnaeacemaee FO wai op SP | |eeare (Seek eae NSE ??€?€?€?€?€?€?€?€?€?€?€?€?€?| yee oo ? saeenmentiongy ? 2 \ZTAITPROJ) ?? saeenmonttengy > ?x QQ > Hts fetter 5a import winweomcliicnt as eiaeQean > don 3 | pet attear eo eoxclean?screen?monitorlogypy, 53 Tip: Uagwar as eNiabellbuilder ead from tinker ampere ae 5S Gren PRD sapere =aphishingedetectorjobliby 56 excepts 8 @8 53 =a phishing??odel!pkl Sy FEDEBUGS 53 SB | | pln (@Windowsespecitl cEimport iscreensmonitorautoslabeled:csv) 59) & == COMFUS == S Screen??onitorauiallogrcsyj 5 o COWRE MTA = 6.6 2 SERENE Og e Ay O tatnmadeigy 1 @ = ""screen momiter_antio_lepelle GS GOVERN GHSET = (03, 23) GH GC OER GIRS = ov] CMLIERMLOOMF = 3 8 minimm 63} 70) ef A Werifiy your aceeuNt?? ??adete passsser 72 ""security allart?, ??ccom suspantad, ? CON fi impr en tei yapmmab ankeacCcoun tay mmEc PROGMENS (7) TERMINALS (ven) RBSEG:\Usens\AGtan\ proj ect\A lapno) \Al@ any: iresulit3 [dueRtoplow} resulta [dueRtoplow} resulta [dueRtoplow} iresulity [dueRtoplow} OGRRenno",1,0.4431814976731068
2025-11-29T12:44:00.129238,snapshot,0,0,train_model.py - AI_Proj - Visual Studio Code,,,,,0,0.0
2025-11-29T12:44:03.771513,snapshot,0,0,train_model.py - AI_Proj - Visual Studio Code,,,,"We commmoresegeoeama|e> Sm Tami We ? | |exeente (Seek eae NSE ??€?€?| Cm ws oop eltrain?model DyRImES TAIEPROJ) Becat aint modelipy Pasidetecttur] QQ Mtawhettar 9 IAGEL_GOL = ??frall? > waaay 10 9 oeclean?screentmonitorslog py, ia = misbellbuilderpy, 12 varity your accomt?? ??ate pees & siiiitine ereraronfttelli> 13 ??ecurity alart?, ??asount a ""conftinn identity?? ??ene ascot?? 53 =a phishing??odel!pkl 5 J 16 = (""paal?? ??at?? Taierosa??? : oo screensmonitorautoslabeled'csv) 17 ?USP ACICUS_UM. REGEX = F (otis? s//IANs: 18 Q ae >os> Ef ==> S 19 @ ==> Melipar ??unctions ce) iscreensmonitorpy, % det manmalliiza(iet)s 1 Pal Gar ? SwA(tast) Len) Bs 2D texte mun codedatasnonmaliize @NEKDa 2B FAD POGU(F[A0-2-VNssMo=I]o ??2A S def detwact_wul(tad)s a | Smnonmalize (texts)) 2] Url Samer ida lull (SUSPLGLOUSSURIMIRE( 28 TEx Sin = ? D9) for ? fim UAliss BO) for ? ii Bl | SEE lintplel basequencemMatchel Bi RF S D> O68 PROGMENS (0) TERMINALS (ven) RBSEG:\Usens\AGtan\ proj ect\A lapno) \Al@ any: ires",0,0.015469061876247506
2025-11-29T12:45:07.147052,snapshot,0,0,train_model.py - AI_Proj - Visual Studio Code,,,,"<4. ??€?€?€? SS) bits G?k Satection Ute Go Rum temmin otelp e>| | xo ? toh madalpy 0 Y GED a traintmodel py paedetectturl QQ Mtawhettar 9 IAGEL_GOL = ??frall? > way 10 9 oeclean?screentmonitorslog py, ia = ? tebe Ruiter 12 Wwarkiy WoOur Scoot?? ??pdeke pass & phishing. dteraononsfeti ? Samrety alert?? Nacsomt suspen nas | contin Adtatity?? Themis aacount?? phishing?model!pkl iS j 116 = (papal, ??ail, Tniarosort?, : oo screensmonitorauto??abeledicsy) 17 GUSPICIOUS_UM_REGEX ? &'(otips?s//1A\s; 118 S i) @ === (eller functions === ? iscreensmonitorpy, monitor. PY a det inoiTeNitzae (Weeeat) 8 Pal) tex tems th (text) mlLowen (?)) A 22 Cex tw ??uncodedacasnonmalinze @NEKDa 2B PEA POUCH [A2-20-NSsMo-]!o * DAI S def detwact_wul(tad)s a | Smnonmalize (texts)) 2] Url Samer ida lull (SUSPLGLOUSSURIMIRE( 28 TEx Sin = ? 2D for ? fi uPliss BO) for ? im Bl | SEE lintplel basequencemMatchel D2) if ? > Os PROGMENS (0) TERMINALS elPSIG: \USeRSNAGLAT\DhOJ CGt\Ala Pro) NALE PDO) DY thon PSIG: USERS NAGE ai\ ",0,0.017647058823529415
2025-11-29T12:45:09.555148,snapshot,0,0,tk,,,,"[OCRNI% cd eee SS) bets Gok Sstection Ute Go Rum temuran Ce | Ga , , iis Ses oe koltraintmode!pyalexs U) . . ZTAITPROJ) Bcatcaintmodelipy paedetectturl QQ Mtawhettar 9 IAGEL_GOL = ??frall? > wey 10 9 oeclean?screentmonitorslog py, ia = ? tebe. iuiittersy 12 Wwarkiy WoOur Scoot?? ??pdeke pass & citsivinn dtetaanon hell 13 ??ecurity allart?? ??ccount suspends iS ia Gani Adeneity?? peak @ r, ?33 aie ASCOUNE =a phishing??odel!pkl 5 J 16 = (??aymal?, Baik?? Iniaresart?? oo screen?monitorautoslabeled csv, s/ESUS D1 OLOUSRUR IMEREGEX@Maag (tC S477] ONS) 118 S 19 & === Giellpar ??unctions --- ? iscreensmonitorpy, monitor. PY a det monialiiza( eer) 8 Pal} tex tems th (text) mlLowen (?)) pa 2D tex t@omunicodedatasnonma lize (GNEKDaP 2B RECUAD FEST [A9-2O-NSeNo= Io ??DA S def detwact_wul(tad)s a | Smnonmalize (texts)) 2] Url Samer ida lull (SUSPLGLOUSSURIMIRE( 28 TEx Sin = ? 2D for ? im arliss BO) for ? im Bl | SEE lintplel basequencemMatchel D2) if S D> OoG8 PROGMENS (0) TERMINALS elPSIG: \USeRS",0,0.0176
2025-11-29T12:45:11.823066,snapshot,0,0,tk,,,,"Seo"" * a | Cm SE oxo ? wettamadtliay 1 Y GED a traintmodel py paedetectturl QQ Mtawhettar 9 IAGEL_GOL = ??frall? > wey 10 9 oeclean?screentmonitorslog py, ia = ? tebe Ruiter 12 Wwarkiy WoOur Scoot?? ??pdeke pass S sfhsiting AescerstonstsD 13 ??ecurity alart?, ??asount ia COD Gilimpndenticygnmabankgaccountas > =a phishing??odel!pkl as ? ? to) = (""paypal?? ??at?? meresar?? : oo Screen??onitorsautowlabeled\csy, 17 ?USP ACICUS_UM. REGEX = F (otis? s//IANs: 118 S 1 @ ==> Hellpar functions --- ? iscreensmonitorpy, monitor. PY a det nopmalize (exo Bs 2D texte mun codedatasnonmaliize @NEKDa 2B FAD POGU(F[A0-2-VNssMo=I]o ??DA S def detwact_wul(tad)s a | Smnonmalize (texts)) 2] Url Samer ida lull (SUSPLGLOUSSURIMIRE( 28 TEx Sin = ? 2D for ? im arliss BO) for ? im Bl | SEE lintplel basequencemMatchel D2) if S D> OoG8 PROGMENS (0) TERMINALS elPSIG: \USeRSNAGLAT\DhOJ CGt\Ala Pro) NALE PDO) DY thon PSIG: USERS NAGE ai\ DEO) eGtNALSPhO NALS PhO: DRVENVAS Os OR(Venv) BPSEG: NUSERSNA GLa iNDROJ CGINAIE",0,0.023100000000000002
2025-11-29T12:45:14.742808,snapshot,0,0,tk,,,,"Bs ??> fun Tani op ? > | OCR A2K | Snake a [ Cr SE oxo ? wettawresd tiisy 1 ? GED a trantmoded!) ? | cS) CAR CURET xo . x) . ZTAITPROJ) Bcatcaintmodelipy paedetectturl QQ Mtawhettar 9 IAGEL_GOL = ??frall? > wey 10 9 oeclean?screentmonitorslog py, ia = ? tebe. iuiittersy 12 Wwarkiy WoOur Scoot?? ??pdeke pass & citsivinn dtetaanon hell 13 ??ecurity allart?? ??ccount suspends iS ia Gani Adeneity?? peak @ r, ?33 aie ASCOUNE =a phishing??odel!pkl 5 J 16 = (??aymal?, Baik?? Iniaresart?? oo screen?monitorautoslabeled csv, s/ESUS D1 OLOUSRUR IMEREGEX@Maag (tC S477] ONS) 118 S 19 & === Giellpar ??unctions --- ? iscreensmonitorpy, monitor. PY a det monialiiza( eer) 8 Pal} tex tems th (text) mlLowen (?)) pa 2D tex t@omunicodedatasnonma lize (GNEKDaP 2B FAD POGU(F[A0-2-VNssMo=I]o ??DAI S def detwact_wul(tad)s a | Smnonmalize (texts)) 2] Url Samer ida lull (SUSPLGLOUSSURIMIRE( 28 TEx Sin = ? 2D for ? im arliss BO) for ? im Bl | SEE lintplel basequencemMatchel D2) if S D> OoG8 PROGMENS (0) TERMINALS",0,0.0173
2025-11-29T12:45:18.737954,snapshot,0,0,train_model.py - AI_Proj - Visual Studio Code,,,,"Ge ??])@> Gian itt) Cielo S > [ OR EZK) bse @> fun, Tank op ? |OCRAX | Snneea [Cr SE O10.) Ne : a | Ses oop emtraintmocel pyRIeXs Y GED a traintmodel py paedetectturl QQ > Hts fetter 2 VUGH_OM = Nepal??> wey 10 Ro fexclean?screen?monitorglogypy, SUEECHILSHENGEKEVWORDSE | ? (eid bullae 12 Wwarkiy WoOur Scoot?? ??pdeke pass & citsivinn dtetaanon hell 13 ""secunity allart?, ??ccount suspend a ""conftinn identity?? ??ene ascot?? 53 =a phishing??odel!pkl 5 J _ 16 = (""paal?? ??at?? Taierosa??? screensmonitorautoslabeled'csv) 17 ?USP ACICUS_UM. REGEX = F (otis? s//IANs: 118 S 1 = ==> Melipar functions --- ? iscreensmonitorpy, monitor. PY 20 det nopmalize (exo T Pal) tex tems th (text) mlLowen (?)) A _ ? welinmostpy 22 ??ex taomuncodedatasnonma lize GNEKDm 2B FAD POGU(F[A0-2-VNssMo=I]o ??Da S def detwact_wul(tad)s a || ? gonmAlliiza(tad) 2] Url Samer ida lull (SUSPLGLOUSSURIMIRE( 28 TEx Sin = ? D2) for ? im arliss BO) for ? im Bl | SEE lintplel basequencemMatchel B2) if S D> OoG8 PROBLEM AQ) FLE",0,0.016700000000000003
2025-11-29T12:45:22.316533,snapshot,0,0,train_model.py - AI_Proj - Visual Studio Code,,,,,0,0.0
2025-11-29T13:02:35.705479,snapshot,0,0,,,,,,0,0.0
2025-11-29T13:02:45.194672,snapshot,0,0,Alert: Unusual Transaction Attempted - affafahmad79@gmail.com - Gmail - Google Chrome,,,,"Basse AlertUnusualjiransactionyA tc a en CM: MEail googlecom/mail/u/0/:ogbltinbox/EMicgz@dzcp NbhVBKRGradVjlmvxBYDWR = [4 Gmail Q_ Search mail ' j < a ? wl @ i: | 2 Compose | To Alert: Unusual Transaction Attempted (in sInbox 478 xr Starred oO Affaf Ahmad <affafahmadd@gmail.com> tome v @? = Snoozed E> Sent From: noreply-iransalert@userbank-secure.net 1) Drafts Dear Customer, A Purchases 25 A transaction of $1,980.00 was attempted from an unknown device. If this was not you, please review the activity: v More {3 Review Activity: Labels + Verify activity/ https://example.org/account-verification If we don?? hear back, your account may be limited. Bank Security Dept.",1,0.43690476190476196
2025-11-29T13:02:47.613846,snapshot,0,0,Alert: Unusual Transaction Attempted - affafahmad79@gmail.com - Gmail - Google Chrome,,,,", MET OCRI 2%} Game AlrtUnusraipranmctionyA ta en Ot Mint) ON | Bapons [TOM a com/mail/u/0/20gbi#inbox/EMicgz@dzcp NbhVBKRGrqdVilmvXBVDW RI = [4 Gmail Q. Search mail ' j < 8a ? owl @& : | 2 Compose | ae Alert: Unusual Transaction Attempted (in sInbox 478 xx Starred oO Affaf Ahmad <affafahmadd@gmail.com> tome v @? = Snoozed E> Sent From: noreply-iransalert@userbank-secure.net 1) Drafts Dear Customer, A Purchases 25 A transaction of $1,980.00 was attempted from an unknown device. If this was not you, please review the activity: v More {3 Review Activity: Labels + Verify activity??https://example.org/account-verification If we don?? hear back, your account may be limited. Bank Security Dept.",1,0.4383275261324042
2025-11-29T13:02:50.826901,snapshot,0,0,Alert: Unusual Transaction Attempted - affafahmad79@gmail.com - Gmail - Google Chrome,,,,"Grad g Googie Chrome, \ MET OCREIX Ss MET OCR 2%) Game AltU nusmapranmetionyA ta ent Of ON a7 =ommmall:googie.com/mail/u/0/2ogbl#inbox/EMfcgz@dzcpNbhVBKRGrqdVjImvxXBVDWR = [4 Gmail Q. Search mail ' j < 8a ? owl @& : | 2 Compose | ae Alert: Unusual Transaction Attempted (in sInbox 478 xx Starred oO Affaf Ahmad <affafahmadd@gmail.com> tome v @? = Snoozed E> Sent From: noreply-iransalert@userbank-secure.net 1) Drafts Dear Customer, A Purchases 25 A transaction of $1,980.00 was attempted from an unknown device. If this was not you, please review the activity: v More {3 Review Activity: Labels + Verify activity??https://example.org/account-verification If we don?? hear back, your account may be limited. Bank Security Dept.",1,0.4388877972096679
2025-11-29T13:02:53.407244,snapshot,0,0,Alert: Unusual Transaction Attempted - affafahmad79@gmail.com - Gmail - Google Chrome,,,,", | SEVEER SVU Gal _ Fcom/mail/u/O/2ogbl#inbox/EMtcgz@dzcp NbhVBKRGrqdVjlmvxXBVDWR} = [4 Gmail Q. Search mail ' j < 8a ? owl @& : | 2 Compose | ae Alert: Unusual Transaction Attempted (in sInbox 478 xx Starred oO Affaf Ahmad <affafahmadd@gmail.com> tome v @? = Snoozed E> Sent From: noreply-transalert@userbank-secure.net 1) Drafts Dear Customer, A Purchases 25 A transaction of $1,980.00 was attempted from an unknown device. If this was not you, please review the activity: v More {3 Review Activity: Labels + Verify activity??https://example.org/account-verification If we don?? hear back, your account may be limited. Bank Security Dept.",1,0.4379318029864052
2025-11-29T13:02:55.716903,snapshot,0,0,Alert: Unusual Transaction Attempted - affafahmad79@gmail.com - Gmail - Google Chrome,,,,"Grad, Googie Chrome??\ | 2 com/mail/u/0/20gbi#inbox/EMicgz@dzcp NbhVBKRGrqdVilmvXBVDW RI = [4 Gmail Q. Search mail ' j < 8a ? owl @& : | 2 Compose | ae Alert: Unusual Transaction Attempted (in sInbox 478 xx Starred oO Affaf Ahmad <affafahmadd@gmail.com> tome v @? = Snoozed E> Sent From: noreply-iransalert@userbank-secure.net 1) Drafts Dear Customer, A Purchases 25 A transaction of $1,980.00 was attempted from an unknown device. If this was not you, please review the activity: v More {3 Review Activity: Labels + Verify activity??https://example.org/account-verification If we don?? hear back, your account may be limited. Bank Security Dept.",1,0.4366209641751438
2025-11-29T13:02:58.150173,snapshot,0,0,Alert: Unusual Transaction Attempted - affafahmad79@gmail.com - Gmail - Google Chrome,,,,", MET OCRGI%) Grod Googe Chrome,\1 2) Ne | ane com/mail/u/0/20gbi#inbox/EMicgz@dzcp NbhVBKRGrqdVilmvXBVDW RI = [4 Gmail Q. Search mail ' j < 8a ? owl @& : | 2 Compose | ae Alert: Unusual Transaction Attempted (in sInbox 478 xx Starred oO Affaf Ahmad <affafahmadd@gmail.com> tome v @? = Snoozed E> Sent From: noreply-transalert@userbank-secure.net 1) Drafts Dear Customer, A Purchases 25 A transaction of $1,980.00 was attempted from an unknown device. If this was not you, please review the activity: v More {3 Review Activity: Labels + Verify activity??https://example.org/account-verification If we don?? hear back, your account may be limited. Bank Security Dept.",1,0.43773058773058776
2025-11-29T13:03:01.168103,snapshot,0,0,Inbox (478) - affafahmad79@gmail.com - Gmail - Google Chrome,,,,"Grads Googie Crome??, BE LOCROOX SY MET OCRGIS) Grod Googe Chrome\1 2) Ne] ane} NN [eres Omer om Mall:googie.com/mail/u/O0/zogbl#inbox = [4 Gmail Q_ Search mail ' | O-~ ?c i: | 2 Compose | Ee F Promotions Pp te AA, [Inbox 478 i rimary S Apple TV ??Last chance: Sav vy Starred 20) + Affaf Anmad Alert: Unusual Transaction Att ? Snoozed Ol x Affaf Ahmad IT Helpdesk: New Security Up: Sent > Ol vw Affaf Anmad Emergency Request for Flood C1 Drafts ??arwrimri2 Affaf Ahmad Congratulations! You Are Shor (Purchases 25 OU * 9 More CO x Affaf Anmad New Invoice #4482 Due Imme Ol x Affaf Ahmad Alert: Unusual Transaction Att Labels fe Ol x Affaf Ahmad Subject: Urgent: Your Account Ol x Affaf Ahmad HR Payroll Notification - Hi, W Ol vw Affaf Anmad Delivery Attempt Failed - A pa Ol x Affaf Ahmad Mailbox Storage Exceeded - ? Ol x Affaf Ahmad Bank Alert: Unusual Debit Atte [1 wH* Affaf Ahmad Your Account Has Been locke",1,0.4445802005012532
2025-11-29T13:03:04.116824,snapshot,0,0,Inbox (478) - affafahmad79@gmail.com - Gmail - Google Chrome,,,,"== Resa = > OCRGIS}: Grads Googie Cro BELOCROOX SY MET OCRGS) Grad] 1 Ba (Googe Chrome 1 2) Ne} ane} NN forest Omer orrs) ON , om mall:googie.com/mail/u/O/zogbl#inbox = [4 Gmail Q_ Search mail ' | O- ci: | 2 Compose | ee F Promotions P Aa SAA, Inbox 478 Md rmary S Apple TV ??Last chance: Sav yr Starred Ol x Affaf Ahmad Alert: Unusual Transaction Att ? Snoozed Ol vw Affaf Anmad IT Helpdesk: New Security Up: Sent e Ol vw Affaf Anmad Emergency Request for Flood 1) Drafts ??€?HWH?? JJ JH WAH a_s_H_#?!_??Affaf Ahmad Congratulations! You Are Shor (Purchases 25 OU * 9 More Ol x Affaf Ahmad New Invoice #4482 Due Imme Ol vw Affaf Anmad Alert: Unusual Transaction Att Labels fe Ol vw Affaf Anmad Subject: Urgent: Your Account Ol x Affaf Ahmad HR Payroll Notification - Hi, W Ol vw Affaf Anmad Delivery Attempt Failed - A pa Ol vw Affaf Anmad Mailbox Storage Exceeded - \ Ol x Affaf Ahmad Bank Alert: Unusual Debit Atte [1 wH* Affaf Ahmad Your Account Has Been locke",1,0.4458092271176384
2025-11-29T13:03:06.452481,phishing_alert,0,0,URGENT: Password Reset Required Now - affafahmad79@gmail.com - Gmail - Google Chrome,,,,"URGENT: Password Reset Required Now - affafahmad79@gmail.com - Gmail - Google Chrome
OCREGS bs Recs 5 > OCRGS Grads Googe Cro 8 ELOCROOX S? METI 1 en CMe: MEail googlecom/mail/u/0/7ogbi#inbox/EMicgz@dzcpN@zr pdGMDDGWIVI@BIVjz = [4 Gmail Q_ Search mail ' j < a ? wl @ i: | 2 Compose | Oo URGENT: Password Reset Required Now sInbox 478 xr Starred oO Affaf Ahmad <affafahmadd@gmail.com> ""| ""tome v @? = Snoozed _ E> Sent Dear User, 1) Drafts We detected unusual activity on your account. Your password must! ) Purchases 25 Please verify your identity using the link below: ? More htip://example-phish.test/reset Failure to act within 24 hours may result in permanent account susp Labels + Thank you, Security Team",1,0.8706639839034206
2025-11-29T13:03:06.453184,snapshot,0,0,URGENT: Password Reset Required Now - affafahmad79@gmail.com - Gmail - Google Chrome,,,,"OCREGS bs Recs 5 > OCRGS Grads Googe Cro 8 ELOCROOX S? METI 1 en CMe: MEail googlecom/mail/u/0/7ogbi#inbox/EMicgz@dzcpN@zr pdGMDDGWIVI@BIVjz = [4 Gmail Q_ Search mail ' j < a ? wl @ i: | 2 Compose | Oo URGENT: Password Reset Required Now sInbox 478 xr Starred oO Affaf Ahmad <affafahmadd@gmail.com> ""| ""tome v @? = Snoozed _ E> Sent Dear User, 1) Drafts We detected unusual activity on your account. Your password must! ) Purchases 25 Please verify your identity using the link below: ? More htip://example-phish.test/reset Failure to act within 24 hours may result in permanent account susp Labels + Thank you, Security Team",1,0.8704228571428572
2025-11-29T13:03:08.618005,snapshot,0,0,URGENT: Password Reset Required Now - affafahmad79@gmail.com - Gmail - Google Chrome,,,,"| Sa. ; a x at fatfafehed 790 gma cone Grail s Googie Chroma) \ | bebinbox/fvicg: @dzepNG 21) MOLOAMINDA OREN OS ~comymail/u/O/zogblzinbox/EMicgz@dzcpN@zrpdGMDDEWIVI@BLV jz a a Ce XQ $ A Phishing Alert ??oO x ~~ iThisyemailllookstsuspicious!) co | Be careful before clicking any links, Consider contacting IT or the sender. . an | ee URGENT: Password Reset Required Now sInbox 478 xx Starred oO Affaf Ahmad <affafahmadd@gmail.com> ?? tome v @? = Snoozed _ E> Sent Dear User, 1) Drafts We detected unusual activity on your account. Your password must! ) Purchases 25 Please verify your identity using the link below: ??More htip://example-phish.test/reset Failure to act within 24 hours may result in permanent account susp Labels + Thank you, Security Team",1,0.8678571428571429
2025-11-29T13:03:10.203944,snapshot,0,0,tk,,,,"Wen URGNT Pommard Rert Ronco None ; wy 688} OCREARS | Sea xt {attatched 190 gia cone Grad 3 Googea Chron) BOI ??~com/mail/u/O/zogblzinbox/EMfcgz@dzcpN@zrpdGMDDEWIVI@BLVjz = [4 Gmail Q_ Search mail ' j < 8a ? owl @& : | 2 Compose | URGENT: Password Reset Required Now sInbox 478 xr Starred oO Affaf Ahmad <affafahmadd@gmail.com> ""| ""tome v @? = Snoozed _ E> Sent Dear User, 1) Drafts We detected unusual activity on your account. Your password must! ) Purchases 25 Please verify your identity using the link below: ??More htip://example-phish.test/reset Failure to act within 24 hours may result in permanent account susp Labels + Thank you, Security Team",1,0.8686107470511141
2025-11-29T13:03:12.360394,snapshot,0,0,tk,,,,"aa _ COREG) Wen URGNT Pommard Rert Ronco None swy 688 OCREARS |) Seat fiitatched 190 gai cone Grad 3 Gaoges Chron) 6Ot YF om mall:googiecom/mail/u/0/zogbl#inbox/EMfcgz@dzcpN@zrpdGMDDGWIVIOBLV jz = [4 Gmail Q_ Search mail ' j < 8a ? owl @& : | 2 Compose | URGENT: Password Reset Required Now sInbox 478 xr Starred oO Affaf Ahmad <affafahmadd@gmail.com> ""| ""tome v @? = Snoozed _ E> Sent Dear User, 1) Drafts We detected unusual activity on your account. Your password must! ) Purchases 25 Please verify your identity using the link below: ??More htip://example-phish.test/reset Failure to act within 24 hours may result in permanent account susp Labels + Thank you, Security Team",1,0.8689422671723557
2025-11-29T13:03:14.987670,snapshot,0,0,Inbox (478) - affafahmad79@gmail.com - Gmail - Google Chrome,,,,"OCR EGR} x3 ? COREG) Wen URGNT Pomerard Ret Ronco None swy 688 1 a en ? Me: METail cooglecomymail/u/0/2o0gbitinbox = [4 Gmail Q. Search mail ' | O- ci: | 2 Compose | ee F Promotions P Aa SAA, Inbox 478 Md rmary S Apple TV ??Last chance: Sav yr Starred Ol x Affaf Ahmad Alert: Unusual Transaction Att ? Snoozed Ol vw Affaf Anmad IT Helpdesk: New Security Up: Sent e Ol vw Affaf Anmad Emergency Request for Flood 1) Drafts Hy Affaf Ahmad Congratulations! You Are Shor (Purchases 25 O * 9 More Ol x Affaf Ahmad New Invoice #4482 Due Imme Ol vw Affaf Anmad Alert: Unusual Transaction Att Labels fe Ol x Affaf Ahmad Subject: Urgent: Your Account Ol x Affaf Ahmad HR Payroll Notification - Hi, W Ol vw Affaf Anmad Delivery Attempt Failed - A pa Ol vw Affaf Anmad Mailbox Storage Exceeded - \ Ol x Affaf Ahmad Bank Alert: Unusual Debit Atte [1 wH* Affaf Ahmad Your Account Has Been locke",1,0.44448051948051953
2025-11-29T13:03:16.177730,snapshot,0,0,screen_monitor.py - AI_Proj - Visual Studio Code,,,,,0,0.0
2025-11-29T13:03:56.863810,snapshot,0,0,screen_monitor.py - AI_Proj - Visual Studio Code,,,,,0,0.0
2025-11-29T13:03:59.200649,snapshot,0,0,Alert: Unusual Transaction Attempted - affafahmadd@gmail.com - Gmail - Google Chrome,,,,"| [ema arp tere] SmI MFakephishingfemails XSI) BiomewUBs Mannheim tesserag en CMe??MEail cooglecom/mail/u/O/#sent, Ktbxlth VD WBIDEhVBRRxdZbzhvwscxma@B = [4 Gmail Q_ in:sent | ??8a ? w/e BB: 2 Compose Alert: Unusual Transaction Attempted {Inbox 898 xr Starred Affaf Ahmad <affafahmadd@gmail.com> to affafahmad79 v @? = Snoozed > Sent From: noreply-iransalert@userbank-secure.net Ds Drafts 4 Dear Customer, A Purchases 7 A transaction of $1,980.00 was attempted from an unknown device. If this was not you, please review the activity: v More & Review Activity: http://secure-userbank-review.com/resolve Labels + If we don?? hear back, your account may be limited. Bank Security Dept.",1,0.4376623376623377
2025-11-29T13:04:01.584879,snapshot,0,0,Alert: Unusual Transaction Attempted - affafahmadd@gmail.com - Gmail - Google Chrome,,,,"| eS gees eS 3 || Fakerphishinglemails} & || ? [HomeMUB=Mannheim/tesserag - ee yr om mail:googiecom/mail/u/O/#sent/KtbxithV DW BID EhVBRRxdZbzhyw@scxm@B = [4 Gmail Q__ in:sent | ??8a ? w/e BB: 2 Compose Alert: Unusual Transaction Attempted {Inbox 898 xr Starred Affaf Ahmad <affafahmadd@gmail.com> to affafahmad79 v @? = Snoozed => Sent From: noreply-iransalert@userbank-secure.net Ds Drafts 4 Dear Customer, A Purchases 7 A transaction of $1,980.00 was attempted from an unknown device. If this was not you, please review the activity: v More & Review Activity: http://secure-userbank-review.com/resolve Labels + If we don?? hear back, your account may be limited. Bank Security Dept.",1,0.4366006256517206
2025-11-29T13:04:03.993386,snapshot,0,0,Alert: Unusual Transaction Attempted - affafahmadd@gmail.com - Gmail - Google Chrome,,,,"! Soe OTD 8 || rakerphishinglemails} PIE) IomepUbs Mannheim, tesserag fae Ee | eee ee een GN yore De(tteae memes ercom/mail/u/O/#sent/KtbxithVDWBIDEhVBRRxdZbzhyw@scxm@B = [4 Gmail Q_ in:sent | ? @? ? u/s 8B: 2 Compose Alert: Unusual Transaction Attempted {Inbox 898 xr Starred Affaf Ahmad <affafahmadd@gmail.com> to affafahmad79 v @? = Snoozed => Sent From: noreply-iransalert@userbank-secure.net Ds Drafts 4 Dear Customer, A Purchases 7 A transaction of $1,980.00 was attempted from an unknown device. If this was not you, please review the activity: v More & Review Activity: http://secure-userbank-review.com/resolve Labels + If we don?? hear back, your account may be limited. Bank Security Dept.",1,0.43714285714285717
2025-11-29T13:04:06.391042,snapshot,0,0,Alert: Unusual Transaction Attempted - affafahmadd@gmail.com - Gmail - Google Chrome,,,,"! Sara OTD 8 || rakerphishinglemails} PIE) IomepUbs Mannheim, tesserag - ee , (eS) emmets>*com/mail/u/O0/#sent/KtbxithVbWBIDEhVBRRxdZbzhyw@scxm@B = [4 Gmail Q_ in:sent | ? @? ? u/s 8B: 2 Compose Alert: Unusual Transaction Attempted {Inbox 898 xr Starred Affaf Ahmad <affafahmadd@gmail.com> to affafahmad79 v @? = Snoozed => Sent From: noreply-iransalert@userbank-secure.net Ds Drafts 4 Dear Customer, A Purchases 7 A transaction of $1,980.00 was attempted from an unknown device. If this was not you, please review the activity: v More & Review Activity: http://secure-userbank-review.com/resolve Labels + If we don?? hear back, your account may be limited. Bank Security Dept.",1,0.4368432158683267
2025-11-29T13:04:08.833707,snapshot,0,0,Alert: Unusual Transaction Attempted - affafahmadd@gmail.com - Gmail - Google Chrome,,,,"! Sara OTD 8 || rakerphishinglemails} PIE) IomepUbs Mannheim, tesserag - ee , EEDA ORES COG mame"" com/mail/u/0/#sent/KtbxithVbWBIDEhVBRRxdZbzhyw@scxm@B = [4 Gmail Q_ in:sent | ? @? ? u/s 8B: 2 Compose Alert: Unusual Transaction Attempted {Inbox 898 xr Starred Affaf Ahmad <affafahmadd@gmail.com> to affafahmad79 v @? = Snoozed => Sent From: noreply-iransalert@userbank-secure.net Ds Drafts 4 Dear Customer, A Purchases 7 A transaction of $1,980.00 was attempted from an unknown device. If this was not you, please review the activity: v More & Review Activity: http://secure-userbank-review.com/resolve Labels + If we don?? hear back, your account may be limited. Bank Security Dept.",1,0.438088266053127
2025-11-29T13:04:11.782573,phishing_alert,0,0,Sent Mail - affafahmadd@gmail.com - Gmail - Google Chrome,,,,"Sent Mail - affafahmadd@gmail.com - Gmail - Google Chrome
inom] 8 || ? RRogibinpends 58 || @ moma WB-Menietnyassa: : I , ematt ercom/mail/u/O/#sent = [4 Gmail Q_ in:sent Or G 3 {Inbox 898 ; CC) yy Ov attdlanina ty AIS Lo ONUSUd) Md ISaCuorrate vv Starred iii sss Ol vw To: affafahmad79 Subject: Urgent: Your Account @? = Snoozed a S Sent ; Ol vw To: affafahmad79 HR Payroll Notification - Hi, W D2 sOODrafts 4 Ol vw To: affafahmad79 Delivery Attempt Failed - A pa 7 : Ci Purchases Ol vw To: affafahmad79 Mailbox Storage Exceeded - \ v More TTT TCT Ol vw To: affafahmad79 Bank Alert: Unusual Debit Atte Labels + Ol vw To: affafahmad79 Payment Failed ??Update Billi Ol vw To: affafahmad79 Your Account Has Been Locke Ol vw To: affafahmad79 URGENT: Password Reset Rec Ol x?& To:me Inbox Expo fj Technical Writin... Ol x To: marryumafza. (no subject) aa",0,0.04211677603903752
2025-11-29T13:04:11.783172,snapshot,0,0,Sent Mail - affafahmadd@gmail.com - Gmail - Google Chrome,,,,"inom] 8 || ? RRogibinpends 58 || @ moma WB-Menietnyassa: : I , ematt ercom/mail/u/O/#sent = [4 Gmail Q_ in:sent Or G 3 {Inbox 898 ; CC) yy Ov attdlanina ty AIS Lo ONUSUd) Md ISaCuorrate vv Starred iii sss Ol vw To: affafahmad79 Subject: Urgent: Your Account @? = Snoozed a S Sent ; Ol vw To: affafahmad79 HR Payroll Notification - Hi, W D2 sOODrafts 4 Ol vw To: affafahmad79 Delivery Attempt Failed - A pa 7 : Ci Purchases Ol vw To: affafahmad79 Mailbox Storage Exceeded - \ v More TTT TCT Ol vw To: affafahmad79 Bank Alert: Unusual Debit Atte Labels + Ol vw To: affafahmad79 Payment Failed ??Update Billi Ol vw To: affafahmad79 Your Account Has Been Locke Ol vw To: affafahmad79 URGENT: Password Reset Rec Ol x?& To:me Inbox Expo fj Technical Writin... Ol x To: marryumafza. (no subject) aa",0,0.04247787610619469
2025-11-29T13:04:14.251723,snapshot,0,0,Sent Mail - affafahmadd@gmail.com - Gmail - Google Chrome,,,,"| & || ? Reckitt exis XSI) BomeHUBs Mannheim tesserag Be Bivoran erconyrasuO/tsnt'= WG St OCI 0 CO yy Ov attdiwiana ty AS Lo CNUSUd) Md 1SCuc) en CMe??MEail Google-comymail/u/O/#sent, KtOxLVEHLIZdattyvsGSGUPKVDIbMG@nlitg = [4 Gmail Q._ in:sent $ A Phishing Alert ??oO x | Z Compose thts email (eats eucpicion) ?? 8 careful before clicking any links, Consider contacting IT or the sender. equired Now {Inbox q xr Starred Affaf Ahmad <affafahmadd@gmail.com> to affafahmad79 v @? Snoozed = Sent Dear User, D2 sOODrafts 4 We detected unusual activity on your account. Your password must t ) Purchases 7 Please verify your identity using the link below: ??More htip://example-phish.test/reset Failure to act within 24 hours may result in permanent account susp Labels + Thank you, Security Team",1,0.8688031866739092
2025-11-29T13:04:16.785750,snapshot,0,0,URGENT: Password Reset Required Now - affafahmadd@gmail.com - Gmail - Google Chrome,,,,"% || ? Ghophishting emeils PIE) RomepUBs Mannheim tesserag Bl (Grroran exconyracuOy tants \VG St OC10 CO yy Ovattdawasna ty AS 0] IN (CRS) hd Sel ent Orie Akl Googles conmyrreml a OLE) en CME??MEail Google-com/mail/u/O/#sent, KtOxLVEHILIZdattysGSGUPKVDIbMG@@nlitg = [4 Gmail Q__ in:sent | ? 8 ? @/|S Bi: 2 Compose URGENT: Password Reset Required Now {Inbox 898 xr Starred Affaf Ahmad <affafahmadd@gmail.com> to affafahmad79 v @? = Snoozed = Sent Dear User, D2 sOODrafts 4 We detected unusual activity on your account. Your password must t ) Purchases 7 Please verify your identity using the link below: ? More htip://example-phish.test/reset Failure to act within 24 hours may result in permanent account susp Labels + Thank you, Security Team",1,0.8703326283407038
2025-11-29T13:04:19.466222,snapshot,0,0,Sent Mail - affafahmadd@gmail.com - Gmail - Google Chrome,,,,"| (eeeereneeaee 8 || ? Ghephisiing emis PIE @)IromemUB-Mannheimstesserac BET OCR Eo I ? Ghophahtng emels ME) Romepl! Gs Monnhew) OO a mam e'com/mail/u/O/#sent = M Gmail Q_in:sent O- CG 3 {Inbox 88 Starred : * are Ol vw To: affafahmad79 Alert: Unusual Transaction Att @? = Snoozed ITT TT Ol vw To: affafahmad79 Subject: Urgent: Your Account = Sent CD Drafts 4 Ol vw To: affafahmad79 HR Payroll Notification - Hi, W (Purchases ? Ol vw To: affafahmad79 Delivery Attempt Failed - A pa v More ve . iO x To: affafahmad79 Mailbox Storage Exceeded - \ Labels + Ol ? To: affafahmad79 Bank Alert: Unusual Debit Atte Ol vw To: affafahmad79 Payment Failed ??Update Billi Ol vw To: affafahmad79 Your Account Has Been Locke Ol vw To: affafahmad79 URGENT: Password Reset Rec Ol x?& To:me Inbox Expo fj Technical Writin...",0,0.04271534916696207
2025-11-29T13:04:21.940453,snapshot,0,0,Bank Alert: Unusual Debit Attempt - affafahmadd@gmail.com - Gmail - Google Chrome,,,,"% || ? Ghophishting emeils PIE) RomepUBs Mannheim tesserag LQ women 6 -sMannhemstemerac BET OCR Eo. E.Grophahing emely oe ann OO a ram ecomyiramllr/O/Ssen tz M Groce) YF om mall:googie.com/mail/u/O/#sent/KtbxIxGSqxBmD IzmmbxXVNkSg@tOwXvb@BVy = [4 Gmail Q_ in:sent | ? 8 ? B|M BB: 2 Compose Bank Alert: Unusual Debit Attempt {Inbox 898 xr Starred Affaf Ahmad <affafahmadd@gmail.com> to affafahmad79 v @? = Snoozed > Sent ; We stopped a suspicious debit of $1,240.00 from your account. D__sDrafts 4 Confirm that this transaction is yours: Purchases 7 Confirm Transaction > More http://example-phish.test/bank-check If not verified, your card may be disabled. Labels +",0,0.0393984962406015
2025-11-29T13:04:24.243335,snapshot,0,0,Bank Alert: Unusual Debit Attempt - affafahmadd@gmail.com - Gmail - Google Chrome,,,,"ea sa= 8 || ? hoping enais PIR) BLomenUBzMannhieimn/tesserag : OO | | Bitikesencaatay Taeemonsibeam ep yr om mall:googie.com/mail/u/O/#sent/KtbxIxGSqxBmD IzmmbxXVNkSg@tOwXvb@BV = [4 Gmail Q_ in:sent | ? 868 ? BU|e BB: 2 Compose Bank Alert: Unusual Debit Attempt {Inbox 898 xr Starred Affaf Ahmad <affafahmadd@gmail.com> to affafahmad79 v @? = Snoozed > Sent ; We stopped a suspicious debit of $1,240.00 from your account. D__sDrafts 4 Confirm that this transaction is yours: Purchases 7 Confirm Transaction > More http://example-phish.test/bank-check If not verified, your card may be disabled. Labels +",0,0.03785832741056622
2025-11-29T13:04:26.468611,snapshot,0,0,Bank Alert: Unusual Debit Attempt - affafahmadd@gmail.com - Gmail - Google Chrome,,,,"| [Ceo] 8 || ? Klogiiigenis ERIE) Ei omen UG: Manniicimn/tessetag See Cee ESS OO | Caibesencastzy) Ee MATEO lercom/mail/u/O/#sent/KtbxlIxGSqxBmb IzmmbXvNkSgQt@wxvbOBV, = [4 Gmail Q_ in:sent | ? 868 ? BU|e BB: 2 Compose Bank Alert: Unusual Debit Attempt {Inbox 898 xx Starred Affaf Ahmad <affafahmadd@gmail.com> to affafahmad79 v @? = Snoozed S Sent ; We stopped a suspicious debit of $1,240.00 from your account. D\__sDrafts 4 Confirm that this transaction is yours: f= Purchases 7 Confirm Transaction > ??More htip://example-phish.test/bank-check If not verified, your card may be disabled. Labels +",0,0.03973809523809524
2025-11-29T13:04:28.160903,snapshot,0,0,tk,,,,"Enc | Fakephishingfemails Xam (s) RLiomedUBs Mannheim tesserad OCR IS. 1120} 8 ? Kiogasg ens CUE) Geomen UGS Encmng) mem ""com/mail/u/O/#sent/KtbxlixGSqxBmD IzmmbxvNkSg@tOwxvbOBV) = [4 Gmail Q_ in:sent | ? 868 ? BU|e BB: 2 Compose Bank Alert: Unusual Debit Attempt {Inbox 898 xr Starred Affaf Ahmad <affafahmadd@gmail.com> to affafahmad79 v @? = Snoozed > Sent ; We stopped a suspicious debit of $1,240.00 from your account. D__sDrafts 4 Confirm that this transaction is yours: Purchases 7 Confirm Transaction > More http://example-phish.test/bank-check If not verified, your card may be disabled. Labels +",0,0.03898465171192444
2025-11-29T13:04:30.340140,snapshot,0,0,,,,,"& Fakerphishingjemails) 8 ? LomemUB. Mannheim/tesserad Gone 0) Feent(Xttirx Sqr) YF om mall:google.com/mail/U/O/#sent/KtbxIxGSqxBmD IzmmbxXVNkSg@tOwXvb@BV = [4 Gmail Q_ in:sent | ? 868 ? BU|e BB: 2 Compose Bank Alert: Unusual Debit Attempt {Inbox 898 xr Starred Affaf Ahmad <affafahmadd@gmail.com> to affafahmad79 v @? = Snoozed > Sent ; We stopped a suspicious debit of $1,240.00 from your account. D__sDrafts 4 Confirm that this transaction is yours: Purchases 7 Confirm Transaction > ??More htip://example-phish.test/bank-check If not verified, your card may be disabled. Labels +",0,0.03817691742220044
2025-11-29T13:04:31.645517,snapshot,0,0,screen_monitor.py - AI_Proj - Visual Studio Code,,,,,0,0.0
2025-11-29T13:07:20.658709,snapshot,0,0,Inbox (478) - affafahmad79@gmail.com - Gmail - Google Chrome,,,,"| % || 60 ties) -diktimadineg 8 > a en ? Me: METail cooglecomymail/u/0/2o0gbitinbox = [4 Gmail Q_ Search mail ' | O-~ ?c i: | 2 Compose | Ee F Promotions Pp te AA, [Inbox 478 i rimary S Apple TV ??Last chance: Sav vy Starred CO x Affaf Anmad Alert: Unusual Transaction Att ? Snoozed Ol x Affaf Ahmad IT Helpdesk: New Security Up: E> Sent Ol vw Affaf Anmad Emergency Request for Flood C1 Drafts ??arwrimri2 Purch 95 Ol x Affaf Ahmad Congratulations! You Are Shor urchases More CO x Affaf Anmad New Invoice #4482 Due Imme Ol x Affaf Ahmad Alert: Unusual Transaction Att Labels fe Ol x Affaf Ahmad Subject: Urgent: Your Account Ol x Affaf Ahmad HR Payroll Notification - Hi, W Ol vw Affaf Anmad Delivery Attempt Failed - A pa Ol x Affaf Ahmad Mailbox Storage Exceeded - ? Ol x Affaf Ahmad Bank Alert: Unusual Debit Atte [1 wH* Affaf Ahmad Your Account Has Been locke",1,0.4424764111902003
2025-11-29T13:07:23.020403,phishing_alert,0,0,Inbox (478) - affafahmad79@gmail.com - Gmail - Google Chrome,,,,"Inbox (478) - affafahmad79@gmail.com - Gmail - Google Chrome
COCKER] 5 I tse ecmtarasdieg 8 oa er) Mec METaa) ; 7 So en CM: METail google-com/mail/u/0/zogbitinbox/EMicqz@dzcpNbZgcM@cfcbnEGmJND = [4 Gmail Q_ Search mail ' j < 8a ? owl @& : | 2 Compose | TO Subject: Urgent: Your Account Passworc sInbox 478 xx Starred oO Affaf Ahmad <affafahmadd@gmail.com> ""| ""tome v @? = Snoozed _ E> Sent From: security-notice@acc-support.com Drafts D Dear User, f] Purchases 25 Our system detected ihat your password will expire in the next 3 hot To avoid account suspension, please verify your identity immediate vy More Cp Verify Your Account: hitp://acc-security-check.comilogin-verify Labels + Failure to act will result in restricted access. Regards, Account Security Team",1,0.8661861074705112
2025-11-29T13:07:23.020948,snapshot,0,0,Inbox (478) - affafahmad79@gmail.com - Gmail - Google Chrome,,,,"COCKER] 5 I tse ecmtarasdieg 8 oa er) Mec METaa) ; 7 So en CM: METail google-com/mail/u/0/zogbitinbox/EMicqz@dzcpNbZgcM@cfcbnEGmJND = [4 Gmail Q_ Search mail ' j < 8a ? owl @& : | 2 Compose | TO Subject: Urgent: Your Account Passworc sInbox 478 xx Starred oO Affaf Ahmad <affafahmadd@gmail.com> ""| ""tome v @? = Snoozed _ E> Sent From: security-notice@acc-support.com Drafts D Dear User, f] Purchases 25 Our system detected ihat your password will expire in the next 3 hot To avoid account suspension, please verify your identity immediate vy More Cp Verify Your Account: hitp://acc-security-check.comilogin-verify Labels + Failure to act will result in restricted access. Regards, Account Security Team",1,0.8664021164021165
2025-11-29T13:07:25.199319,snapshot,0,0,Subject: Urgent: Your Account Password Expires Today - affafahmad79@gmail.com - Gmail - Google Chrome,,,,"| [Ee oS eee ae 8} OCR EAR: COCKER) 5 I tee ecrtarceriieg 8 03 er) Mec METax)?3 So en) nl Ces 2 produ (020g bean box tien: @ dzepNb7gca4@ cfebn ?Gm) , y $ A Phishing Alert ??oO wamcMEcicbniGmyJND _ iThisyemailllookstsuspicious!) Be careful before clicking any links. Consider contacting IT or the sender, 2 f a Subject: Urgent: Your Account Passworc sInbox 478 xx Starred oO Affaf Ahmad <affafahmadd@gmail.com> ""| ""tome v @? = Snoozed _ E> Sent From: security-notice@acc-support.com Drafts D Dear User, f] Purchases 25 Our system detected ihat your password will expire in the next 3 hot To avoid account suspension, please verify your identity immediate v More Cp Verify Your Account: hitp://acc-security-check.comilogin-verify Labels + Failure to act will result in restricted access. Regards, Account Security Team",1,0.8657107885994055
2025-11-29T13:07:27.002227,snapshot,0,0,tk,,,,"Wer sutpereUrgents\ur Account Cmeaned Cxpres lodaya mii 83 |} eee Soe ocr ANCOR ST eee aaa ee 7, =ommmall:googie.com/mail/U/0/7ogbl#inbox/EMfcgzOdzcpNbZgcM@cfcbnEGmjJND = [4 Gmail Q_ Search mail ' j < 8a ? owl @& : | 2 Compose | TO Subject: Urgent: Your Account Passworc sInbox 478 xx Starred oO Affaf Ahmad <affafahmadd@gmail.com> ""| ""tome v @? = Snoozed _ E> Sent From: security-notice@acc-support.com Drafts D Dear User, f] Purchases 25 Our system detected ihat your password will expire in the next 3 hot To avoid account suspension, please verify your identity immediate v More Cp Verify Your Account: hitp://acc-security-check.comilogin-verify Labels + Failure to act will result in restricted access. Regards, Account Security Team",1,0.8656794425087109
2025-11-29T13:07:28.749098,snapshot,0,0,tk,,,,"Cae ; RE ?? dp OCRERS | Wer sutpercU rgentrwur Account Cmesnied Crpres lodaya ina) eee TEA Ki 7ed bem bos ics OSL 7 =ommmall:googie.com/mail/U/0/2ogbl#inbox/EMfcgzOdzcpNbZgcM@cfcbnEGmjJND = [4 Gmail Q_ Search mail ' j < 8a ? owl @& : | 2 Compose | TO Subject: Urgent: Your Account Passworc sInbox 478 xx Starred oO Affaf Ahmad <affafahmadd@gmail.com> ""| ""tome v @? = Snoozed _ E> Sent From: security-notice@acc-support.com Drafts D Dear User, f] Purchases 25 Our system detected ihat your password will expire in the next 3 hot To avoid account suspension, please verify your identity immediate v More Cp Verify Your Account: hitp://acc-security-check.comilogin-verify Labels + Failure to act will result in restricted access. Regards, Account Security Team",1,0.8665219852802416
2025-11-29T13:07:30.525342,snapshot,0,0,tk,,,,"Rosa ; Rit 88S (OCREIS) Cons RE ?? dp OCRERS] Wer sutpercU roentrwus Account) a7 =ommmall:googie.com/mail/U/0/2ogbl#inbox/EMfcgzOdzcpNbZgcMG@cfcbnEGmjJND = [4 Gmail Q. Search mail ' j < 8a ? owl @& : | 2 Compose | TO Subject: Urgent: Your Account Passworc sInbox 478 xx Starred oO Affaf Ahmad <affafahmadd@gmail.com> ""| ""tome v @? = Snoozed _ E> Sent From: security-notice@acc-support.com Drafts D Dear User, f] Purchases 25 Our system detected ihat your password will expire in the next 3 hot To avoid account suspension, please verify your identity immediate v More Cp Verify Your Account: hitp://acc-security-check.comilogin-verify Labels + Failure to act will result in restricted access. Regards, Account Security Team",1,0.8671013633669236
2025-11-29T13:07:32.792738,snapshot,0,0,tk,,,,"a es b & Cue 7 =ommmall:googie.com/mail/U/0/7ogbl#inbox/EMfcgzOdzcpNbZgcM@cfcbnEGmjJND = [4 Gmail Q. Search mail ' j < 8a ? owl @& : | 2 Compose | TO Subject: Urgent: Your Account Passworc sInbox 478 xx Starred oO Affaf Ahmad <affafahmadd@gmail.com> ""| ""tome v @? = Snoozed _ E> Sent From: security-notice@acc-support.com Drafts D Dear User, f] Purchases 25 Our system detected ihat your password will expire in the next 3 hot To avoid account suspension, please verify your identity immediate v More Cp Verify Your Account: hitp://acc-security-check.comilogin-verify Labels + Failure to act will result in restricted access. Regards, Account Security Team",1,0.8649172473867597
2025-11-29T13:07:35.306655,snapshot,0,0,Subject: Urgent: Your Account Password Expires Today - affafahmad79@gmail.com - Gmail - Google Chrome,,,,"| (ee. Ri $8 =e} | Gee eee eee pmpose | 10 Subsets UrgentaYourAccount) fe A f 7 =ommmall:googie.com/mail/U/0/7ogbl#inbox/EMfcgzOdzcpNbZgcM@cfcbnEGmjJND = [4 Gmail Q. Search mail ' j < 8a ? owl @& : | 2 Compose | TO Subject: Urgent: Your Account Passworc sInbox 478 xx Starred oO Affaf Ahmad <affafahmadd@gmail.com> ""| ""tome v @? = Snoozed _ E> Sent From: security-notice@acc-support.com Drafts D Dear User, f] Purchases 25 Our system detected ihat your password will expire in the next 3 hot To avoid account suspension, please verify your identity immediate v More Cp Verify Your Account: hitp://acc-security-check.comilogin-verify Labels + Failure to act will result in restricted access. Regards, Account Security Team",1,0.8650485436893205
2025-11-29T13:07:37.712362,snapshot,0,0,Subject: Urgent: Your Account Password Expires Today - affafahmad79@gmail.com - Gmail - Google Chrome,,,,"| Reipninie ay tg 3 ct fatfafehaed79@ gireulcomss Graal = Googie Chroma) \ | LOA OCEE ET ecom/mail/u/0/2 og bi#inbox/EMicgz@dzcpNbZgcM @cfcbnkGmJND = [4 Gmail Q_ Search mail ' j < 8a ? owl @& : | 2 Compose | TO Subject: Urgent: Your Account Passworc sInbox 478 xx Starred oO Affaf Ahmad <affafahmadd@gmail.com> ""| ""tome v @? = Snoozed _ E> Sent From: security-notice@acc-support.com Drafts D Dear User, f] Purchases 25 Our system detected ihat your password will expire in the next 3 hot To avoid account suspension, please verify your identity immediate v More Cp Verify Your Account: hitp://acc-security-check.comilogin-verify Labels + Failure to act will result in restricted access. Regards, Account Security Team",1,0.8655110579796773
2025-11-29T13:07:39.442825,phishing_alert,0,0,Subject: Urgent: Your Account Password Expires Today - affafahmad79@gmail.com - Gmail - Google Chrome,,,,"Subject: Urgent: Your Account Password Expires Today - affafahmad79@gmail.com - Gmail - Google Chrome
| Se eT TE 93 db sic EERE COM mail/U/O/zogbizinbox/EMifcgzadzcpNbZacMectconkGmpND = [4 Gmail Q. Search mail ' j < 8a ? owl @& : | 2 Compose | TO Subject: Urgent: Your Account Passworc sInbox 478 xx Starred oO Affaf Ahmad <affafahmadd@gmail.com> ""| ""tome v @? = Snoozed _ E> Sent From: security-notice@acc-support.com Drafts D Dear User, f] Purchases 25 Our system detected ihat your password will expire in the next 3 hot To avoid account suspension, please verify your identity immediate v More Cp Verify Your Account: hitp://acc-security-check.comilogin-verify Labels + Failure to act will result in restricted access. Regards, Account Security Team",1,0.866306203756403
2025-11-29T13:07:39.443297,snapshot,0,0,Subject: Urgent: Your Account Password Expires Today - affafahmad79@gmail.com - Gmail - Google Chrome,,,,"| Se eT TE 93 db sic EERE COM mail/U/O/zogbizinbox/EMifcgzadzcpNbZacMectconkGmpND = [4 Gmail Q. Search mail ' j < 8a ? owl @& : | 2 Compose | TO Subject: Urgent: Your Account Passworc sInbox 478 xx Starred oO Affaf Ahmad <affafahmadd@gmail.com> ""| ""tome v @? = Snoozed _ E> Sent From: security-notice@acc-support.com Drafts D Dear User, f] Purchases 25 Our system detected ihat your password will expire in the next 3 hot To avoid account suspension, please verify your identity immediate v More Cp Verify Your Account: hitp://acc-security-check.comilogin-verify Labels + Failure to act will result in restricted access. Regards, Account Security Team",1,0.8662058371735791
2025-11-29T13:07:42.530158,snapshot,0,0,Inbox (478) - affafahmad79@gmail.com - Gmail - Google Chrome,,,,"| Cae Gg & <b | einer erent om ? (paint ME |e??cOm/mail/u/0/cogbltinbox a a XQ $ A Phishing Alert ??oO x = Thisfemailllooks{suspicious!) co | Be careful before clicking any links, Consider contacting IT or the sender. an eo ; Promotions Primary 9 ee [Inbox 478 Apple TV ??Last chance: Sav x Starred CO x Affaf Anmad Alert: Unusual Transaction Att ? Snoozed Ol x Affaf Ahmad IT Helpdesk: New Security Up: Sent > Ol vw Affaf Anmad Emergency Request for Flood C1 Drafts ??arwrimri2 Affaf Ahmad Congratulations! You Are Shor (Purchases 25 OU * 9 More CO x Affaf Anmad New Invoice #4482 Due Imme Ol x Affaf Ahmad Alert: Unusual Transaction Att Labels fe Ol x Affaf Ahmad Subject: Urgent: Your Account Ol x Affaf Ahmad HR Payroll Notification - Hi, W Ol vw Affaf Anmad Delivery Attempt Failed - A pa Ol x Affaf Ahmad Mailbox Storage Exceeded - ? Ol x Affaf Ahmad Bank Alert: Unusual Debit Atte [1 wH* Affaf Ahmad Your Account Has Been locke",1,0.44163352707249925
2025-11-29T13:07:45.396966,snapshot,0,0,Inbox (478) - affafahmad79@gmail.com - Gmail - Google Chrome,,,,"| Gea EEN) x at [had ermiiook pu paca 5) 6 | Be carctul before cicksig any fnks) a en ? Me: METail cooglecomymail/u/0/2o0gbitinbox = [4 Gmail Q_ Search mail ' | O-~ ?c i: | 2 Compose | ee F Promotions P Aa SAA, [Inbox 478 M rimary S Apple TV ??Last chance: Sav vy Starred CO x Affaf Anmad Alert: Unusual Transaction Att ? Snoozed Ol x Affaf Ahmad IT Helpdesk: New Security Up: Sent > Ol vw Affaf Anmad Emergency Request for Flood C1 Drafts ??arwrimri2 Affaf Ahmad Congratulations! You Are Shor (Purchases 25 OU * 9 More CO x Affaf Anmad New Invoice #4482 Due Imme Ol x Affaf Ahmad Alert: Unusual Transaction Att Labels fe Ol x Affaf Ahmad Subject: Urgent: Your Account Ol x Affaf Ahmad HR Payroll Notification - Hi, W Ol vw Affaf Anmad Delivery Attempt Failed - A pa Ol x Affaf Ahmad Mailbox Storage Exceeded - ? Ol x Affaf Ahmad Bank Alert: Unusual Debit Atte [1 wH* Affaf Ahmad Your Account Has Been locke",1,0.44257363364309343
2025-11-29T13:07:47.924691,snapshot,0,0,Inbox (478) - affafahmad79@gmail.com - Gmail - Google Chrome,,,,"a en ? Me: METail cooglecomymail/u/0/2o0gbitinbox = [4 Gmail Q_ Search mail ' | O-~ ?c i: | 2 Compose | ee F Promotions Pp te AA, [Inbox 478 i rimary S Apple TV ??Last chance: Sav vy Starred 20) + Affaf Anmad Alert: Unusual Transaction Att ? Snoozed Ol x Affaf Ahmad IT Helpdesk: New Security Up: Sent > Ol vw Affaf Anmad Emergency Request for Flood C1 Drafts ??arwrimri2 Affaf Ahmad Congratulations! You Are Shor (Purchases 25 OU * 9 More CO x Affaf Anmad New Invoice #4482 Due Imme Ol x Affaf Ahmad Alert: Unusual Transaction Att Labels fe Ol x Affaf Ahmad Subject: Urgent: Your Account Ol x Affaf Ahmad HR Payroll Notification - Hi, W Ol vw Affaf Anmad Delivery Attempt Failed - A pa Ol x Affaf Ahmad Mailbox Storage Exceeded - ? Ol x Affaf Ahmad Bank Alert: Unusual Debit Atte [1 wH* Affaf Ahmad Your Account Has Been locke",1,0.44271894973225084
2025-11-29T13:07:50.504072,snapshot,0,0,Alert: Unusual Transaction Attempted - affafahmad79@gmail.com - Gmail - Google Chrome,,,,"OCR 70% a or) Mec METad coos lecomy mri 200] beni boxs j Be ral ON Sec reat | Ors Coe] 2 Compas] ox fromonans ty toAAy Se box 478 erercwy 5 Apple TV ??Lat chance: Sov) en CMe: METail coogle-com/mail/u/0/20gbitinbox/EMicqz@dzcp NbZ gc@WcGaPaRstGllxtg = [4 Gmail Q_ Search mail ' j < 8a ? owl @& : | 2 Compose | ae Alert: Unusual Transaction Attempted (in sInbox 478 xr Starred oO Affaf Ahmad <affafahmadd@gmail.com> tome v @? = Snoozed E> Sent From: noreply-iransalert@userbank-secure.net 1) Drafts Dear Customer, A Purchases 25 A transaction of $1,980.00 was attempted from an unknown device. If this was not you, please review the activity: v More {3 Review Activity: http://secure-userbank-review.com/resolve Labels + If we don?? hear back, your account may be limited. Bank Security Dept.",1,0.4371681415929204
2025-11-29T13:07:52.910543,snapshot,0,0,Alert: Unusual Transaction Attempted - affafahmad79@gmail.com - Gmail - Google Chrome,,,,"Grads Googie Chrome) , | eee eae eesas 7 om mall:googie.com/mail/u/0/2ogbl#inbox/EMicgz@dzcpNbZgc@WcGaPaRsiGILxtg = [4 Gmail Q_ Search mail | ? 8a ? owl @& : 2 Compose ae Alert: Unusual Transaction Attempted (in sInbox 478 xx Starred oO Affaf Ahmad <affafahmadd@gmail.com> tome v @? = Snoozed E> Sent From: noreply-iransalert@userbank-secure.net 1) Drafts Dear Customer, A Purchases 25 A transaction of $1,980.00 was attempted from an unknown device. If this was not you, please review the activity: vy More {3 Review Activity: http://secure-userbank-review.com/resolve Labels + If we don?? hear back, your account may be limited. Bank Security Dept.",1,0.4356483516483517
2025-11-29T13:07:55.101056,snapshot,0,0,Alert: Unusual Transaction Attempted - affafahmad79@gmail.com - Gmail - Google Chrome,,,,", | Pisretny ??Fcom/mail/u/O/2ogbl#inbox/EMtcgz@dzcpNbZgc@WeGaPagRsiGilixtg = [4 Gmail Q_ Search mail ' j < 8a ? owl @& : | 2 Compose | ae Alert: Unusual Transaction Attempted (in sInbox 478 xx Starred oO Affaf Ahmad <affafahmadd@gmail.com> tome v @? = Snoozed E> Sent From: noreply-iransalert@userbank-secure.net 1) Drafts Dear Customer, A Purchases 25 A transaction of $1,980.00 was attempted from an unknown device. If this was not you, please review the activity: vy More {3 Review Activity: http://secure-userbank-review.com/resolve Labels + If we don?? hear back, your account may be limited. Bank Security Dept.",1,0.43569116967175225
2025-11-29T13:07:57.464955,snapshot,0,0,Alert: Unusual Transaction Attempted - affafahmad79@gmail.com - Gmail - Google Chrome,,,,"-| CREE Me usual asso AT ted 6 _ Fcom/mail/u/O/2ogbl#inbox/EMtcgz@dzcpNbZgc@WeGaPagRsiGilixtg = [4 Gmail Q_ Search mail ' j < a ? wl @ i: | 2 Compose | To Alert: Unusual Transaction Attempted (in sInbox 478 xr Starred oO Affaf Ahmad <affafahmadd@gmail.com> tome v @? = Snoozed E> Sent From: noreply-iransalert@userbank-secure.net 1) Drafts Dear Customer, A Purchases 25 A transaction of $1,980.00 was attempted from an unknown device. If this was not you, please review the activity: v More & Review Activity: http://secure-userbank-review.com/resolve Labels + If we don?? hear back, your account may be limited. Bank Security Dept.",1,0.43664104882459315
2025-11-29T13:07:59.762469,snapshot,0,0,Alert: Unusual Transaction Attempted - affafahmad79@gmail.com - Gmail - Google Chrome,,,,"Grad, Googie Chrome??, | ??Fcom/mail/u/O/2ogbl#inbox/EMtcgz@dzcpNbZgc@WeGaPagRsiGilixtg = [4 Gmail Q_ Search mail ' j < 8a ? owl @& : | 2 Compose | ae Alert: Unusual Transaction Attempted (in sInbox 478 xx Starred oO Affaf Ahmad <affafahmadd@gmail.com> tome v @? = Snoozed E> Sent From: noreply-transalert@userbank-secure.net 1) Drafts Dear Customer, A Purchases 25 A transaction of $1,980.00 was attempted from an unknown device. If this was not you, please review the activity: vy More {3 Review Activity: http://secure-userbank-review.com/resolve Labels + If we don?? hear back, your account may be limited. Bank Security Dept.",1,0.4358730158730159
2025-11-29T13:08:02.001891,snapshot,0,0,Alert: Unusual Transaction Attempted - affafahmad79@gmail.com - Gmail - Google Chrome,,,,"Ee Bo P , BT OCRI2X). God Googue Ovromeds a Se | ??Fcom/mail/u/O/2ogbl#inbox/EMtcgz@dzcpNbZgc@WeGaPagRsiGilixtg = [4 Gmail Q. Search mail ' j < 8a ? owl @& : | 2 Compose | ae Alert: Unusual Transaction Attempted (in sInbox 478 xx Starred oO Affaf Ahmad <affafahmadd@gmail.com> tome v @? = Snoozed E> Sent From: noreply-transalert@userbank-secure.net 1) Drafts Dear Customer, A Purchases 25 A transaction of $1,980.00 was attempted from an unknown device. If this was not you, please review the activity: vy More {3 Review Activity: http://secure-userbank-review.com/resolve Labels + If we don?? hear back, your account may be limited. Bank Security Dept.",1,0.43728702490170385
2025-11-29T13:08:03.777491,snapshot,0,0,tk,,,,"Grad g Googie Chrome, (OCRESK) bs Bo PYBT OCRIZN, God Googue Ovromeds a Sa] Yr =ommmall:googiecom/mail/u/0/2ogbl#inbox/EMicgz@dzcpNbZgc@WcGaPaRsiGILxtg) = [4 Gmail Q. Search mail ' j < 8a ? owl @& : | 2 Compose | ae Alert: Unusual Transaction Attempted (in sInbox 478 xx Starred oO Affaf Ahmad <affafahmadd@gmail.com> tome v @? = Snoozed E> Sent From: noreply-iransalert@userbank-secure.net 1) Drafts Dear Customer, A Purchases 25 A transaction of $1,980.00 was attempted from an unknown device. If this was not you, please review the activity: vy More {3 Review Activity: http://secure-userbank-review.com/resolve Labels + If we don?? hear back, your account may be limited. Bank Security Dept.",1,0.4383556012332991
2025-11-29T13:08:07.137397,snapshot,0,0,Inbox (478) - affafahmad79@gmail.com - Gmail - Google Chrome,,,,"| Ge . By 8 sb OCR TUX) Grad g Gaogss Chromen FOCRESO bs Bo PYBT OCRIZN' Gad) j & : es SS SE ESTO a om mall:googie.com/mail/u/0/20gbl#inbox ??$s Gitk tage tack ick) tase histeny = [4 Gmail Q_ Search mail ' | O-~ ?c i: | 2 Compose | ee F Promotions Pp te AA, [Inbox 478 i rimary S Apple TV ??Last chance: Sav vy Starred CO x Affaf Anmad Alert: Unusual Transaction Att ? Snoozed Ol x Affaf Ahmad IT Helpdesk: New Security Up: Sent > Ol vw Affaf Anmad Emergency Request for Flood C1 Drafts ??arwrimri2 Affaf Ahmad Congratulations! You Are Shor (Purchases 25 OU * 9 More CO x Affaf Anmad New Invoice #4482 Due Imme Ol x Affaf Ahmad Alert: Unusual Transaction Att Labels fe Ol x Affaf Ahmad Subject: Urgent: Your Account Ol x Affaf Ahmad HR Payroll Notification - Hi, W Ol vw Affaf Anmad Delivery Attempt Failed - A pa Ol x Affaf Ahmad Mailbox Storage Exceeded - ? Ol x Affaf Ahmad Bank Alert: Unusual Debit Atte [1 wH* Affaf Ahmad Your Account Has Been locke",1,0.44471398622342023
2025-11-29T13:40:17.716382,snapshot,0,0,screen_monitor.py - AI_Proj - Visual Studio Code,,,,"TS 7 Hite GR Sdectom Vian Go Run Tame Oty el | o ? termed gyi ? sam montiongy 6 3 \ZTAITPROJ) ReRcascreen?monitonpypaes Qo > Mawes @2 | > way @ Eo , Ga it@r_eumte@_lehalled.csy??| oeclean?screentmonitorslog py, 2 6 bh) ee labellbuilderpy; 66) [ =aphishing?detectorjobliby ov] 2 DUD average confidence (= 109) ? 53 =a phishing??odel!pkl 63) 53 (69) I? ??nitlkeds?? Walteo Matll?? ??leum iscreensmonitorsautoslabeledicsy, mn C ? coomumenfientegesy ye 8 peat eee a ie S (3) SSLEEA LMOTP IEY PD : cooper, ??; ally screensmonitorauiallog:csy, 7B) Henk PGCountaaay Ge dikt carts SUNU SU: ? 6 7! Reset password?? Twarify billing?? ??e pa ? tettamadlay i) 75) % a iy F im PAT, cet full pawn are (umeomma 7.3) ? paract .itessaract_cit] = rc s\Wregram Fil, il 32] SSS 33) OE_FILE)s 34) ME, WP, wedlina="""", eneadiag=""Uti-o??85) waiter (i) PROREYS (7) SLERMINAL EE (env) EPSEG:NUSerSNA GE aR DRO) CGLNAI@ PRO) NATEPEO): std] 8247.13] min) 52) FB",0,0.07182667279130302
2025-11-29T13:40:20.688999,snapshot,0,0,Inbox (478) - affafahmad79@gmail.com - Gmail - Google Chrome,,,,"| pe ? OCRACOKE TS F Hite GR Sdectom Vim Go Run Tame Ory ef [o ? termed a FS ee Nae cheted Y4 aE ~ a an CMe: METail coogle-com/mail/u/0/zogbitinbox = [4 Gmail Q_ Search mail ' | O-~ ?c i: | 2 Compose | ee F Promotions Pp te AA, [Inbox 478 i rimary S Apple TV ??Last chance: Sav vy Starred CO x Affaf Anmad Alert: Unusual Transaction Att ? Snoozed Ol x Affaf Ahmad IT Helpdesk: New Security Up: Sent > Ol vw Affaf Anmad Emergency Request for Flood C1 Drafts ??arwrimri2 Affaf Ahmad Congratulations! You Are Shor (Purchases 25 OU * 9 More CO x Affaf Anmad New Invoice #4482 Due Imme Ol x Affaf Ahmad Alert: Unusual Transaction Att Labels fe Ol x Affaf Ahmad Subject: Urgent: Your Account Ol x Affaf Ahmad HR Payroll Notification - Hi, W Ol vw Affaf Anmad Delivery Attempt Failed - A pa Ol x Affaf Ahmad Mailbox Storage Exceeded - ? Ol x Affaf Ahmad Bank Alert: Unusual Debit Atte [1 wH* Affaf Ahmad Your Account Has Been locke",1,0.4442640692640693
2025-11-29T13:40:23.872451,snapshot,0,0,Inbox (478) - affafahmad79@gmail.com - Gmail - Google Chrome,,,,"??CREGR): | pe ? OCRACOKE TS E Hite GR Sdectom Vari Go Run Tame 1 maa Cry ef fo ? termed a FS ee Noo cheted V4 af ??2 an Over MET all] PN A. ae??Mail Googlecom/mail/u/0/2ogbitinbox = [4 Gmail Q Search mail ' | O-~ ?c i: | 2 Compose | es @ Primary ? __ Promotions & siInbox a vy Starred CO x Affaf Anmad Alert: Unusual Transaction Att ? Snoozed Ol x Affaf Ahmad IT Helpdesk: New Security Up: Sent > Ol vw Affaf Anmad Emergency Request for Flood C1 Drafts ??arwrimri2 Affaf Ahmad Congratulations! You Are Shor (Purchases 25 OU * 9 More CO x Affaf Anmad New Invoice #4482 Due Imme Ol x Affaf Ahmad Alert: Unusual Transaction Att Labels fe Ol x Affaf Ahmad Subject: Urgent: Your Account Ol x Affaf Ahmad HR Payroll Notification - Hi, W Ol vw Affaf Anmad Delivery Attempt Failed - A pa Ol x Affaf Ahmad Mailbox Storage Exceeded - ? Ol x Affaf Ahmad Bank Alert: Unusual Debit Atte [1 wH* Affaf Ahmad Your Account Has Been locke",1,0.4442066077245231
2025-11-29T13:40:26.893079,snapshot,0,0,Inbox (478) - affafahmad79@gmail.com - Gmail - Google Chrome,,,,"OCRETE OCU] pe 6 OCRACOKETS E Hac Gt Sdectorns Vass GO j Ba TR Tosres t sroxs Cry cf fo ? termed a FS ec Noo cheted V4 af <2 an) ON ??ver MET ail] PN Ald Mall Goog iacom/rnmifr{0/20g betin bor] a en ? Me: METail cooglecomymail/u/0/2o0gbitinbox = [4 Gmail Q_ Search mail ' | O- ci: | 2 Compose | ee F Promotions P Aa SAA, Inbox 478 Md rmary S Apple TV ??Last chance: Sav yr Starred Ol x Affaf Ahmad Alert: Unusual Transaction Att ? Snoozed Ol vw Affaf Anmad IT Helpdesk: New Security Up: Sent > Ol vw Affaf Anmad Emergency Request for Flood 1) Drafts ry Affaf Ahmad Congratulations! You Are Shor (Purchases 25 O 9 Affaf Ahmad New Invoice #4482 Due | Y??More amma ka af Ahma ew Invoice ue Imme Ol vw Affaf Anmad Alert: Unusual Transaction Att Labels fe Ol vw Affaf Anmad Subject: Urgent: Your Account Ol x Affaf Ahmad HR Payroll Notification - Hi, W Ol vw Affaf Anmad Delivery Attempt Failed - A pa Ol vw Affaf Anmad Mailbox Storage Exceeded - \ Ol x Affaf Ahmad Bank Alert: Unusual Debit Atte [1 wH* A",1,0.4445714285714286
2025-11-29T13:40:28.815630,snapshot,0,0,Gmail - Google Chrome,,,,| B+ OCR ETE OCRETE OC) pe 6 OCRACOKETS E Hac Gt Sdectorns Vors GO) ?? - e a Se eeeeTegeammas i eX: METTail Googlecom/mail/u/0/2ogbl#inbox,0,0.028985507246376815
2025-11-29T13:40:31.436349,snapshot,0,0,Project improvement plan - Google Chrome,,,,"| SMMC BerojectAssionment 8 || @ aIBOREAAEM-GoagioOi ?? 6 & GUAEPT v INew!chat} ce Searchichats} _ 2 A tek 1 = Kentiiied 0 Vibraty timitationsWeak?generali a aLhejreplicatedisystemfrelieste Wabelinglissuerexplanation) python) Drojectiimprovement{plan) orensiqExamination}steps) if (co im Got _gorae rem Trve Gybersecurityprojecttideas Download|Githiub|Repo\Winss loedescriptiomfoqblugx aiall son paraphrased phi ; 2 Thea fla posiivas ft II MIrepontgenerationtoveryss a, paste NMimodelstfomrepontigeneras & OGRacike cfitan braaks ? lo@tableygeneration) & Nopekehiliticsane IMbStmatchingyand|Mitreyans aThislistalrealistictandjvalid]limn SalineywateniniBalochistan} a",1,0.4374436090225564
2025-11-29T13:40:34.628169,snapshot,0,0,Inbox (478) - affafahmad79@gmail.com - Gmail - Google Chrome,,,,"OCR: | SVOAC BerosectAsaonment 8 if @ 2B CREAADM-Gosg1o0y) . BAT E> 6 & GUADPT v Newich at} ce Scarchachatn 82 A tek 1 = Kentmed 0. Ne BE (Wisraty torstations\Veceg ners a alhep pedayster a en ? Me: METail cooglecomymail/u/0/2o0gbitinbox = [4 Gmail Q_ Search mail ' | O-~ ?c i: | 2 Compose | ee F Promotions Pp te AA, [Inbox 478 i rimary S Apple TV ??Last chance: Sav vy Starred CO x Affaf Anmad Alert: Unusual Transaction Att ? Snoozed Ol x Affaf Ahmad IT Helpdesk: New Security Up: Sent > Ol vw Affaf Anmad Emergency Request for Flood C1 Drafts ??arwrimri2 Affaf Ahmad Congratulations! You Are Shor (Purchases 25 OU * 9 More CO x Affaf Anmad New Invoice #4482 Due Imme Ol x Affaf Ahmad Alert: Unusual Transaction Att Labels fe Ol x Affaf Ahmad Subject: Urgent: Your Account Ol x Affaf Ahmad HR Payroll Notification - Hi, W Ol vw Affaf Anmad Delivery Attempt Failed - A pa Ol x Affaf Ahmad Mailbox Storage Exceeded - ? Ol x Affaf Ahmad Bank Alert: Unusual Debit Atte [1 wH* Affaf Ahmad Your Account ",1,0.4440714285714286
2025-11-29T13:40:38.466591,snapshot,0,0,screen_monitor.py - AI_Proj - Visual Studio Code,,,,"(GOmmRUNEmTerminal mt telp) e> [ ; OCR EHS OCS | SVOAC BerosectAmonment 8 ? @ 28) Nees ICREAADM- Gong 100y])s GAT E> 6 & GUADPT y Newsch 21) oa) TE | ne: are o ? termedkiay7 ? saeenmontionpy ? 3 \ZTAITPROJ) ReRcascreen?monitonpypaes Q > Atswister G2 Bo | , Ga it@r_eumte@_lehalled.csy??| 9 emclean?screen?monitormslog??y, & 16) r~COC~??sSSSSS ee labellbuilderpy; 6B C__ =Iphishing??etectorjobliby or 2 mM average confidence (O- 10) - 53 =a phishing??odel!pkl 63) a3 (69) I? ??nitlkeds?? Walteo Matll?? ??leum iscreensmonitorsautoslabeledicsy, mn C fe) ; 7A em, ??pckte pasar, VC (HARE ? Eaiscreensmonitorslog:csv] ?? t cuspanta, ??egim ammedilatelhy S screensmonitorauiallog:csy, RB hen acount?? ??rait card, ??aUSU @ 6 7A ~??s reset password?? ??anity billing?? ??p pa ? tettamadlay i) 75) % a ww b im PATH, set fulll pawn rare (uneeme 7.3) ? paract jtessaract_and = PCs \\WRegraM Fil Gil 32] SSS 33) OE_FILE)s 34) ME, WP, wedlina="""", eneadiag=""Uti-o??85) waiter (i) PROREYS (7) PIERMINAL EE (env) E",0,0.09951428571428572
2025-11-29T13:40:41.028797,phishing_alert,0,0,URGENT: Password Reset Required Now - affafahmadd@gmail.com - Gmail - Google Chrome,,,,"URGENT: Password Reset Required Now - affafahmadd@gmail.com - Gmail - Google Chrome
8 || @ Gkeophibiing enefis PIE) romewUb* Mannheim tesseraG BE TCREAADM- Gong 100y)s BAT E> 6 &? GUADPT v Newsch at} ce) SR IN entmed 0. Ne BE (\Varaty torstatons\Veceg) yr =ommmall:googiecom/mail/u/O/#sent/KtbxLvEITZdaqttvsGSgUPKVDibMGGnlitg = [4 Gmail Q_ in:sent | ??? ? ob l|e Bi: 2 Compose URGENT: Password Reset Required Now {Inbox 898 xr Starred Affaf Ahmad <affafahmadd@gmail.com> to affafahmad79 v @? = Snoozed = Sent Dear User, D2 sOODrafts 4 We detected unusual activity on your account. Your password must t ) Purchases 7 Please verify your identity using the link below: ??More htip://example-phish.test/reset Failure to act within 24 hours may result in permanent account susp Labels + Thank you, Security Team",1,0.8700460829493089
2025-11-29T13:40:41.029387,snapshot,0,0,URGENT: Password Reset Required Now - affafahmadd@gmail.com - Gmail - Google Chrome,,,,"8 || @ Gkeophibiing enefis PIE) romewUb* Mannheim tesseraG BE TCREAADM- Gong 100y)s BAT E> 6 &? GUADPT v Newsch at} ce) SR IN entmed 0. Ne BE (\Varaty torstatons\Veceg) yr =ommmall:googiecom/mail/u/O/#sent/KtbxLvEITZdaqttvsGSgUPKVDibMGGnlitg = [4 Gmail Q_ in:sent | ??? ? ob l|e Bi: 2 Compose URGENT: Password Reset Required Now {Inbox 898 xr Starred Affaf Ahmad <affafahmadd@gmail.com> to affafahmad79 v @? = Snoozed = Sent Dear User, D2 sOODrafts 4 We detected unusual activity on your account. Your password must t ) Purchases 7 Please verify your identity using the link below: ??More htip://example-phish.test/reset Failure to act within 24 hours may result in permanent account susp Labels + Thank you, Security Team",1,0.8697467352592007
2025-11-29T13:40:44.028767,snapshot,0,0,Inbox (898) - affafahmadd@gmail.com - Gmail - Google Chrome,,,,"| (Gea esa Cao Gober Xitel BE Fakelphishingremails GEIR) Rome UBS Mannneinnytesserag - $ A Phishing Alert ??oO x iThisyemailllookstsuspicious!) | Be careful before clicking any links. Consider contacting IT or the sender, ! O- ci: | @ Compose ??Oo : Promotions __ Primar ??Inbox 898 hd y S Hackviser ??36 Hours Left: 5? yr Starred Oh x Google Security alert for 231349@s ? Snoozed OO) x Quora Digest My name is Marvi. | am from E> Sent _. . OC x SNSKIES via LinkedIn Managed Network Security 1) ??rafts a _]YJYSYyaATaY Sa Ol x e.statement Easypaisa Mobile Bundle Re f] Purchases 7 More Ol x Academia.edu Updated Terms of Use and | Ol x e.statement Money Transfer via Raast P: Labels Ol x Google Security alert for 231349@s Ol x e.statement Login Attempt Failed - Dear Ol x e.statement Money Transfer via Raast P: Ol x Google Security alert for 231349@s Ol x DARAZ Pakistan Delivery of your Order 2288 [1 * LinkedIn Vibe6 Diaital Human Resour",1,0.8413238196447549
2025-11-29T13:40:47.117505,snapshot,0,0,Inbox (898) - affafahmadd@gmail.com - Gmail - Google Chrome,,,,"| (Gea esa Cao Gober Xitel BE Fakelphishingremails GEIR) Rome UBS Mannneinnytesserag - $ A Phishing Alert ??oO x iThisyemailllookstsuspicious!) | Be careful before clicking any links. Consider contacting IT or the sender, ! O- ci: | @ Compose ??Oo : Promotions __ Primar ??Inbox 898 hd y S Hackviser ??36 Hours Left: 5? yr Starred Oh x Google Security alert for 231349@s ? Snoozed OO) x Quora Digest My name is Marvi. | am from E> Sent _. . OC x SNSKIES via LinkedIn Managed Network Security 1) ??rafts a _]YJYSYyaATaY Sa Ol x e.statement Easypaisa Mobile Bundle Re f] Purchases 7 More Ol x Academia.edu Updated Terms of Use and | Ol x e.statement Money Transfer via Raast P: Labels Ol x Google Security alert for 231349@s Ol x e.statement Login Attempt Failed - Dear Ol x e.statement Money Transfer via Raast P: Ol x Google Security alert for 231349@s Ol x DARAZ Pakistan Delivery of your Order 2288 [1 * LinkedIn Vibe6 Diaital Human Resour",1,0.8413238196447549
2025-11-29T13:40:49.941238,snapshot,0,0,Inbox (898) - affafahmadd@gmail.com - Gmail - Google Chrome,,,,"| (Gea esa Cao Gober Xitel BE Fakelphishingremails GEIR) Rome UBS Mannneinnytesserag - $ A Phishing Alert ??oO x iThisyemailllookstsuspicious!) | Be careful before clicking any links. Consider contacting IT or the sender, ! O- ci: | @ Compose ??Oo : Promotions __ Primar ??Inbox 898 hd y S Hackviser ??36 Hours Left: 5? yr Starred Oh x Google Security alert for 231349@s ? Snoozed OO) x Quora Digest My name is Marvi. | am from E> Sent _. . OC x SNSKIES via LinkedIn Managed Network Security 1) ??rafts a _]YJYSYyaATaY Sa Ol x e.statement Easypaisa Mobile Bundle Re f] Purchases 7 More Ol x Academia.edu Updated Terms of Use and | Ol x e.statement Money Transfer via Raast P: Labels Ol x Google Security alert for 231349@s Ol x e.statement Login Attempt Failed - Dear Ol x e.statement Money Transfer via Raast P: Ol x Google Security alert for 231349@s Ol x DARAZ Pakistan Delivery of your Order 2288 [1 * LinkedIn Vibe6 Diaital Human Resour",1,0.8413238196447549
2025-11-29T13:40:52.788744,snapshot,0,0,Inbox (898) - affafahmadd@gmail.com - Gmail - Google Chrome,,,,"| (Gea esa Cao Gober Xitel BE Fakelphishingremails GEIR) Rome UBS Mannneinnytesserag - $ A Phishing Alert ??oO x iThisyemailllookstsuspicious!) | Be careful before clicking any links. Consider contacting IT or the sender, ! O- ci: | @ Compose ??Oo : Promotions __ Primar ??Inbox 898 hd y S Hackviser ??36 Hours Left: 5? yr Starred Oh x Google Security alert for 231349@s ? Snoozed OO) x Quora Digest My name is Marvi. | am from E> Sent _. . OC x SNSKIES via LinkedIn Managed Network Security 1) ??rafts a _]YJYSYyaATaY Sa Ol x e.statement Easypaisa Mobile Bundle Re f] Purchases 7 More Ol x Academia.edu Updated Terms of Use and | Ol x e.statement Money Transfer via Raast P: Labels Ol x Google Security alert for 231349@s Ol x e.statement Login Attempt Failed - Dear Ol x e.statement Money Transfer via Raast P: Ol x Google Security alert for 231349@s Ol x DARAZ Pakistan Delivery of your Order 2288 [1 * LinkedIn Vibe6 Diaital Human Resour",1,0.8413238196447549
2025-11-29T13:40:55.890707,snapshot,0,0,Inbox (898) - affafahmadd@gmail.com - Gmail - Google Chrome,,,,"| (Gea esa Cao Gober Xitel BE Fakelphishingremails GEIR) Rome UBS Mannneinnytesserag - $ A Phishing Alert ??oO x iThisyemailllookstsuspicious!) | Be careful before clicking any links. Consider contacting IT or the sender, ! O- ci: | @ Compose ??Oo : Promotions __ Primar ??Inbox 898 hd y S Hackviser ??36 Hours Left: 5? yr Starred Oh x Google Security alert for 231349@s ? Snoozed OO) x Quora Digest My name is Marvi. | am from E> Sent _. . OC x SNSKIES via LinkedIn Managed Network Security 1) ??rafts a _]YJYSYyaATaY Sa Ol x e.statement Easypaisa Mobile Bundle Re f] Purchases 7 More Ol x Academia.edu Updated Terms of Use and | Ol x e.statement Money Transfer via Raast P: Labels Ol x Google Security alert for 231349@s Ol x e.statement Login Attempt Failed - Dear Ol x e.statement Money Transfer via Raast P: Ol x Google Security alert for 231349@s Ol x DARAZ Pakistan Delivery of your Order 2288 [1 * LinkedIn Vibe6 Diaital Human Resour",1,0.8413238196447549
2025-11-29T13:40:58.747435,phishing_alert,0,0,Inbox (898) - affafahmadd@gmail.com - Gmail - Google Chrome,,,,"Inbox (898) - affafahmadd@gmail.com - Gmail - Google Chrome
| (Gea esa Cao Gober Xitel BE Fakelphishingremails GEIR) Rome UBS Mannneinnytesserag - $ A Phishing Alert ??oO x iThisyemailllookstsuspicious!) | Be careful before clicking any links. Consider contacting IT or the sender, ! O- ci: | @ Compose ??Oo : Promotions __ Primar ??Inbox 898 hd y S Hackviser ??36 Hours Left: 5? xx Starred Oh x Google Security alert for 231349@s ? Snoozed OO) x Quora Digest My name is Marvi. | am from E> Sent _. . OC x SNSKIES via LinkedIn Managed Network Security 1) ??rafts a _]YJYSYyaATaY Sa Ol x e.statement Easypaisa Mobile Bundle Re f] Purchases 7 More Ol x Academia.edu Updated Terms of Use and | Ol x e.statement Money Transfer via Raast P: Labels Ol x Google Security alert for 231349@s Ol x e.statement Login Attempt Failed - Dear Ol x e.statement Money Transfer via Raast P: Ol x Google Security alert for 231349@s Ol x DARAZ Pakistan Delivery of your Order 2288 [1 * LinkedIn Vibe6 Diaital Human Resour",1,0.8409590409590411
2025-11-29T13:40:58.748033,snapshot,0,0,Inbox (898) - affafahmadd@gmail.com - Gmail - Google Chrome,,,,"| (Gea esa Cao Gober Xitel BE Fakelphishingremails GEIR) Rome UBS Mannneinnytesserag - $ A Phishing Alert ??oO x iThisyemailllookstsuspicious!) | Be careful before clicking any links. Consider contacting IT or the sender, ! O- ci: | @ Compose ??Oo : Promotions __ Primar ??Inbox 898 hd y S Hackviser ??36 Hours Left: 5? xx Starred Oh x Google Security alert for 231349@s ? Snoozed OO) x Quora Digest My name is Marvi. | am from E> Sent _. . OC x SNSKIES via LinkedIn Managed Network Security 1) ??rafts a _]YJYSYyaATaY Sa Ol x e.statement Easypaisa Mobile Bundle Re f] Purchases 7 More Ol x Academia.edu Updated Terms of Use and | Ol x e.statement Money Transfer via Raast P: Labels Ol x Google Security alert for 231349@s Ol x e.statement Login Attempt Failed - Dear Ol x e.statement Money Transfer via Raast P: Ol x Google Security alert for 231349@s Ol x DARAZ Pakistan Delivery of your Order 2288 [1 * LinkedIn Vibe6 Diaital Human Resour",1,0.8413238196447549
2025-11-29T13:41:00.918479,snapshot,0,0,??? Phishing Alert,,,,"BR er nos SO ERC CEO MX ra kelphishingvemalls X<?ae @) omen UBs Mannheim tesserag $ A Phishing Alert ??Oo x 9 & Phishing Alert - oF xX Bel ihisfemail}looks{suspicious!) Be careful before clicking any links. Consider contacting IT or the sender, o Oe i SEE Primary S P romotions Gonew i Inbox 898 Hackviser ??36 Hours Left: 5( yr Starred Oh x Google Security alert for 231349@s ? Snoozed OO) x Quora Digest My name is Marvi. | am from E> Sent _. . OC x SNSKIES via LinkedIn Managed Network Security 1) ??rafts a _]YJYSYyaATaY Sa Ol x e.statement Easypaisa Mobile Bundle Re f] Purchases 7 More Ol x Academia.edu Updated Terms of Use and | Ol x e.statement Money Transfer via Raast P: Labels Ol x Google Security alert for 231349@s Ol x e.statement Login Attempt Failed - Dear Ol x e.statement Money Transfer via Raast P: Ol x Google Security alert for 231349@s Ol x DARAZ Pakistan Delivery of your Order 2288 [1 * LinkedIn Vibe6 Diaital Human Resour",1,0.8418766028058531
2025-11-29T13:41:04.174871,snapshot,0,0,Inbox (898) - affafahmadd@gmail.com - Gmail - Google Chrome,,,,% || ? Rophisiing emais PIE) InomenUBMannheinytesserag BIT CREAAD Gong 100y)3 BAT E> 6 & GUADPT y Newsch at) co) OO SR IN entmed 0. Ne BE (\Varaty torstations\Veceg) yr om miall:googie.com/mail/u/0/#inbox = [4 Gmail Q_ Search mail ' | O-~ ?c i: | 2 Compose | ??_________??: Promotions Primar ??fd y S Hackviser ??36 Hours Left: 5? sInbox 898 yr Starred Oh x Google Security alert for 231349@s ? Snoozed OO) x Quora Digest My name is Marvi. | am from E> Sent _. . OC x SNSKIES via LinkedIn Managed Network Security 1) ??rafts a _]YJYSYyaATaY Sa Ol x e.statement Easypaisa Mobile Bundle Re f] Purchases 7 More Ol x Academia.edu Updated Terms of Use and | Ol x e.statement Money Transfer via Raast P: Labels Ol x Google Security alert for 231349@s Ol x e.statement Login Attempt Failed - Dear Ol x e.statement Money Transfer via Raast P: Ol x Google Security alert for 231349@s Ol x DARAZ Pakistan Delivery of your Order 2288 [1 * LinkedIn Vibe6 Diaital Human Resour,1,0.8427978044800475
2025-11-29T13:41:06.846013,snapshot,0,0,,,,,,0,0.0
2025-11-29T13:41:10.447732,snapshot,0,0,screen_monitor.py - AI_Proj - Visual Studio Code,,,,,0,0.0
2025-11-29T13:41:13.776142,snapshot,0,0,screen_monitor.py - AI_Proj - Visual Studio Code,,,,,0,0.0
2025-11-29T13:41:14.785775,snapshot,0,0,screen_monitor.py - AI_Proj - Visual Studio Code,,,,,0,0.0
2025-11-29T13:41:15.833935,snapshot,0,0,screen_monitor.py - AI_Proj - Visual Studio Code,,,,,0,0.0
2025-11-29T13:44:42.804637,snapshot,0,0,screen_monitor.py - AI_Proj - Visual Studio Code,,,,"TS 7 Hite GR Sdectom Vian Go Run Tame Oty el | ao ? tefrmadelay 1 ? sam montiongy 6 3 \ZTAITPROJ) ReRcascreen?monitonpypaes Q > Oia felter @2 5 | > waaay 8 [CC , Ga it@r_eumte@_lehalled.csy??| Ro kek clean?screen?monitorslog:pyy 6S ??r @ S C__ = Tphishing?detectorjobliby C7 2 DMD GvERAe Contidance (@- 100) igs Eaphishing?model/pkl 68) a3 (69) I? ??nitlkeds?? Walteo Matll?? ??leum 7 C fe) ; 7A em, ??pckte pasar, VC (HARE ? Eaiscreensmonitorslog:csv] PD : cospenta?, ??egia & Harel & 7 ?=| ??ank account?? ??radiit card?? ??as @ 6 7A ~??s reset password?? ??anity billing?? ??p ic) f 7 % a ww b im PATH, set fulll pawn rare (uneeme 78 ? paract jtessaract_and = PCs \\WRegraM Fil a 32] SSS 33) OE_FILE)s aa QE, ??y madline="""", enoeding=""Uit-o??35) BWiziitera (i) PROGENS (7) cTERMINALEEE elPSIG: \USeRSNAGLAT\DhOJ CGt\Ala Pro) NALE PDO) DY thon PSIG: USERS NAGE ai\ DEO) eGtNALSPhO NALS PhO: DRVENVAS Om OR(Venv) BPSEG: NUSERSNA GLa iNDROJ CGINAIEE RO NAISP EO}: = moni:t Oma (ULALOCRIMMELPhi Shing)",-1,0.10801428571428572
2025-11-29T13:44:46.561065,snapshot,0,0,tk,,,,"Co Ru Temas wtp > | OCRAIN TS 7 He GR Sdectom Vien Go Run Tome Oty ol [30 ?) = Rcfrmadekyy | Gm montion sy 63 \ZTATPRON) ??ss=??eoSasaw??ouoe | o ? termed gyi ? sam montiongy 6 3 oS \ZTAITPROJ) ReRcascreen?monitonpypaes QQ Hamer G2 6 | > way @3 fC , Ga it@r_eumte@_lehalled.csy??| 9 emclean?screen?monitormslog??y, & 16) r~COC~??sSSSSS ee labellbuilderpy; 6B C__ =Iphishing??etectorjobliby or 2 mM average confidence (O- 10) - 53 =a phishing??odel!pkl 63) a3 (69) I? ??nitlkeds?? Walteo Matll?? ??leum iscreensmonitorsautoslabeledicsy, mn C fe) ; 7A em, ??pckte pasar, VC (HARE ? Eaiscreensmonitorslog:csv] D & cusped, ??egia & ??tely S screensmonitorauiallog:csy, RB hen acount?? ??rait card, ??aUSU @ 6 7A ~??s reset password?? ??anity billing?? ??p pa ? tettamadlay i) 75) % a ww b im PATH, set fulll pawn rare (uneeme 7.3) ? paract jtessaract_and = PCs \\WRegraM Fil il 32] SSS 33) OE_FILE)s oa QE, ??P, mexiifima="""", eneotkiag= ""wit -o??85) EWiEiten (i) PROREYS (7) SLERMINALEEE elPSIG: \USeRSNA",0,0.09931428571428572
2025-11-29T13:44:49.068587,phishing_alert,0,0,URGENT: Password Reset Required Now - affafahmad79@gmail.com - Gmail - Google Chrome,,,,"URGENT: Password Reset Required Now - affafahmad79@gmail.com - Gmail - Google Chrome
(OCRAO%): Co Ru Temas wtp > | OCRAN TS 7 He GR Sdectom Vier! Go} , a (Run, Tome Ory of (30 ?) = Refrmmed echyy | Gri montion sy 63 \ZTATPRON) Se B= COO? ouce]o Otermed gy ? xan mon tonigy 6.3.0) en CM: MEail Googlecom/mail/u/O/7ogbltinbox/EMicgz@dzcpNkqX@LDgRZZpRRENRMp fl = [4 Gmail Q_ Search mail ' | ? @ ? 8 |S @: | 2 Compose | a URGENT: Password Reset Required Now sInbox 479 | xr Starred oO Affaf Ahmad <affafahmadd@gmail.com> ""| ""tome v @? = Snoozed _ E> Sent Dear User, 1) Drafts We detected unusual activity on your account. Your password must! ) Purchases 25 Please verify your identity using the link below: ??More htip://example-phish.test/reset Failure to act within 24 hours may result in permanent account susp Labels + Thank you, Security Team",1,0.8701914929672937
2025-11-29T13:44:49.069172,snapshot,0,0,URGENT: Password Reset Required Now - affafahmad79@gmail.com - Gmail - Google Chrome,,,,"(OCRAO%): Co Ru Temas wtp > | OCRAN TS 7 He GR Sdectom Vier! Go} , a (Run, Tome Ory of (30 ?) = Refrmmed echyy | Gri montion sy 63 \ZTATPRON) Se B= COO? ouce]o Otermed gy ? xan mon tonigy 6.3.0) en CM: MEail Googlecom/mail/u/O/7ogbltinbox/EMicgz@dzcpNkqX@LDgRZZpRRENRMp fl = [4 Gmail Q_ Search mail ' | ? @ ? 8 |S @: | 2 Compose | a URGENT: Password Reset Required Now sInbox 479 | xr Starred oO Affaf Ahmad <affafahmadd@gmail.com> ""| ""tome v @? = Snoozed _ E> Sent Dear User, 1) Drafts We detected unusual activity on your account. Your password must! ) Purchases 25 Please verify your identity using the link below: ??More htip://example-phish.test/reset Failure to act within 24 hours may result in permanent account susp Labels + Thank you, Security Team",1,0.8699396909159443
2025-11-29T13:44:51.768092,snapshot,0,0,URGENT: Password Reset Required Now - affafahmad79@gmail.com - Gmail - Google Chrome,,,,"| Ri : wm $8 Of} atfafahred 79 @ giresl.com, Graal 5 Googie Chrome) 1 = OCR EGR) (OCRACR) Co. Ru Jeri wipes [OCRAN TS J He GR Sdectom) ON [oem oses Se =ommmall:googie.com/mail/u/0/zogbl#inbox/EMfcgzOdzcpNkaqXGIDgRZZpRRcNRmDfl = M ? Q Phishing Alert = a x | G Compa Be careful before clicking any links, Consider contacting IT or the sender. ~ t Required Now sInbox 479 xr Starred ~ Affaf Ahmad <affafahmadd@gmail.com> ""3"" tome v @? = Snoozed _ E> Sent Dear User, 1) Drafts We detected unusual activity on your account. Your password must! ) Purchases 25 Please verify your identity using the link below: ??More htip://example-phish.test/reset Failure to act within 24 hours may result in permanent account susp Labels + Thank you, Security Team",1,0.8682987711213518
2025-11-29T13:44:54.091111,snapshot,0,0,URGENT: Password Reset Required Now - affafahmad79@gmail.com - Gmail - Google Chrome,,,,"| Sa. ; qui 3 > atfafahinsd79 @ gimau.coms Graal = Goog le Chroma 1 | 7 mam:google.com/mail/U/0/7ogbl#inbox/EMfcgzOdzcpNkaqXGIDgRZZpRRcNRmDfl = [4 Gmail Q_ Search mail ' j < 8a ? owl @& : | 2 Compose | a URGENT: Password Reset Required Now sInbox 479 | xr Starred oO Affaf Ahmad <affafahmadd@gmail.com> ""| ""tome v @? = Snoozed _ E> Sent Dear User, 1) Drafts We detected unusual activity on your account. Your password must! ) Purchases 25 Please verify your identity using the link below: ??More htip://example-phish.test/reset Failure to act within 24 hours may result in permanent account susp Labels + Thank you, Security Team",1,0.8660458778105837
2025-11-29T13:44:56.380933,snapshot,0,0,URGENT: Password Reset Required Now - affafahmad79@gmail.com - Gmail - Google Chrome,,,,"| Sa. : OW 93 db . Poison Cmca at cc MER COM) mail/U/O/cogbitinbox/EMicaz@dzcpNkaXGlDORZZDRRCNRmD tl = [4 Gmail Q_ Search mail ' | ??@ ? 8 |S @: | 2 Compose | a URGENT: Password Reset Required Now sInbox 479 | xr Starred oO Affaf Ahmad <affafahmadd@gmail.com> ""| ""tome v @? = Snoozed _ E> Sent Dear User, 1) Drafts We detected unusual activity on your account. Your password must! ) Purchases 25 Please verify your identity using the link below: ??More htip://example-phish.test/reset Failure to act within 24 hours may result in permanent account susp Labels + Thank you, Security Team",1,0.8684056557776695
2025-11-29T13:44:58.630347,snapshot,0,0,URGENT: Password Reset Required Now - affafahmad79@gmail.com - Gmail - Google Chrome,,,,"| Sa. : ay 93 | hb tatfafahinsd79 @ gimeacoms Graal = Google Chrcers 1 @ ??rcom/mail/u/O/2ogbl#inbox/EMicgz@dzcpNkqxG@lbgRZZpRRcNRmDfl = [4 Gmail Q_ Search mail ' j < 8a ? owl @& : | 2 Compose | a URGENT: Password Reset Required Now sInbox 479 | xr Starred oO Affaf Ahmad <affafahmadd@gmail.com> ""| ""tome v @? = Snoozed _ E> Sent Dear User, 1) Drafts We detected unusual activity on your account. Your password must! ) Purchases 25 Please verify your identity using the link below: ??More htip://example-phish.test/reset Failure to act within 24 hours may result in permanent account susp Labels + Thank you, Security Team",1,0.8655029857602206
2025-11-29T13:45:00.967134,snapshot,0,0,URGENT: Password Reset Required Now - affafahmad79@gmail.com - Gmail - Google Chrome,,,,"| "" | tatfafahinsd79 @ gmraa.coms Graal = Google Chroma 1 Chreers 1 @ comfranl/u/O/20g bien box/(icg: @dzcpNET IG WgRZZ PARA - SiGe acom/mail/u/O/zogbi#inbox/EMicgz@dzcpNkqXGIDgRZZpRRcNRmDil = [4 Gmail Q_ Search mail ' j < 8a ? owl @& : | 2 Compose | a URGENT: Password Reset Required Now sInbox 479 | xr Starred oO Affaf Ahmad <affafahmadd@gmail.com> ""| ""tome v @? = Snoozed _ E> Sent Dear User, 1) Drafts We detected unusual activity on your account. Your password must! ) Purchases 25 Please verify your identity using the link below: ??More htip://example-phish.test/reset Failure to act within 24 hours may result in permanent account susp Labels + Thank you, Security Team",1,0.8676148335440371
2025-11-29T13:45:03.314662,snapshot,0,0,URGENT: Password Reset Required Now - affafahmad79@gmail.com - Gmail - Google Chrome,,,,"| Sa. ; pi x at ettatahvred 798 grea com, CE a | epee mes Cee oma iciioogiecomymell/u/O/zogbisinbox/EMicqzOdzepNkaXGlOGRZZpRReNRMD I = [4 Gmail Q_ Search mail ' j < a ? wl @ i: | 2 Compose | oO URGENT: Password Reset Required Now sInbox 479 | xr Starred oO Affaf Ahmad <affafahmadd@gmail.com> ""| ""tome v @? = Snoozed _ E> Sent Dear User, 1) Drafts We detected unusual activity on your account. Your password must! ) Purchases 25 Please verify your identity using the link below: ? More htip://example-phish.test/reset Failure to act within 24 hours may result in permanent account susp Labels + Thank you, Security Team",1,0.8666743595661205
2025-11-29T13:45:05.453690,phishing_alert,0,0,URGENT: Password Reset Required Now - affafahmad79@gmail.com - Gmail - Google Chrome,,,,"URGENT: Password Reset Required Now - affafahmad79@gmail.com - Gmail - Google Chrome
| "" | : feta Rel maces Rr CGH RRM COL NY Mal/0/0/c OODILInDOX/EMIfcaz OdzcpNKAXGIDORZZpRReNRmDA = [4 Gmail Q_ Search mail ' j < 8a ? owl @& : | 2 Compose | oO URGENT: Password Reset Required Now sInbox 479 | xx Starred oO Affaf Ahmad <affafahmadd@gmail.com> ""| ""tome v @? = Snoozed _ f& Sent Dear User, 1) Drafts We detected unusual activity on your account. Your password must! ) Purchases 25 Please verify your identity using the link below: ??More htip://example-phish.test/reset Failure to act within 24 hours may result in permanent account susp Labels + Thank you, Security Team",1,0.8708947256032459
2025-11-29T13:45:05.454235,snapshot,0,0,URGENT: Password Reset Required Now - affafahmad79@gmail.com - Gmail - Google Chrome,,,,"| "" | : feta Rel maces Rr CGH RRM COL NY Mal/0/0/c OODILInDOX/EMIfcaz OdzcpNKAXGIDORZZpRReNRmDA = [4 Gmail Q_ Search mail ' j < 8a ? owl @& : | 2 Compose | oO URGENT: Password Reset Required Now sInbox 479 | xx Starred oO Affaf Ahmad <affafahmadd@gmail.com> ""| ""tome v @? = Snoozed _ f& Sent Dear User, 1) Drafts We detected unusual activity on your account. Your password must! ) Purchases 25 Please verify your identity using the link below: ??More htip://example-phish.test/reset Failure to act within 24 hours may result in permanent account susp Labels + Thank you, Security Team",1,0.8706702544031312
2025-11-29T13:45:07.872545,snapshot,0,0,URGENT: Password Reset Required Now - affafahmad79@gmail.com - Gmail - Google Chrome,,,,"| Ri : im & & - SERS TaIst mR COTBOOCOPEND wore No , ae CRSA GUT SOME SOUT STI 7 mam:googiecom/mail/U/0/7ogbl#inbox/EMfcgzOdzcpNkaXGIDgRZZpRRcNRmDfl = [4 Gmail Q Search mail $ A Phishing Alert ??oO x | Z Compose thts email (eats eucpicion) ?? 8 careful before clicking any links, Consider contacting IT or the sender. oO equired Now sInbox q xr Starred (ej Affaf Ahmad <affafahmadd@gmail.com> ""9 ""tome v @? Snoozed _ E> Sent Dear User, 1) Drafts We detected unusual activity on your account. Your password must! ) Purchases 25 Please verify your identity using the link below: ??More htip://example-phish.test/reset Failure to act within 24 hours may result in permanent account susp Labels + Thank you, Security Team",1,0.8696951583980873
2025-11-29T13:45:10.070373,snapshot,0,0,URGENT: Password Reset Required Now - affafahmad79@gmail.com - Gmail - Google Chrome,,,,"| Sa. : an 93 db fatfafahinsd79 @ gireulcom = Graal = Goog le Chroma 1 | Scom/mail/U/0/c00bHHInDOX/ EM (caz@dzcpNKaX@ DoRZZpRReNRMDIAl = [4 Gmail Q_ Search mail ' j < 8a ? owl @& : | 2 Compose | a URGENT: Password Reset Required Now sInbox 479 | xr Starred oO Affaf Ahmad <affafahmadd@gmail.com> ""| ""tome v @? = Snoozed _ E> Sent Dear User, 1) Drafts We detected unusual activity on your account. Your password must! ) Purchases 25 Please verify your identity using the link below: ??More htip://example-phish.test/reset Failure to act within 24 hours may result in permanent account susp Labels + Thank you, Security Team",1,0.8674322462103813
2025-11-29T13:45:13.002332,snapshot,0,0,Inbox (479) - affafahmad79@gmail.com - Gmail - Google Chrome,,,,"| een Reset Rea Oy ra ct Patfafohmod79@ grea come Grail ? Googie Chrome rn - CRUE CODER EEN NG DIES Ne 2 See om Mall:googie.com/mail/u/O/2ogbl#inbox = [4 Gmail Q_ Search mail ' | O-~ ?c i: | 2 Compose | Ee F Promotions Pp te AA, [Inbox 479 i rimary S Apple TV ??Last chance: Sav vy Starred O) x Affaf Anmad URGENT: Password Reset Rec ? Snoozed iO x Affaf Ahmad URGENT: Password Reset R Sent e Ol x Affaf Ahmad Alert: Unusual Transaction Att C1 Drafts ??arwrimri2 Affaf Ahmad IT Helpdesk: New Security Up: (Purchases 25 OU * P yee More O) x Affaf Anmad Emergency Request for Flood Ol x Affaf Ahmad Congratulations! You Are Shor Labels fe Ol x Affaf Ahmad New Invoice #4482 Due Imme Ol x Affaf Ahmad Alert: Unusual Transaction Att Ol x Affaf Ahmad Subject: Urgent: Your Account Ol x Affaf Ahmad HR Payroll Notification - Hi, W Ol vw Affaf Anmad Delivery Attempt Failed - A pa [1 wH* Affaf Ahmad Mailhox Storage Exceeded -",1,0.47379138815482674
2025-11-29T13:45:15.546410,snapshot,0,0,URGENT: Password Reset Required Now - affafahmad79@gmail.com - Gmail - Google Chrome,,,,"Ba Looogse Chrome re CRUE COOL CIN NG DES Ne 2 See om) Ne : bq 00g 3. comyiraaliu/0/ 20g bitin box = 4 Gril QUSearch froma | O) en CM: MEail Google-com/mail/u/0/7ogbitinbox/EMicgz@dzcpNkqXxG@RtzbWzMnWEVsRVbd = [4 Gmail Q_ Search mail ' j < a ? wl @ i: | 2 Compose | Oo URGENT: Password Reset Required Now sInbox 478 xr Starred oO Affaf Ahmad <affafahmadd@gmail.com> ""| ""tome v @? = Snoozed _ E> Sent Dear User, 1) Drafts We detected unusual activity on your account. Your password must! ) Purchases 25 Please verify your account using the link below: ? More htip://example-phish.test/reset Failure to act within 24 hours may result in permanent account susp Labels + Thank you, Security Team",1,1.0
2025-11-29T13:45:18.115870,snapshot,0,0,URGENT: Password Reset Required Now - affafahmad79@gmail.com - Gmail - Google Chrome,,,,"| Sa. : ay 93 | hb tatfafahinsd79 @ gmaalcoms Graal = Goog le Chrcen 1 BIT OCR ERX}: 8.3 Looogs: Chrome re CRUE COCC CIN NG DES Ne 2 See om) ON | (Gakttentenrhmmpemmns 7 maigoogie.com/mail/U/0/7ogbl#inbox/EMfcgzOdzcpNkaXGRizbWzMnWiriVsRVbd = [4 Gmail Q_ Search mail ' j < 8a ? owl @& : | 2 Compose | URGENT: Password Reset Required Now sInbox 478 xr Starred oO Affaf Ahmad <affafahmadd@gmail.com> ""| ""tome v @? = Snoozed _ E> Sent Dear User, 1) Drafts We detected unusual activity on your account. Your password must! ) Purchases 25 Please verify your account using the link below: ??More htip://example-phish.test/reset Failure to act within 24 hours may result in permanent account susp Labels + Thank you, Security Team",1,1.0
2025-11-29T13:45:20.563626,phishing_alert,0,0,URGENT: Password Reset Required Now - affafahmad79@gmail.com - Gmail - Google Chrome,,,,"URGENT: Password Reset Required Now - affafahmad79@gmail.com - Gmail - Google Chrome
Sen! . 2 fatfafehed 798 gimalcomes Grail s Googie Chroma) \ ??heces1 BITOCR ERY: 83 Locogs Chrome re CRUE COCC CIN NG DES; Ne 2 Sec om) ON | Kakttente pC J ireagoogs F 0 7 ome all:googie.com/mail/u/O/2ogbl#inbox/EMicgz@dzcpNkqxGRtizbWzMnWEIVsSRVbd = [4 Gmail Q_ Search mail ' j < 8a ? owl @& : | 2 Compose | Oo URGENT: Password Reset Required Now sInbox 478 xx Starred oO Affaf Ahmad <affafahmadd@gmail.com> ""| ""tome v @? = Snoozed _ E> Sent Dear User, 1) Drafts We detected unusual activity on your account. Your password must! ) Purchases 25 Please verify your account using the link below: ??More htip://example-phish.test/reset Failure to act within 24 hours may result in permanent account susp Labels + Thank you, Security Team",1,1.0
2025-11-29T13:45:20.564116,snapshot,0,0,URGENT: Password Reset Required Now - affafahmad79@gmail.com - Gmail - Google Chrome,,,,"Sen! . 2 fatfafehed 798 gimalcomes Grail s Googie Chroma) \ ??heces1 BITOCR ERY: 83 Locogs Chrome re CRUE COCC CIN NG DES; Ne 2 Sec om) ON | Kakttente pC J ireagoogs F 0 7 ome all:googie.com/mail/u/O/2ogbl#inbox/EMicgz@dzcpNkqxGRtizbWzMnWEIVsSRVbd = [4 Gmail Q_ Search mail ' j < 8a ? owl @& : | 2 Compose | Oo URGENT: Password Reset Required Now sInbox 478 xx Starred oO Affaf Ahmad <affafahmadd@gmail.com> ""| ""tome v @? = Snoozed _ E> Sent Dear User, 1) Drafts We detected unusual activity on your account. Your password must! ) Purchases 25 Please verify your account using the link below: ??More htip://example-phish.test/reset Failure to act within 24 hours may result in permanent account susp Labels + Thank you, Security Team",1,1.0
2025-11-29T13:45:23.143821,snapshot,0,0,URGENT: Password Reset Required Now - affafahmad79@gmail.com - Gmail - Google Chrome,,,,"| hic ; a x at fatfafehad 79 gimalcone Grail s Googie Chroma) \ BAT OCR ERK) Sen!92 forfaiched 798 gurmicomes Grad 3 Googie Chroma): Se | SeanciiemeteeO > =ommmall:googie.com/mail/u/0/2ogbl#inbox/EMfcgzOdzcpNkaXGRizbWzMnWiIVsRVbd. = [4 Gmail Q. Search mail a ??| @ Ay Phishing Alert ??oO x | 2 Compose | inbox ~ | Be careful before clicking any links, Consider contacting IT or the sender. uired Now yx Starred ?? tome ? @? = Snoozed ~ E> Sent Dear User, 1) Drafts We detected unusual activity on your account. Your password must! ) Purchases 25 Please verify your account using the link below: ??More htip://example-phish.test/reset Failure to act within 24 hours may result in permanent account susp Labels + Thank you, Security Team",1,1.0
2025-11-29T13:45:25.732195,snapshot,0,0,URGENT: Password Reset Required Now - affafahmad79@gmail.com - Gmail - Google Chrome,,,,"| Sa. ; a x at fatfafehiad 798 gia cone Grail s Googie Chroma) \ RET OCRESK) | hacen x at futfatchod. 79 gercicone Gra s Googie Chroma) Se ee 7 =ommmall:googie.com/mail/u/0/2ogbl#inbox/EMfcgzOdzcpNkaXGRizbWzMnWeiVsRVbd. = [4 Gmail Q_ Search mail ' j < 8a ? owl @& : | 2 Compose | Oo URGENT: Password Reset Required Now sInbox 478 xx Starred oO Affaf Ahmad <affafahmadd@gmail.com> ""| ""tome v @? = Snoozed _ E> Sent Dear User, 1) Drafts We detected unusual activity on your account. Your password must! ) Purchases 25 Please verify your account using the link below: ??More htip://example-phish.test/reset Failure to act within 24 hours may result in permanent account susp Labels + Thank you, Security Team",1,1.0
2025-11-29T13:45:28.711331,snapshot,0,0,URGENT: Password Reset Required Now - affafahmad79@gmail.com - Gmail - Google Chrome,,,,"Se! . 2 . MI TOCREIK) | Ssteaceat fatfal chsod 798 gu cone Gral s Googes Chroma) Se BEE LRETOCRESO hocensxan futfatchod sd gercaconie Gras Googe (Chroma) Se ed J,comemernibg cog se comy rem 209 n 7 =ommmall:googie.com/mail/u/0/2ogbl#inbox/EMfcgz@dzcpNkaXGRizbWzMinWeiVsRVbd. = [4 Gmail Q_ Search mail ' j < 8a ? owl @& : | 2 Compose | Oo URGENT: Password Reset Required Now sInbox 478 xx Starred oO Affaf Ahmad <affafahmadd@gmail.com> ""| ""tome v @? = Snoozed _ E> Sent Dear User, 1) Drafts We detected unusual activity on your account. Your password must! ) Purchases 25 Please verify your account using the link below: ??More htip://example-phish.test/reset Failure to act within 24 hours may result in permanent account susp Labels + Thank you, Security Team",1,1.0
2025-11-29T13:45:31.036725,snapshot,0,0,URGENT: Password Reset Required Now - affafahmad79@gmail.com - Gmail - Google Chrome,,,,"| Sa. ; p x at atfafahinsd79 @ girea.com: Graal = Google Chrome 1 , 7 =ommmall:googie.com/mail/u/0/7ogbl#inbox/EMfcgzOdzcpNkaXGRizbWzMnWeIVsRVbd. = [4 Gmail Q_ Search mail ' j < 8a ? owl @& : | 2 Compose | URGENT: Password Reset Required Now sInbox 478 xr Starred oO Affaf Ahmad <affafahmadd@gmail.com> ""| ""tome v @? = Snoozed _ E> Sent Dear User, 1) Drafts We detected unusual activity on your account. Your password must! ) Purchases 25 Please verify your account using the link below: ??More htip://example-phish.test/reset Failure to act within 24 hours may result in permanent account susp Labels + Thank you, Security Team",1,1.0
2025-11-29T13:45:33.249059,snapshot,0,0,URGENT: Password Reset Required Now - affafahmad79@gmail.com - Gmail - Google Chrome,,,,"| Sa. : an 93 db atfafahinsd79 @ gmaa.coms Graal = Goog le Chrome 1 | imcaie oma taal 2 Sa ""COM mail/U/0/ZogbIsinbox/EMicqzOdzepNKaXGRUbWZMnWRVSRVDd = [4 Gmail Q_ Search mail ' j < 8a ? owl @& : | 2 Compose | URGENT: Password Reset Required Now sInbox 478 xr Starred oO Affaf Ahmad <affafahmadd@gmail.com> ""| ""tome v @? = Snoozed _ E> Sent Dear User, 1) Drafts We detected unusual activity on your account. Your password must! ) Purchases 25 Please verify your account using the link below: ??More htip://example-phish.test/reset Failure to act within 24 hours may result in permanent account susp Labels + Thank you, Security Team",1,1.0
2025-11-29T13:45:35.750271,phishing_alert,0,0,URGENT: Password Reset Required Now - affafahmad79@gmail.com - Gmail - Google Chrome,,,,"URGENT: Password Reset Required Now - affafahmad79@gmail.com - Gmail - Google Chrome
| Sa. ; p x at tatfafahinsd79 @ girealcoms Gran = Google Chroma 1 MET OCRESXS | Saran 63 db atfafahansd79 @ gmxicoms Grd = Goog Ie) ON | : _ ecom/mail/u/0/2 og bi#inbox/EMicgz@dzcpNkqxXGRtzbWzMnWrIVSRVbd = [4 Gmail Q_ Search mail ' j < 8a ? owl @& : | 2 Compose | URGENT: Password Reset Required Now sInbox 478 xr Starred oO Affaf Ahmad <affafahmadd@gmail.com> ""| ""tome v @? = Snoozed _ E> Sent Dear User, 1) Drafts We detected unusual activity on your account. Your password must! ) Purchases 25 Please verify your account using the link below: ??More htip://example-phish.test/reset Failure to act within 24 hours may result in permanent account susp Labels + Thank you, Security Team",1,1.0
2025-11-29T13:45:35.750703,snapshot,0,0,URGENT: Password Reset Required Now - affafahmad79@gmail.com - Gmail - Google Chrome,,,,"| Sa. ; p x at tatfafahinsd79 @ girealcoms Gran = Google Chroma 1 MET OCRESXS | Saran 63 db atfafahansd79 @ gmxicoms Grd = Goog Ie) ON | : _ ecom/mail/u/0/2 og bi#inbox/EMicgz@dzcpNkqxXGRtzbWzMnWrIVSRVbd = [4 Gmail Q_ Search mail ' j < 8a ? owl @& : | 2 Compose | URGENT: Password Reset Required Now sInbox 478 xr Starred oO Affaf Ahmad <affafahmadd@gmail.com> ""| ""tome v @? = Snoozed _ E> Sent Dear User, 1) Drafts We detected unusual activity on your account. Your password must! ) Purchases 25 Please verify your account using the link below: ??More htip://example-phish.test/reset Failure to act within 24 hours may result in permanent account susp Labels + Thank you, Security Team",1,1.0
2025-11-29T13:45:37.881349,snapshot,0,0,URGENT: Password Reset Required Now - affafahmad79@gmail.com - Gmail - Google Chrome,,,,"| ES ; ip 88 = db 7 oma miiall:googiecomymail/u/0/g ogbi#inbox/EMifcqz@dzcpNkaXG@RtzbWzMnWhVsRVbd = [4 Gmail Q. Search mail ' ; + i__! ?? 3 | @ Compose | 9 & Phishing Alert - a x a ihisremailllookstsuspicious!) ed Now & siInbox ~~ 1 Be careful before clicking any links. Consider contacting IT or the sender, xx Starred @? = Snoozed E> Sent Dear User, 1) Drafts We detected unusual activity on your account. Your password must ) Purchases 25 Please verify your account using the link below: ??More htip://example-phish.test/reset Failure to act within 24 hours may result in permanent account susp Labels + Thank you, Security Team",1,1.0
2025-11-29T13:45:40.299670,snapshot,0,0,URGENT: Password Reset Required Now - affafahmad79@gmail.com - Gmail - Google Chrome,,,,"| Sa. ; quy 3 > atfafahinsd79 @ gireulcom = Graal = Google Chroma 1 BTOCRGON ET E53 95 88'=db J ont mailsgoogwscomynramNIAOg NN | 2 Se. a =ommmall:googie.com/mail/u/0/zogbl#inbox/EMfcgzOdzcpNkaXGRizbWzMnWiIVsRVbd. = [4 Gmail Q_ Search mail ' j < 8a ? owl @& : | 2 Compose | URGENT: Password Reset Required Now sInbox 478 xr Starred oO Affaf Ahmad <affafahmadd@gmail.com> ""| ""tome v @? = Snoozed _ E> Sent Dear User, 1) Drafts We detected unusual activity on your account. Your password must! ) Purchases 25 Please verify your account using the link below: ??More htip://example-phish.test/reset Failure to act within 24 hours may result in permanent account susp Labels + Thank you, Security Team",1,1.0
2025-11-29T13:45:42.476732,snapshot,0,0,URGENT: Password Reset Required Now - affafahmad79@gmail.com - Gmail - Google Chrome,,,,"| Sa. ; uy 3 > tatfafahinsd79 @ gmaa.coms Gran = Google Chrome 1 | eae levCOM/mail/O/O/zogbi#inbox/EMicazOdzcpNKaXGRtZDWZVINWhIVSRVbd = [4 Gmail Q_ Search mail ' j < a ? wl @ i: | 2 Compose | Oo URGENT: Password Reset Required Now sInbox 478 xr Starred oO Affaf Ahmad <affafahmadd@gmail.com> ""| ""tome v @? = Snoozed _ E> Sent Dear User, 1) Drafts We detected unusual activity on your account. Your password must! ) Purchases 25 Please verify your account using the link below: ? More htip://example-phish.test/reset Failure to act within 24 hours may result in permanent account susp Labels + Thank you, Security Team",1,1.0
2025-11-29T13:45:44.635941,snapshot,0,0,URGENT: Password Reset Required Now - affafahmad79@gmail.com - Gmail - Google Chrome,,,,"??€?"" | . Scie ECO) mail/a/0/cogbitinbox/EMicaz@dzcpNkaxGRtbWzVinWhVsRVbd = [4 Gmail Q_ Search mail ' j < 8a ? owl @& : | 2 Compose | URGENT: Password Reset Required Now sInbox 478 xr Starred oO Affaf Ahmad <affafahmadd@gmail.com> ""| ""tome v @? = Snoozed _ E> Sent Dear User, 1) Drafts We detected unusual activity on your account. Your password must! ) Purchases 25 Please verify your account using the link below: ??More htip://example-phish.test/reset Failure to act within 24 hours may result in permanent account susp Labels + Thank you, Security Team",1,1.0
2025-11-29T13:45:46.880360,snapshot,0,0,URGENT: Password Reset Required Now - affafahmad79@gmail.com - Gmail - Google Chrome,,,,"| Sa. ; Quy rn ct atfafahinsd79 @ gimealcom: Graal = Goog le Chroma 1 | Possword Reset Requved Now smbon mie |e-com/mail/u/0/2ogbl#tinbox/EMicgz@dzcpNkqXGRizbWzMinWiIVsRVbd = [4 Gmail Q_ Search mail ' j < a ? wl @ i: | 2 Compose | Oo URGENT: Password Reset Required Now sInbox 478 xr Starred oO Affaf Ahmad <affafahmadd@gmail.com> ""| ""tome v @? = Snoozed _ E> Sent Dear User, 1) Drafts We detected unusual activity on your account. Your password must! ) Purchases 25 Please verify your account using the link below: ? More htip://example-phish.test/reset Failure to act within 24 hours may result in permanent account susp Labels + Thank you, Security Team",1,1.0
2025-11-29T13:45:49.070527,snapshot,0,0,URGENT: Password Reset Required Now - affafahmad79@gmail.com - Gmail - Google Chrome,,,,"| Sa. ; pi 3 > | Ree einer a eerste tote pcom/meail/u/O/zogblzinbox/EMficgz@dzcpNkqxGRizbWzMnWiHVsRV bd. = [4 Gmail Q_ Search mail ' j < a ? wl @ i: | 2 Compose | Oo URGENT: Password Reset Required Now sInbox 478 yx Starred oO Affaf Ahmad <affafahmadd@gmail.com> ""| ""tome v @? = Snoozed _ E> Sent Dear User, 1) Drafts We detected unusual activity on your account. Your password must! ) Purchases 25 Please verify your account using the link below: ? More htip://example-phish.test/reset Failure to act within 24 hours may result in permanent account susp Labels + Thank you, Security Team",1,1.0
2025-11-29T13:45:51.603145,phishing_alert,0,0,URGENT: Password Reset Required Now - affafahmad79@gmail.com - Gmail - Google Chrome,,,,"URGENT: Password Reset Required Now - affafahmad79@gmail.com - Gmail - Google Chrome
| Sa. ; a x at : BEL OCRESX) | Sa ps3 > | Roe exer a ersste tote ON GENT ae) ane ~com/mail/u/O/zogblzinbox/EMfcgz@dzcpNkqxGRizbWzMnWiVsRV bd) = [4 Gmail Q_ Search mail ' j < 8a ? owl @& : | 2 Compose | Oo URGENT: Password Reset Required Now sInbox 478 xx Starred oO Affaf Ahmad <affafahmadd@gmail.com> ""| ""tome v @? = Snoozed _ E> Sent Dear User, 1) Drafts We detected unusual activity on your account. Your password must! ) Purchases 25 Please verify your account using the link below: ??More htip://example-phish.test/reset Failure to act within 24 hours may result in permanent account susp Labels + Thank you, Security Team",1,1.0
2025-11-29T13:45:51.603726,snapshot,0,0,URGENT: Password Reset Required Now - affafahmad79@gmail.com - Gmail - Google Chrome,,,,"| Sa. ; a x at : BEL OCRESX) | Sa ps3 > | Roe exer a ersste tote ON GENT ae) ane ~com/mail/u/O/zogblzinbox/EMfcgz@dzcpNkqxGRizbWzMnWiVsRV bd) = [4 Gmail Q_ Search mail ' j < 8a ? owl @& : | 2 Compose | Oo URGENT: Password Reset Required Now sInbox 478 xx Starred oO Affaf Ahmad <affafahmadd@gmail.com> ""| ""tome v @? = Snoozed _ E> Sent Dear User, 1) Drafts We detected unusual activity on your account. Your password must! ) Purchases 25 Please verify your account using the link below: ??More htip://example-phish.test/reset Failure to act within 24 hours may result in permanent account susp Labels + Thank you, Security Team",1,1.0
2025-11-29T13:45:53.702502,snapshot,0,0,URGENT: Password Reset Required Now - affafahmad79@gmail.com - Gmail - Google Chrome,,,,"| iene Speer pei guy 2 gP S34 ? A Phishing Alert ??oO x E KaXGRtzbW2zMinWHVSRVbd iThisyemailllookstsuspicious!) | Be careful before clicking any links. Consider contacting IT or the sender, | ? @? ? B.S @ : | @ Compose ??ae URGENT: Password Reset Required Now sInbox 478 xx Starred oO Affaf Ahmad <affafahmadd@gmail.com> ""| ""tome v @? = Snoozed _ E> Sent Dear User, 1) Drafts We detected unusual activity on your account. Your password must! ) Purchases 25 Please verify your account using the link below: ??More htip://example-phish.test/reset Failure to act within 24 hours may result in permanent account susp Labels + Thank you, Security Team",1,1.0
2025-11-29T13:45:55.939681,snapshot,0,0,URGENT: Password Reset Required Now - affafahmad79@gmail.com - Gmail - Google Chrome,,,,"| Sa. ; p 3 > (eenernoEeye 77 =ommmall:googie.com/mail/u/0/7ogbl#inbox/EMfcgzOdzcpNkaXGRizbWzMnWeiVsRVbd. = [4 Gmail Q_ Search mail ' j < 8a ? owl @& : | 2 Compose | URGENT: Password Reset Required Now sInbox 478 xr Starred oO Affaf Ahmad <affafahmadd@gmail.com> ""| ""tome v @? = Snoozed _ E> Sent Dear User, 1) Drafts We detected unusual activity on your account. Your password must! ) Purchases 25 Please verify your account using the link below: ??More htip://example-phish.test/reset Failure to act within 24 hours may result in permanent account susp Labels + Thank you, Security Team",1,1.0
2025-11-29T13:45:59.445523,snapshot,0,0,,,,,"?) Gio Gihk Sdiaaton View Go um tm Bp ? > / | ao ? tefrmadelay 1 ? sam montiongy 6 3 \ZTAITPROJ) ReRcascreen?monitonpypaes Q > Mew falter @2 5 | > waaay 8 [CC , Ga it@r_eumte@_lehalled.csy??| @ ip 6 bi @ S C__ = C7 MUM GVARAG? CORTIGANCe (O-1100)) | igs Eaphishing?model/pkl 68) a3 (69) I? ??nitlkeds?? Walteo Matll?? ??leum mf fe) ; 7A em, ??pckte pasar, VC (HARE ? S (23) Seraenemrenition eg \e57 D & cusped, ??egia & ??tely 7 ?=| ??ank account?? ??radiit card?? ??as @ 6 7A ~??s reset password?? ??anity billing?? ??p ic) f 7 % a ww b im PATH, set fulll pawn rare (uneeme 72} ? paract jtessaract_and = PCs \\WRegraM Fil il 32] SSS 33) OE_FILE)s aa QE, ??y madline="""", enoeding=""Uit-o??35) BWiziitera (i) PROGMENS (7) cTERMINALEEE (ven) IBSEG:\Usens\Agian\ proj ect\A la pno) \Al@ pny: iPhishingpexactamatch:munusual@activity] iG:\USens\Anr a phoject\ Ale Proj NAIEPhoy\Scheenmmo ered and) adiatiiad for canal in ? Guimure varsic rdatetimesnow(datetimesUTG)m Wil temeWnl tenon (\[datetimewutcnow mL",1,0.49881428571428577
2025-11-29T13:46:00.547638,snapshot,0,0,screen_monitor.py - AI_Proj - Visual Studio Code,,,,,0,0.0
2025-11-29T13:56:17.315049,snapshot,0,0,screen_monitor.py - AI_Proj - Visual Studio Code,,,,,0,0.0
2025-11-29T13:56:19.642326,snapshot,0,0,tk,,,,"View Go Run Tomine op ? > | | o ? termed gyi ? sam montiongy 6 3 \ZTAITPROJ) a D cw CQ > Nawhtftr 435 ys > vow aay pGLnt (@Scceenmmon ico ??hs 9 ce) Clean SEA IMR IO HY ss ??ioe eemmfuiesp () ee labellbuilderpy; @llgag SS =aphishingedetectorjobliby GG afaiile Truas =a phishing??odel!pkl GD | | ime. aihagn(n)) _ GD excep takeyboand Intennuptss iscreensmonitorsautoslabeledicsy, aM PPAR MSEAPPEMRo 00) YS state (Mmnunn ince | Momalse) ey op 5 = ee) BF] Peemmousemlustenenastop@) except pa emtrain??odel??y, 0 TAO) | pass) AD SY SREXLL(() 45 excepts @S @8 459) Prink(ovariley/imt GARaPs?. @)) 453 FOE = Nene ADA) PROREYS (7) SLERMINAL EE (ven) RBSEG:\Usens\AGian\ project la pno) NAS RRO: cull fas Game 2 Gd Co\WRregran Files\Wessare Stopping srs OR(Venv) BPSEG: NUSERSNA GLA TANDROJ CGINAIEE RO NAISP RO}: Scheengmonit On (ULAFOGRIMIE-Phi shi ng) mHunning walOp result3 (ueRtoplow) 29)",0,0.021242937853107345
2025-11-29T13:56:22.379562,snapshot,0,0,Inbox (482) - affafahmad79@gmail.com - Gmail - Google Chrome,,,,"| Ge J Gy 8 OCRA2%} View Go Run Tomane 09 ? [oO termed sys ? sm) an Men METail Google;com/mail/u/0/ogbitinbox = [4 Gmail Q. Search mail ' | O-~ ?c i: | 2 Compose | Ee F Promotions Pp te AA, [Inbox 482 i rimary S Apple TV ??Last chance: Sav yr Starred Ol x Affaf Ahmad Confirm Your Account Secu ? Snoozed O vx Affaf Ahmad Action Required to Validate Sent e Ol x Affaf Ahmad URGENT: Password Reset R C1 Drafts aa Affaf Ahmad URGENT: Password Reset R (Purchases 25 UO * Y??More O) x Affaf Anmad URGENT: Password Reset Rec Ol x Affaf Ahmad URGENT: Password Reset Rec Labels fe Ol x Affaf Ahmad Alert: Unusual Transaction Att Ol x Affaf Ahmad IT Helpdesk: New Security Up: Ol vw Affaf Anmad Emergency Request for Flood Ol x Affaf Ahmad Congratulations! You Are Shor Ol x Affaf Ahmad New Invoice #4482 Due Imme [1 wH* Affaf Ahmad Alert: Unusual Transaction Att",1,0.47459016393442627
2025-11-29T13:56:24.777770,snapshot,0,0,Action Required to Validate Your Account - affafahmad79@gmail.com - Gmail - Google Chrome,,,,"(OCRESR) 1 Gad Gy 8 OCRAZS) View Go Run, Torn 09 ? fo0 termed) \ Sesch mas] O= toe] 2 Compose | be E Promotions) en CMe: Mail googlecom/mail/u/0/70gbitinbox/EMicgz@dzcpNkrahivVZOpdWmbsllblEx = [4 Gmail Q. Search mail ' j < 8a ? owl @& : | 2 Compose | es Action Required to Validate Your Accour sInbox 481 | xx Starred oO Affaf Ahmad <affafahmadd@gmail.com> tome v @? = Snoozed E> Sent Hello, CD) Drafts Our system detected unusual sign-in activity on your account. As a fF | Purchases 25 To continue using your account normally, please complete the verific ??More Test Verification Link (non-functional): https://example.com/verify-ses If you did not attempt to sign in, this may indicate an automated syst Labels + Thank you, Account Security Team (Simulation)",1,0.4379012577435705
2025-11-29T13:56:27.210585,snapshot,0,0,Action Required to Validate Your Account - affafahmad79@gmail.com - Gmail - Google Chrome,,,,"Ses jee + - GHW Sa ReG OEE Oe NS i= eee 7 =ommmall:google.com/mail/u/0/zogbl#inbox/EMfcgz@dzcpNkrgiivVZOpdWmbsllbllEixb, = [4 Gmail Q_ Search mail ' | ? 868 ? BU|e Bi: | 2 Compose | es Action Required to Validate Your Accour sInbox 481 | xx Starred oO Affaf Ahmad <affafahmadd@gmail.com> tome v @? = Snoozed E> Sent Hello, CD) Drafts Our system detected unusual sign-in activity on your account. As a fF | Purchases 25 To continue using your account normally, please complete the verific ??More Test Verification Link (non-functional): https://example.com/verify-ses If you did not attempt to sign in, this may indicate an automated syst Labels + Thank you, Account Security Team (Simulation)",1,0.4373864574731627
2025-11-29T13:56:29.545814,snapshot,0,0,Action Required to Validate Your Account - affafahmad79@gmail.com - Gmail - Google Chrome,,,,"=a bh BS fatfafehied79@ gimilcome Grails Googie Chroma) \ | sapons ??Fcom/mail/u/O/2ogbl#inbox/EMfcgz@dzcoNkrghivVZ@pdWmbsllblExb, = [4 Gmail Q. Search mail ' j < 8a ? owl @& : | 2 Compose | es Action Required to Validate Your Accour sInbox 481 | xx Starred oO Affaf Ahmad <affafahmadd@gmail.com> tome v @? = Snoozed E> Sent Hello, CD) Drafts Our system detected unusual sign-in activity on your account. As a fF | Purchases 25 To continue using your account normally, please complete the verific ??More Test Verification Link (non-functional): https://example.com/verify-ses If you did not attempt to sign in, this may indicate an automated syst Labels + Thank you, Account Security Team (Simulation)",1,0.4358467495414714
2025-11-29T13:56:32.012462,snapshot,0,0,Action Required to Validate Your Account - affafahmad79@gmail.com - Gmail - Google Chrome,,,,"| Ses. See BS Bocas bh 05 fatfetcneed 750 geracnne Gras Coogi Chroma) Nn enon amanes ??ue rcom/mail/u/0/20gbi#inbox/EMicgz@dzcpNkrgHivVZ@ndWmbslbUixD = [4 Gmail Q_ Search mail ' | ? ? ? B/S @ : | 2 Compose | es Action Required to Validate Your Accour sInbox 481 | xx Starred oO Affaf Ahmad <affafahmadd@gmail.com> tome v @? = Snoozed E> Sent Hello, Ci Drafts Our system detected unusual sign-in activity on your account. As a fF (*) +Purchases 25 To continue using your account normally, please complete the verific v??More Test Verification Link (non-functional): https://example.com/verify-ses If you did not attempt to sign in, this may indicate an automated syst Labels + Thank you, Account Security Team (Simulation)",1,0.43633841886269076
2025-11-29T13:56:34.539663,snapshot,0,0,Action Required to Validate Your Account - affafahmad79@gmail.com - Gmail - Google Chrome,,,,"fatfafehned79@ gmmalcome Grails Googie Chroma) \ Ba LOCRT%): | Sex See BS Bocas bh 05 fatfeteneed 750 gessonne Gras OS , Ohler OeemH) acom/mail/u/0/20gbi#inbox/EMicgz@dzcpNkrgHivVZQnodWmbsllbUixD = [4 Gmail Q_ Search mail ' j < 8a ? owl @& : | 2 Compose | es Action Required to Validate Your Accour sInbox 481 | xx Starred oO Affaf Ahmad <affafahmadd@gmail.com> tome v @? = Snoozed E> Sent Hello, Ci Drafts Our system detected unusual sign-in activity on your account. As a fF (*) +Purchases 25 To continue using your account normally, please complete the verific v??More Test Verification Link (non-functional): https://example.com/verify-ses If you did not attempt to sign in, this may indicate an automated syst Labels + Thank you, Account Security Team (Simulation)",1,0.43715400334386034
2025-11-29T13:56:37.033659,snapshot,0,0,Action Required to Validate Your Account - affafahmad79@gmail.com - Gmail - Google Chrome,,,,"oe m8 dp - Se ee eT Nn gg RE 7 a omETTTaTGOOG e-com/mail/u/0/20gbi#inbox/EMicgz@dzcpNkrgiivVZQndWmbsllbUaxD = [4 Gmail Q. Search mail ' j < 8a ? owl @& : | 2 Compose | es Action Required to Validate Your Accour sInbox 481 | xx Starred oO Affaf Ahmad <affafahmadd@gmail.com> tome v @? = Snoozed E> Sent Hello, CD) Drafts Our system detected unusual sign-in activity on your account. As a fF | Purchases 25 To continue using your account normally, please complete the verific ??More Test Verification Link (non-functional): https://example.com/verify-ses If you did not attempt to sign in, this may indicate an automated syst Labels + Thank you, Account Security Team (Simulation)",1,0.4374209860935525
2025-11-29T13:56:39.573371,snapshot,0,0,Action Required to Validate Your Account - affafahmad79@gmail.com - Gmail - Google Chrome,,,,"fatfafehed79@ gmmilcome Gram 5 Googie Chroma) \ IT OCRI2%) ce m8 dps Se on eT Nn gg REF a om?lTTaTGOOG: OS , Suites oc ROOM SE ? ae com/mail/u/0/2 og bi#inbox/EMicgz@dzcpNkrgivVZQndWmbsllbUixD = [4 Gmail Q_ Search mail ' j < 8a ? owl @& : | 2 Compose | es Action Required to Validate Your Accour sInbox 481 | xx Starred oO Affaf Ahmad <affafahmadd@gmail.com> tome v @? = Snoozed E> Sent Hello, Ci Drafts Our system detected unusual sign-in activity on your account. As a fF (*) +Purchases 25 To continue using your account normally, please complete the verific v??More Test Verification Link (non-functional): https://example.com/verify-ses If you did not attempt to sign in, this may indicate an automated syst Labels + Thank you, Account Security Team (Simulation)",1,0.4384930995897054
2025-11-29T13:56:42.022984,snapshot,0,0,Action Required to Validate Your Account - affafahmad79@gmail.com - Gmail - Google Chrome,,,,"SERS epee SSE B Nn a CEE Nea eR ef BeOS ET 7 mem oMETiall'googiecom/mail/u/0/?ogbl#inbox/EMicgz@dzcpNkrghivVZ@pdWmibsllblixi = [4 Gmail Q_ Search mail ' j < 8a ? owl @& : | 2 Compose | es Action Required to Validate Your Accour sInbox 481 | xx Starred oO Affaf Ahmad <affafahmadd@gmail.com> tome v @? = Snoozed E> Sent Hello, Ci Drafts Our system detected unusual sign-in activity on your account. As a fF (*) +Purchases 25 To continue using your account normally, please complete the verific v??More Test Verification Link (non-functional): https://example.com/verify-ses If you did not attempt to sign in, this may indicate an automated syst Labels + Thank you, Account Security Team (Simulation)",1,0.43774048301268936
2025-11-29T13:56:44.617020,snapshot,0,0,Action Required to Validate Your Account - affafahmad79@gmail.com - Gmail - Google Chrome,,,,"fatfafehmed79@ gimacome Grails Googie Chroma) \ BIT OCREA%) SERS epee SSE B Nii a COE Nes eR ef BeOS E17 mem) ON eee enc eee 7 om mall:googie.com/mail/u/0/zogbl#inbox/EMfcgz@dzcpNkrgiivVZOpdWmbsllbllEixb, = [4 Gmail Q. Search mail ' j < 8a ? owl @& : | 2 Compose | es Action Required to Validate Your Accour sInbox 481 | xx Starred oO Affaf Ahmad <affafahmadd@gmail.com> tome v @? = Snoozed E> Sent Hello, CD) Drafts Our system detected unusual sign-in activity on your account. As a fF | Purchases 25 To continue using your account normally, please complete the verific ??More Test Verification Link (non-functional): https://example.com/verify-ses If you did not attempt to sign in, this may indicate an automated syst Labels + Thank you, Account Security Team (Simulation)",1,0.4383778801843318
2025-11-29T13:56:47.068271,snapshot,0,0,Action Required to Validate Your Account - affafahmad79@gmail.com - Gmail - Google Chrome,,,,"SS B+ MT cnfony TtisicitendI9@ oarmenne Gods Conga Chroma)\ 61 Nn 7 =ommmall:googie.com/mail/u/0/zogbl#inbox/EMfcgz@dzcpNkrgiivVZOpdWmbsllblEixb, = [4 Gmail Q_ Search mail ' j < 8a ? owl @& : | 2 Compose | es Action Required to Validate Your Accour sInbox 481 | xx Starred oO Affaf Ahmad <affafahmadd@gmail.com> tome v @? = Snoozed E> Sent Hello, CD) Drafts Our system detected unusual sign-in activity on your account. As a fF | Purchases 25 To continue using your account normally, please complete the verific ??More Test Verification Link (non-functional): https://example.com/verify-ses If you did not attempt to sign in, this may indicate an automated syst Labels + Thank you, Account Security Team (Simulation)",1,0.4363926576217079
2025-11-29T13:56:49.516265,snapshot,0,0,Action Required to Validate Your Account - affafahmad79@gmail.com - Gmail - Google Chrome,,,,"Mi locngeayss es bat eniony Temsend5@ oarmemnc Gods Conga! NS CuI OSE HK Fcom/mail/u/O/2ogbl#inbox/EMfcgz@dzcoNkrghivVZ@pdWmbsllblExb, = [4 Gmail Q. Search mail ' j < 8a ? owl @& : | 2 Compose | es Action Required to Validate Your Accour sInbox 481 | xx Starred oO Affaf Ahmad <affafahmadd@gmail.com> tome v @? = Snoozed E> Sent Hello, Ci Drafts Our system detected unusual sign-in activity on your account. As a fF (*) +Purchases 25 To continue using your account normally, please complete the verific v??More Test Verification Link (non-functional): https://example.com/verify-ses If you did not attempt to sign in, this may indicate an automated syst Labels + Thank you, Account Security Team (Simulation)",1,0.43676351896690885
2025-11-29T13:56:52.092382,snapshot,0,0,Action Required to Validate Your Account - affafahmad79@gmail.com - Gmail - Google Chrome,,,,"fatfafehied79@ gmmilcome Grails Googie Chroma) \ BI TOCR 70% Ma Kaen g exyat es bat enisony TomnenidS@ osrmensic Gods) ON | See RS rier rer paper, QAIEOCT OR KOSI rcom/mail/u/0/20gbi#inbox/EMicgz@dzcpNkrgHivVZ@ndWmbslbUixD = [4 Gmail Q_ Search mail ' j < 8a ? owl @& : | 2 Compose | es Action Required to Validate Your Accour sInbox 481 | xx Starred oO Affaf Ahmad <affafahmadd@gmail.com> tome v @? = Snoozed E> Sent Hello, Ci Drafts Our system detected unusual sign-in activity on your account. As a fF (*) +Purchases 25 To continue using your account normally, please complete the verific v??More Test Verification Link (non-functional): https://example.com/verify-ses If you did not attempt to sign in, this may indicate an automated syst Labels + Thank you, Account Security Team (Simulation)",1,0.43824479540559946
2025-11-29T13:56:55.023921,snapshot,0,0,Inbox (481) - affafahmad79@gmail.com - Gmail - Google Chrome,,,,"| ae nt qu 53 db - BR a an Sa NONTEDD Nn om Malligoogie.com/mail/u/0/2ogbl#inbox = [4 Gmail Q_ Search mail ' | O- ci: | 2 Compose | EE F Promotions Primar ??Inbox 481 Md y S Apple TV ??Last chance: Sav yr Starred #O x Affaf Ahmad Confirm Your Account Secu ? Snoozed Ol vw Affaf Anmad Action Required to Validate Yc E> Sent Ol x Affaf Ahmad URGENT: Password Reset R 1) Drafts = _O,JH_.A aH a ???????.????Affaf Ahmad URGENT: Password Reset R (Purchases 25 UO * More Ol x Affaf Ahmad URGENT: Password Reset Rec Ol vw Affaf Anmad URGENT: Password Reset Rec Labels fe Ol vw Affaf Anmad Alert: Unusual Transaction Att Ol x Affaf Ahmad IT Helpdesk: New Security Up: Ol vw Affaf Anmad Emergency Request for Flood Ol vw Affaf Anmad Congratulations! You Are Shor Ol x Affaf Ahmad New Invoice #4482 Due Imme [1 wH* Affaf Ahmad Alert: Unusual Transaction Att",1,0.4747551502870652
2025-11-29T13:56:57.411871,phishing_alert,0,0,Confirm Your Account Security Settings - affafahmad79@gmail.com - Gmail - Google Chrome,,,,"Confirm Your Account Security Settings - affafahmad79@gmail.com - Gmail - Google Chrome
OCRIURE [pent qu S3db=6R mn Ss NONTEDO Ni ons) nl ot | 2 Compose | EE E Promotions Prarese= Inbox 431 Md y S Ap en CMe: METail cooglecom/mail/u/0/zogbitinbox/EMfcqz@dzcp Nkrq) ByhBxzjwRMkIEGhS = [4 Gmail Q_ Search mail ' j < 8a ? owl @& : | 2 Compose | To Confirm Your Account Security Settings sInbox 480 | xx Starred (2) Affaf Ahmad <affafahmadd@gmail.com> tome v @? = Snoozed CO E> Sent Hi, D Drafts We detected a configuration mismatch in your account security settir | Purchases 25 Please review the simulated security alert at the link below: ??More Test Confirmation Link (non-functional): https://example.net/security- If you didn?? make any recent changes, please ignore this message < Labels + Regards, Security Operations (Simulation)",1,0.839015606242497
2025-11-29T13:56:57.412372,snapshot,0,0,Confirm Your Account Security Settings - affafahmad79@gmail.com - Gmail - Google Chrome,,,,"OCRIURE [pent qu S3db=6R mn Ss NONTEDO Ni ons) nl ot | 2 Compose | EE E Promotions Prarese= Inbox 431 Md y S Ap en CMe: METail cooglecom/mail/u/0/zogbitinbox/EMfcqz@dzcp Nkrq) ByhBxzjwRMkIEGhS = [4 Gmail Q_ Search mail ' j < 8a ? owl @& : | 2 Compose | To Confirm Your Account Security Settings sInbox 480 | xx Starred (2) Affaf Ahmad <affafahmadd@gmail.com> tome v @? = Snoozed CO E> Sent Hi, D Drafts We detected a configuration mismatch in your account security settir | Purchases 25 Please review the simulated security alert at the link below: ??More Test Confirmation Link (non-functional): https://example.net/security- If you didn?? make any recent changes, please ignore this message < Labels + Regards, Security Operations (Simulation)",1,0.8391754554170662
2025-11-29T13:57:00.038935,snapshot,0,0,Confirm Your Account Security Settings - affafahmad79@gmail.com - Gmail - Google Chrome,,,,"fatfaf ahvried 79 @ gre comes Gere & Google Chroma \ BIIOCR EX CORIURE Dent qu Sido mn.Ss NONTEDO Nrons)ntot | 2) Se iE (Compoea| CEE promotions frarescs inbox 401 Md y 5 Ap en Ciel SY A Phishing Alert _ oO ane /ByhBxzijweMkIEGHS _ iThisyemailllookstsuspicious!) Be careful before clicking any links. Consider contacting IT or the sender, 2 fo: ee Confirm Your Account Security Settings sInbox 480 | xx Starred (2) Affaf Ahmad <affafahmadd@gmail.com> Cy tomev @? = Snoozed E> Sent Hi, D Drafts We detected a configuration mismatch in your account security settir | Purchases 25 Please review the simulated security alert at the link below: ??More Test Confirmation Link (non-functional): https://example.net/security- If you didn?? make any recent changes, please ignore this message < Labels + Regards, Security Operations (Simulation)",1,0.8388585099111415
2025-11-29T13:57:02.569218,snapshot,0,0,Confirm Your Account Security Settings - affafahmad79@gmail.com - Gmail - Google Chrome,,,,"fatfafehed 798 qimacome Graal = Googic Chroma) \ BT OCR EAS): fattat shyned 79 @ gre comes Gere & Google Ohrorsy ON BI (68008 EX CORI RE Dent qu Sado manSs NONTEOO Nronsintot 1 2)Sa Sy $ A Phishing Alert _ oO ane /ByhBxzijweMkIEGHS _ iThisyemailllookstsuspicious!) Be careful before clicking any links. Consider contacting IT or the sender, 2 fo: ee Confirm Your Account Security Settings sInbox 480 | xx Starred (2) Affaf Ahmad <affafahmadd@gmail.com> Cy tomev @? = Snoozed E> Sent Hi, D Drafts We detected a configuration mismatch in your account security settir | Purchases 25 Please review the simulated security alert at the link below: ??More Test Confirmation Link (non-functional): https://example.net/security- If you didn?? make any recent changes, please ignore this message < Labels + Regards, Security Operations (Simulation)",1,0.8387146266621207
2025-11-29T13:57:05.150795,snapshot,0,0,Confirm Your Account Security Settings - affafahmad79@gmail.com - Gmail - Google Chrome,,,,"| ? a EET <i to - Goa ee Chroma} \6T.OCR) Nn Bi lexconticoee sis emcrncarroo Neen 7 =ommmall:googie.com/mail/u/0/zogbl#inbox/EMfcgz@dzcpNkrgJBvhBxzijweMKIEGhS = [4 Gmail Q. Search mail ' j < 8a ? owl @& : | 2 Compose | To Confirm Your Account Security Settings sInbox 480 | xx Starred (2) Affaf Ahmad <affafahmadd@gmail.com> Cy tomev @? = Snoozed E> Sent Hi, D Drafts We detected a configuration mismatch in your account security settir | Purchases 25 Please review the simulated security alert at the link below: ??More Test Confirmation Link (non-functional): https://example.net/security- If you didn?? make any recent changes, please ignore this message < Labels + Regards, Security Operations (Simulation)",1,0.8367404426559357
2025-11-29T13:57:07.786634,snapshot,0,0,Confirm Your Account Security Settings - affafahmad79@gmail.com - Gmail - Google Chrome,,,,"fatfafehired 798 gimacome Graal s Googic Chroma) \ _ | REI Co KK Corea St eros cee UCO as Sane ""COTM mail/0/ 0/00 DI xinbox/EMVifcqzO@dzcpNikrg BYNBxzjweMKIEGHS = [4 Gmail Q_ Search mail ' j < 8a ? owl @& : | 2 Compose | To Confirm Your Account Security Settings sInbox 480 | xx Starred (2) Affaf Ahmad <affafahmadd@gmail.com> Cy tomev @? = Snoozed E> Sent Hi, D Drafts We detected a configuration mismatch in your account security settir | Purchases 25 Please review the simulated security alert at the link below: ??More Test Confirmation Link (non-functional): https://example.net/security- If you didn?? make any recent changes, please ignore this message < Labels + Regards, Security Operations (Simulation)",1,0.8385433386837882
2025-11-29T13:57:10.119726,snapshot,0,0,Confirm Your Account Security Settings - affafahmad79@gmail.com - Gmail - Google Chrome,,,,"| [e Gata OUT REEOUNESEEUTEY STENTS <a db Sifaf ahmed 790 qreakcome Graal Googie Ovrom) 7 nn See meal googie com/mail/u/O/cogbitinbox/EMicaz@dzcpNikrq/ BYNBxzjwBMKIEGhS = [4 Gmail Q_ Search mail ' j < 8a ? owl @& : | 2 Compose | To Confirm Your Account Security Settings sInbox 480 | xx Starred (2) Affaf Ahmad <affafahmadd@gmail.com> Cy tomev @? = Snoozed E> Sent Hi, D Drafts We detected a configuration mismatch in your account security settir | Purchases 25 Please review the simulated security alert at the link below: ??More Test Confirmation Link (non-functional): https://example.net/security- If you didn?? make any recent changes, please ignore this message < Labels + Regards, Security Operations (Simulation)",1,0.839404761904762
2025-11-29T13:57:12.341143,snapshot,0,0,Confirm Your Account Security Settings - affafahmad79@gmail.com - Gmail - Google Chrome,,,,"| Ber four Account Sanurty Setteigsy 93 , db (ers i a rcom/mail/u/O/zogbl#inbox/EMfcgz@dzcpNkrg) BVhBxzjweMkIEGhS) = [4 Gmail Q_ Search mail ' j < 8a ? owl @& : | 2 Compose | To Confirm Your Account Security Settings sInbox 480 | xx Starred (2) Affaf Ahmad <affafahmadd@gmail.com> tome v @? = Snoozed CO E> Sent Hi, D Drafts We detected a configuration mismatch in your account security settir | Purchases 25 Please review the simulated security alert at the link below: ??More Test Confirmation Link (non-functional): https://example.net/security- If you didn?? make any recent changes, please ignore this message < Labels + Regards, Security Operations (Simulation)",1,0.8362176054829729
2025-11-29T13:57:14.835303,phishing_alert,0,0,Confirm Your Account Security Settings - affafahmad79@gmail.com - Gmail - Google Chrome,,,,"Confirm Your Account Security Settings - affafahmad79@gmail.com - Gmail - Google Chrome
| four Account: my Settetg??iy 93 , Ct - SEE Dar baton ore Nn Ba rcrsactoms rere nrecsreat romeo] SONI 7 =ommmall:googie.com/mail/u/0/zogbl#inbox/EMfcgz@dzcpNkrgJBvhBxzjweMKIEGhS = [4 Gmail Q_ Search mail ' j < 8a ? owl @& : | 2 Compose | To Confirm Your Account Security Settings sInbox 480 | xx Starred (2) Affaf Ahmad <affafahmadd@gmail.com> Cy tomev @? = Snoozed E> Sent Hi, D Drafts We detected a configuration mismatch in your account security settir | Purchases 25 Please review the simulated security alert at the link below: ??More Test Confirmation Link (non-functional): https://example.net/security- If you didn?? make any recent changes, please ignore this message < Labels + Regards, Security Operations (Simulation)",1,0.8367621376178834
2025-11-29T13:57:14.835886,snapshot,0,0,Confirm Your Account Security Settings - affafahmad79@gmail.com - Gmail - Google Chrome,,,,"| four Account: my Settetg??iy 93 , Ct - SEE Dar baton ore Nn Ba rcrsactoms rere nrecsreat romeo] SONI 7 =ommmall:googie.com/mail/u/0/zogbl#inbox/EMfcgz@dzcpNkrgJBvhBxzjweMKIEGhS = [4 Gmail Q_ Search mail ' j < 8a ? owl @& : | 2 Compose | To Confirm Your Account Security Settings sInbox 480 | xx Starred (2) Affaf Ahmad <affafahmadd@gmail.com> Cy tomev @? = Snoozed E> Sent Hi, D Drafts We detected a configuration mismatch in your account security settir | Purchases 25 Please review the simulated security alert at the link below: ??More Test Confirmation Link (non-functional): https://example.net/security- If you didn?? make any recent changes, please ignore this message < Labels + Regards, Security Operations (Simulation)",1,0.8366536203522505
2025-11-29T13:57:17.009941,snapshot,0,0,Confirm Your Account Security Settings - affafahmad79@gmail.com - Gmail - Google Chrome,,,,"| Le ae Sey aT y ra | & a : | Be careful before clicking any links, Consider contacting IT or the sender. . | gO Co , inbox tao Confirm Your Account Security Settings wv Starred (2) Affaf Ahmad <affafahmadd@gmail.com> @? = Snoozed oem E> Sent Hi, QD) Drafts We detected a configuration mismatch in your account security settir ) Purchases 25 Please review the simulated security alert at the link below: More Test Confirmation Link (non-functional): https://example.net/security- If you didn?? make any recent changes, please ignore this message < Labels + Regards, Security Operations (Simulation)",1,0.8347587195413283
2025-11-29T13:57:19.693118,snapshot,0,0,Confirm Your Account Security Settings - affafahmad79@gmail.com - Gmail - Google Chrome,,,,"I ya se fatfafehed79@ gimacome Graal + Googie Chroma) \ maT OCR OG): [Lene Seyal y ral Sa: | Gecarctul before chckang any Bik) ON 7 =ommmall:googie.com/mail/u/0/2ogbl#inbox/EMicgz@dzcpNkrgJBvhBxzijweMKIEGhS a a Ce XQ $ A Phishing Alert ??oO x ~~ iThisyemailllookstsuspicious!) co | Be careful before clicking any links, Consider contacting IT or the sender. . Co . 4 oo Confirm Your Account Security Settings sInbox 480 xx Starred (2) Affaf Ahmad <affafahmadd@gmail.com> Cy tomev @? = Snoozed E> Sent Hi, D Drafts We detected a configuration mismatch in your account security settir | Purchases 25 Please review the simulated security alert at the link below: ??More Test Confirmation Link (non-functional): https://example.net/security- If you didn?? make any recent changes, please ignore this message < Labels + Regards, Security Operations (Simulation)",1,0.8368658210947931
2025-11-29T13:57:21.871115,snapshot,0,0,Inbox (481) - affafahmad79@gmail.com - Gmail - Google Chrome,,,,"| [e eta out f Seterg Be &8 | & fatfafehnrned79@ qimealcone Grau = Googic Chroma) 7 SF comm mallgoogie.com/mail/u/0/2ogbl#inbox = [4 Gmail Q. Search mail ' j < 8a ? owl @& : | 2 Compose | To Confirm Your Account Security Settings sInbox 480 | xx Starred (2) Affaf Ahmad <affafahmadd@gmail.com> Cy tomev @? = Snoozed E> Sent Hi, D Drafts We detected a configuration mismatch in your account security settir | Purchases 25 Please review the simulated security alert at the link below: ??More Test Confirmation Link (non-functional): https://example.net/security- If you didn?? make any recent changes, please ignore this message < Labels + Regards, Security Operations (Simulation)",1,0.8346097201767305
2025-11-29T13:57:24.191563,snapshot,0,0,Action Required to Validate Your Account - affafahmad79@gmail.com - Gmail - Google Chrome,,,,"(OCRIOKRS | fe eta out f Seterg Ba AG | Afotfatchnmeds9@ quneicone) \ : 7 om mall:googie.com/mail/u/0/zogbl#inbox/EMfcgz@dzcpNkrgiivVZOpdWmbsllblExb, = [4 Gmail Q_ Search mail ' | ??@ ? 8 |S @: | 2 Compose | TO Action Required to Validate Your Accour sInbox 480 | xx Starred (2) Affaf Ahmad <affafahmadd@gmail.com> Cy tomev @? = Snoozed E> Sent Hello, Ci Drafts Our system detected unusual sign-in activity on your account. As a fF (*) +Purchases 25 To continue using your account normally, please complete the verific v??More Test Verification Link (non-functional): https://example.com/verify-ses If you did not attempt to sign in, this may indicate an automated syst Labels + Thank you, Account Security Team (Simulation)",1,0.43685872138910814
2025-11-29T13:57:26.770764,snapshot,0,0,Action Required to Validate Your Account - affafahmad79@gmail.com - Gmail - Google Chrome,,,,"fatfaf ahmed 79 @ grea come Gers e Google Chrome \ = CRE Se ES OSES Og EEE OS OD erat etter cie Neto Pace ior =a Aad Cony mail/0/0/zogbisinbox/EMicqzOdzepNkrghiwZOndWmbslolaxb = [4 Gmail Q_ Search mail ' | ? ? ? B/S @ : | 2 Compose | TO Action Required to Validate Your Accour sInbox 480 | xx Starred (2) Affaf Ahmad <affafahmadd@gmail.com> Cy tomev @? = Snoozed E> Sent Hello, Ci Drafts Our system detected unusual sign-in activity on your account. As a fF (*) +Purchases 25 To continue using your account normally, please complete the verific v??More Test Verification Link (non-functional): https://example.com/verify-ses If you did not attempt to sign in, this may indicate an automated syst Labels + Thank you, Account Security Team (Simulation)",1,0.4381714285714286
2025-11-29T13:57:29.037284,snapshot,0,0,Action Required to Validate Your Account - affafahmad79@gmail.com - Gmail - Google Chrome,,,,"= e me 88 dp 7 Oo eS mamgoogie.com/mail/u/0/zogbl#inbox/EMfcgz@dzcpNkrgiivVZOpdWmbsllblExb, = [4 Gmail Q. Search mail ' j < 8a ? owl @& : | 2 Compose | TO Action Required to Validate Your Accour sInbox 480 | xx Starred (2) Affaf Ahmad <affafahmadd@gmail.com> Cy tomev @? = Snoozed E> Sent Hello, CD) Drafts Our system detected unusual sign-in activity on your account. As a fF | Purchases 25 To continue using your account normally, please complete the verific ??More Test Verification Link (non-functional): https://example.com/verify-ses If you did not attempt to sign in, this may indicate an automated syst Labels + Thank you, Account Security Team (Simulation)",1,0.4359398496240602
2025-11-29T13:57:31.466356,snapshot,0,0,Action Required to Validate Your Account - affafahmad79@gmail.com - Gmail - Google Chrome,,,,"| hb fatfafehed79@ gimalcome Gram 5 Googie Chroma) \ - ere hy ee ~ Sa eae aiieeens - : Fcom/mail/u/O/2ogbl#inbox/EMfcgz@dzcoNkrghivVZ@pdWmbsllblExb, = [4 Gmail Q_ Search mail ' j < 8a ? owl @& : | 2 Compose | TO Action Required to Validate Your Accour sInbox 480 | yr Starred (2) Affaf Ahmad <affafahmadd@gmail.com> Cy tomev @? = Snoozed E> Sent Hello, Ci Drafts Our system detected unusual sign-in activity on your account. As a fF (*) +Purchases 25 To continue using your account normally, please complete the verific v??More Test Verification Link (non-functional): https://example.com/verify-ses If you did not attempt to sign in, this may indicate an automated syst Labels + Thank you, Account Security Team (Simulation)",1,0.4356059113300493
2025-11-29T13:57:33.755498,snapshot,0,0,Action Required to Validate Your Account - affafahmad79@gmail.com - Gmail - Google Chrome,,,,"fatfafehied79@ qimmalcone Grail 5 Googie Chroma) \ fe ona lens Ee ""Conny mail/O/0/coob kinbox/EMifcqz OdzepNkrghivWwZOodWmbdslbltxD = [4 Gmail Q_ Search mail ' j < 8a ? owl @& : | 2 Compose | TO Action Required to Validate Your Accour sInbox 480 | yr Starred (2) Affaf Ahmad <affafahmadd@gmail.com> Cy tomev @? = Snoozed E> Sent Hello, Ci Drafts Our system detected unusual sign-in activity on your account. As a fF (*) +Purchases 25 To continue using your account normally, please complete the verific v??More Test Verification Link (non-functional): https://example.com/verify-ses If you did not attempt to sign in, this may indicate an automated syst Labels + Thank you, Account Security Team (Simulation)",1,0.4360573042776433
2025-11-29T13:57:36.186634,snapshot,0,0,Action Required to Validate Your Account - affafahmad79@gmail.com - Gmail - Google Chrome,,,,"- Se a eT Moons) Nn Rone : a com/mail/u/0/2 og bi#inbox/EMicgz@dzcpNkrgivVZQndWmbsllbUixD = [4 Gmail Q. Search mail ' j < 8a ? owl @& : | 2 Compose | TO Action Required to Validate Your Accour sInbox 480 | xx Starred (2) Affaf Ahmad <affafahmadd@gmail.com> Cy tomev @? = Snoozed E> Sent Hello, CD) Drafts Our system detected unusual sign-in activity on your account. As a fF | Purchases 25 To continue using your account normally, please complete the verific ??More Test Verification Link (non-functional): https://example.com/verify-ses If you did not attempt to sign in, this may indicate an automated syst Labels + Thank you, Account Security Team (Simulation)",1,0.4365653953889248
2025-11-29T13:57:38.767708,snapshot,0,0,Action Required to Validate Your Account - affafahmad79@gmail.com - Gmail - Google Chrome,,,,"=e ft fatfafehed79@ gimalcome Gram + Googie Chroma) \ MI TOCR 2% SE Soa ct Moons) Nn Ronesa commu AY2 0g) OS Cap mae | ercom/mail/U/0/?ogbl#inbox/EMicgz@dzcpNkrghivVZOpdWmbsliblixD = [4 Gmail Q_ Search mail ' | ? 868 ? BU|e Bi: | 2 Compose | TO Action Required to Validate Your Accour sInbox 480 | xx Starred (2) Affaf Ahmad <affafahmadd@gmail.com> Cy tomev @? = Snoozed E> Sent Hello, CD) Drafts Our system detected unusual sign-in activity on your account. As a fF | Purchases 25 To continue using your account normally, please complete the verific ??More Test Verification Link (non-functional): https://example.com/verify-ses If you did not attempt to sign in, this may indicate an automated syst Labels + Thank you, Account Security Team (Simulation)",1,0.4379754020813624
2025-11-29T13:57:41.182737,snapshot,0,0,Action Required to Validate Your Account - affafahmad79@gmail.com - Gmail - Google Chrome,,,,"| a COmEXaamR pilatahmead eg ratcon Geral Googe Chrome aay 4 EE smmsamseucanomutmannaney 6) ~ e pcom/mail/u/O/2ogblzinbox/EMfcgz@dzcpNkrgiivvZ@pdWmbsllbUxD, = [4 Gmail Q_ Search mail ' j < 8a ? owl @& : | 2 Compose | TO Action Required to Validate Your Accour sInbox 480 | xx Starred (2) Affaf Ahmad <affafahmadd@gmail.com> Cy tomev @? = Snoozed E> Sent Hello, Ci Drafts Our system detected unusual sign-in activity on your account. As a fF (*) +Purchases 25 To continue using your account normally, please complete the verific v??More Test Verification Link (non-functional): https://example.com/verify-ses If you did not attempt to sign in, this may indicate an automated syst Labels + Thank you, Account Security Team (Simulation)",1,0.436211264860651
2025-11-29T13:57:44.191909,snapshot,0,0,Inbox (480) - affafahmad79@gmail.com - Gmail - Google Chrome,,,,"| TET count Oy $3 db Patfafohmed79@ greucome Grail ? Googie Chrome rn MET OCRGOX) | 3 COmb card palyishimend 0g ratcon Geral Googe Chroma) Se | OME Mere serch ~~ com/mail/U/O/2ogbl#inbox = [4 Gmail Q. Search mail ' | O-~ ?c i: | 2 Compose | Ee F Promotions Pp te AA, [Inbox 480 ? i rimary S Apple TV ??Last chance: Sav vy Starred CO x Affaf Anmad Confirm Your Account Securit: ? Snoozed 0 x Affaf Anmad Action Required to Validate Yc Sent e Ol x Affaf Ahmad URGENT: Password Reset R C1 Drafts aa Affaf Ahmad URGENT: Password Reset R (Purchases 25 UO * Y??More O) x Affaf Anmad URGENT: Password Reset Rec Ol x Affaf Ahmad URGENT: Password Reset Rec Labels fe Ol x Affaf Ahmad Alert: Unusual Transaction Att Ol x Affaf Ahmad IT Helpdesk: New Security Up: Ol vw Affaf Anmad Emergency Request for Flood 0 x Affaf Anmad Congratulations! You Are Shor Ol x Affaf Ahmad New Invoice #4482 Due Imme [1 wH* Affaf Ahmad Alert: Unusual Transaction Att",1,0.5028784648187634
2025-11-29T13:57:45.054116,snapshot,0,0,screen_monitor.py - AI_Proj - Visual Studio Code,,,,,0,0.0
2025-11-29T13:58:39.199119,snapshot,0,0,Inbox (480) - affafahmad79@gmail.com - Gmail - Google Chrome,,,,"MAR RAction}Required|to}Validate\ YOUR en CMe: Mail googlecom/mail/u/0/70gbitinbox/EMicgz@dzcpNkrahivVZOpdWmbsllblEx = [4 Gmail Q_ Search mail ' j < 8a ? owl @& : | 2 Compose | TO Action Required to Validate Your Accour sInbox 480 | xr Starred (2) Affaf Ahmad <affafahmadd@gmail.com> tome v @? = Snoozed CO E> Sent Hello, CD) Drafts Our system detected unusual sign-in activity on your account. As a fF | Purchases 25 To continue using your account normally, please complete the verific ??More Test Verification Link (non-functional): https://example.com/verify-ses If you did not attempt to sign in, this may indicate an automated syst Labels + Thank you, Account Security Team (Simulation)",1,0.4375439321893736
2025-11-29T13:58:42.268035,snapshot,0,0,Action Required to Validate Your Account - affafahmad79@gmail.com - Gmail - Google Chrome,,,,"CROSS BA on ean TRL ONS See OnE! eee ??en CMe: Mail googlecom/mail/u/0/70gbitinbox/EMicgz@dzcpNkrahivVZOpdWmbsllblEx = [4 Gmail Q. Search mail ' j < 8a ? owl @& : | 2 Compose | TO Action Required to Validate Your Accour sInbox 480 | xx Starred (2) Affaf Ahmad <affafahmadd@gmail.com> Cy tomev @? = Snoozed E> Sent Hello, CD) Drafts Our system detected unusual sign-in activity on your account. As a fF | Purchases 25 To continue using your account normally, please complete the verific ??More Test Verification Link (non-functional): https://example.com/verify-ses If you did not attempt to sign in, this may indicate an automated syst Labels + Thank you, Account Security Team (Simulation)",1,0.43813664596273294
2025-11-29T13:58:45.509152,snapshot,0,0,Action Required to Validate Your Account - affafahmad79@gmail.com - Gmail - Google Chrome,,,,"fatfaf ahmed 79 @ grea come Gru e Google Chrome \ BI LOCRI 2%}: CROSS B.A On ec TRE ONS See On 8 ood 5 ent Civiec Mal) ON 7 =ommmallgoogie.com/mail/u/0/zogbl#inbox/EMfcgz@dzcpNkrgiivVZOpdWmbsllbllEixb, = [4 Gmail Q. Search mail ' j < 8a ? owl @& : | 2 Compose | TO Action Required to Validate Your Accour sInbox 480 | xx Starred (2) Affaf Ahmad <affafahmadd@gmail.com> Cy tomev @? = Snoozed E> Sent Hello, CD) Drafts Our system detected unusual sign-in activity on your account. As a fF | Purchases 25 To continue using your account normally, please complete the verific ??More Test Verification Link (non-functional): https://example.com/verify-ses If you did not attempt to sign in, this may indicate an automated syst Labels + Thank you, Account Security Team (Simulation)",1,0.43850691244239637
2025-11-29T13:58:48.652610,snapshot,0,0,Action Required to Validate Your Account - affafahmad79@gmail.com - Gmail - Google Chrome,,,,"Saas il eS MALCCRGUR Tatts! dimed 196 ares come Gus Googie Chrome Gl) Nn sree EqTRE ONS See On 8 cod 5 ent Crvanc Mall) oneness conse commen rog en ba oneas asrepsara |eCOM/Mall/U/O/2ogbl#inbox/EMicgz@dzcpNkrglivVZOpdWmbsliblixD = [4 Gmail Q_ Search mail ' j < 8a ? owl @& : | 2 Compose | TO Action Required to Validate Your Accour sInbox 480 | xx Starred (2) Affaf Ahmad <affafahmadd@gmail.com> Cy tomev @? = Snoozed E> Sent Hello, CD) Drafts Our system detected unusual sign-in activity on your account. As a fF | Purchases 25 To continue using your account normally, please complete the verific ??More Test Verification Link (non-functional): https://example.com/verify-ses If you did not attempt to sign in, this may indicate an automated syst Labels + Thank you, Account Security Team (Simulation)",1,0.43867117919487
2025-11-29T13:58:51.636580,snapshot,0,0,Action Required to Validate Your Account - affafahmad79@gmail.com - Gmail - Google Chrome,,,,"Sees. mB in scnganeca Ucn ete et sco NS | an me smeiiiall;googiecom/mail/u/0/,? ogbi#inbox/EMicgz@dzcoNkrghivWZ@pdWmbsllblHxl = [4 Gmail Q. Search mail ' j < 8a ? owl @& : | 2 Compose | TO Action Required to Validate Your Accour sInbox 480 | xx Starred (2) Affaf Ahmad <affafahmadd@gmail.com> Cy tomev @? = Snoozed E> Sent Hello, CD) Drafts Our system detected unusual sign-in activity on your account. As a fF | Purchases 25 To continue using your account normally, please complete the verific ??More Test Verification Link (non-functional): https://example.com/verify-ses If you did not attempt to sign in, this may indicate an automated syst Labels + Thank you, Account Security Team (Simulation)",1,0.4358675659104844
2025-11-29T13:58:54.396607,snapshot,0,0,Action Required to Validate Your Account - affafahmad79@gmail.com - Gmail - Google Chrome,,,,"= | ??t fatfafehed79@ gmmulcome Grail + Googie Chroma) \ Peay es orlets| os ae??le COM/ mail/U/O/zogbitinbox/EMifcaz@dzcpNktghivwWZOpdwWmbslb lx = [4 Gmail Q_ Search mail ' j < 8a ? owl @& : | 2 Compose | TO Action Required to Validate Your Accour sInbox 480 | xx Starred (2) Affaf Ahmad <affafahmadd@gmail.com> Cy tomev @? = Snoozed E> Sent Hello, Ci Drafts Our system detected unusual sign-in activity on your account. As a fF (*) +Purchases 25 To continue using your account normally, please complete the verific v??More Test Verification Link (non-functional): https://example.com/verify-ses If you did not attempt to sign in, this may indicate an automated syst Labels + Thank you, Account Security Team (Simulation)",1,0.4360610263522885
2025-11-29T13:58:57.605241,snapshot,0,0,Action Required to Validate Your Account - affafahmad79@gmail.com - Gmail - Google Chrome,,,,"fatfafehed79@ qmmacome Gram 5 Googie Chroma) \ BE TOCR EEX = | cit fotfofched79@ gmuruicome Grad + Googie Chroma) Se CEOS RLD ??~com/ymail/u/O/2ogbl#inbox/EMfcgz@dzcpNkrghivVZ@odWmbsliblxd, = [4 Gmail Q. Search mail ' j < 8a ? owl @& : | 2 Compose | TO Action Required to Validate Your Accour sInbox 480 | xx Starred (2) Affaf Ahmad <affafahmadd@gmail.com> Cy tomev @? = Snoozed E> Sent Hello, CD) Drafts Our system detected unusual sign-in activity on your account. As a fF | Purchases 25 To continue using your account normally, please complete the verific ??More Test Verification Link (non-functional): https://example.com/verify-ses If you did not attempt to sign in, this may indicate an automated syst Labels + Thank you, Account Security Team (Simulation)",1,0.4376146788990826
2025-11-29T13:59:00.827740,snapshot,0,0,Action Required to Validate Your Account - affafahmad79@gmail.com - Gmail - Google Chrome,,,,"Se a On AR CCRRARY arf atchied 9@ qnvrmcome Cram Cacgee Orrorn) 05 Nn EASTER IEICE SEES) com yruoY Dog bite box Oem supIRTGeN Zeca ,COM/Mail/U/Ojeogoi#tinbox/EMicgz@dzcpNkrgiivVZ@pdWmbsllbllaxb = [4 Gmail Q_ Search mail ' j < 8a ? owl @& : | 2 Compose | TO Action Required to Validate Your Accour sInbox 480 | xx Starred (2) Affaf Ahmad <affafahmadd@gmail.com> Cy tomev @? = Snoozed E> Sent Hello, CD) Drafts Our system detected unusual sign-in activity on your account. As a fF | Purchases 25 To continue using your account normally, please complete the verific ??More Test Verification Link (non-functional): https://example.com/verify-ses If you did not attempt to sign in, this may indicate an automated syst Labels + Thank you, Account Security Team (Simulation)",1,0.44030545725460984
2025-11-29T13:59:03.730810,snapshot,0,0,Action Required to Validate Your Account - affafahmad79@gmail.com - Gmail - Google Chrome,,,,"Ses pe 88 db ra a at Ee og cpus ner acom/mail/u/0/20gbi#inbox/EMicgz@dzcpNkrgHivVZQnodWmbsllbUixD = [4 Gmail Q_ Search mail ' j < 8a ? owl @& : | 2 Compose | TO Action Required to Validate Your Accour sInbox 480 | xx Starred (2) Affaf Ahmad <affafahmadd@gmail.com> Cy tomev @? = Snoozed E> Sent Hello, CD) Drafts Our system detected unusual sign-in activity on your account. As a fF | Purchases 25 To continue using your account normally, please complete the verific ??More Test Verification Link (non-functional): https://example.com/verify-ses If you did not attempt to sign in, this may indicate an automated syst Labels + Thank you, Account Security Team (Simulation)",1,0.43617202469661487
2025-11-29T13:59:06.321778,snapshot,0,0,tk,,,,"? B ? fatfafehired79@ gimacome Gram + Googie Chroma) OCG YR) Sex pe 88 db.ra.a zt Ceog cousins] eqied 0) ~ ~com/ymail/u/O/2ogbl#inbox/EMfcgz@dzcpNkrghivVZ@odWmbsliblxd, = [4 Gmail Q. Search mail ' j < 8a ? owl @& : | 2 Compose | TO Action Required to Validate Your Accour sInbox 480 | yr Starred (2) Affaf Ahmad <affafahmadd@gmail.com> Cy tomev @? = Snoozed E> Sent Hello, Ci Drafts Our system detected unusual sign-in activity on your account. As a fF (*) +Purchases 25 To continue using your account normally, please complete the verific v??More Test Verification Link (non-functional): https://example.com/verify-ses If you did not attempt to sign in, this may indicate an automated syst Labels + Thank you, Account Security Team (Simulation)",1,0.4360882070949185
2025-11-29T13:59:09.688255,snapshot,0,0,Inbox (480) - affafahmad79@gmail.com - Gmail - Google Chrome,,,,"yl _ BIIOCG Yi Sex pe 83 dOura'a zt Cong cous) eqied Qe! Ne | om mall:googiecom/mail/u/O/zogbl#inbox = [4 Gmail Q_ Search mail | 2 Compose | 0 Ee F Promotions Pp te AA, [Inbox 480 ? i rimary S Apple TV ??Last chance: Sav vy Starred CO x Affaf Anmad Confirm Your Account Securit: ? Snoozed 0 x Affaf Anmad Action Required to Validate Yc Sent e Ol x Affaf Ahmad URGENT: Password Reset R C1 Drafts aa Purch 95 Ol x Affaf Ahmad URGENT: Password Reset R urchases More CO x Affaf Anmad URGENT: Password Reset Rec Ol x Affaf Ahmad URGENT: Password Reset Rec Labels fe Ol x Affaf Ahmad Alert: Unusual Transaction Att Ol x Affaf Ahmad IT Helpdesk: New Security Up: Ol vw Affaf Anmad Emergency Request for Flood Ol x Affaf Ahmad Congratulations! You Are Shor Ol x Affaf Ahmad New Invoice #4482 Due Imme [1 wH* Affaf Ahmad Alert: Unusual Transaction Att",1,0.4742449949100781
2025-11-29T13:59:12.633824,phishing_alert,0,0,Confirm Your Account Security Settings - affafahmad79@gmail.com - Gmail - Google Chrome,,,,"Confirm Your Account Security Settings - affafahmad79@gmail.com - Gmail - Google Chrome
(OCR EPR) 0 GBOCG i Sex pe 43 dOura's zt Cong cous) eqied Qc Nal) \ 12 Compozn | 0 Ee ? Promotions Op te AA??fn box 480) en CMe: METail cooglecom/mail/u/0/zogbitinbox/EMfcqz@dzcp Nkrq) ByhBxzjwRMkIEGhS = [4 Gmail Q_ Search mail ' j < 8a ? owl @& : | 2 Compose | inbox ~??480 Confirm Your Account Security Settings xx Starred (2) Affaf Ahmad <affafahmadd@gmail.com> tome v @? = Snoozed CO E> Sent Hi, D Drafts We detected a configuration mismatch in your account security settir | Purchases 25 Please review the simulated security alert at the link below: ??More Test Confirmation Link (non-functional): https://example.net/security- If you didn?? make any recent changes, please ignore this message < Labels + Regards, Security Operations (Simulation)",1,0.837987399965946
2025-11-29T13:59:12.634397,snapshot,0,0,Confirm Your Account Security Settings - affafahmad79@gmail.com - Gmail - Google Chrome,,,,"(OCR EPR) 0 GBOCG i Sex pe 43 dOura's zt Cong cous) eqied Qc Nal) \ 12 Compozn | 0 Ee ? Promotions Op te AA??fn box 480) en CMe: METail cooglecom/mail/u/0/zogbitinbox/EMfcqz@dzcp Nkrq) ByhBxzjwRMkIEGhS = [4 Gmail Q_ Search mail ' j < 8a ? owl @& : | 2 Compose | inbox ~??480 Confirm Your Account Security Settings xx Starred (2) Affaf Ahmad <affafahmadd@gmail.com> tome v @? = Snoozed CO E> Sent Hi, D Drafts We detected a configuration mismatch in your account security settir | Purchases 25 Please review the simulated security alert at the link below: ??More Test Confirmation Link (non-functional): https://example.net/security- If you didn?? make any recent changes, please ignore this message < Labels + Regards, Security Operations (Simulation)",1,0.8380254898230931
2025-11-29T13:59:15.336886,snapshot,0,0,Confirm Your Account Security Settings - affafahmad79@gmail.com - Gmail - Google Chrome,,,,"| Tea eCUIAY Sette gS) 3 } See a7 me oMEall:-googie.com/mail/u/0/20gbl#inbox/EMicgz@dzcpNkrgJBvhBxzjweMKIEGhS = [4 Gmail Q_ Search mail o ??| @ Ay Phishing Alert ??oO x | 2 Compose | inbox ~ | Be careful before clicking any links, Consider contacting IT or the sender. Settings yx Starred Cy??tomev @? = Snoozed E> Sent Hi, D Drafts We detected a configuration mismatch in your account security settir ) Purchases 25 Please review the simulated security alert at the link below: More Test Confirmation Link (non-functional): https://example.net/security- If you didn?? make any recent changes, please ignore this message < Labels + Regards, Security Operations (Simulation)",1,0.8370409679473573
2025-11-29T13:59:18.303737,snapshot,0,0,Confirm Your Account Security Settings - affafahmad79@gmail.com - Gmail - Google Chrome,,,,"| Ber SURED 9 93 , db - Go a SEE Nn Ee coneoer ? ~o Fcom/mail/u/O/2ogbl#inbox/EMicgz@dzcpNkrgJBvhBxzjweMkIEGhS = [4 Gmail Q_ Search mail ' j < 8a ? owl @& : | 2 Compose | To Confirm Your Account Security Settings sInbox 480 | xx Starred (2) Affaf Ahmad <affafahmadd@gmail.com> Cy tomev @? = Snoozed E> Sent Hi, D Drafts We detected a configuration mismatch in your account security settir | Purchases 25 Please review the simulated security alert at the link below: ??More Test Confirmation Link (non-functional): https://example.net/security- If you didn?? make any recent changes, please ignore this message < Labels + Regards, Security Operations (Simulation)",1,0.8374838152783772
2025-11-29T13:59:21.219513,snapshot,0,0,Confirm Your Account Security Settings - affafahmad79@gmail.com - Gmail - Google Chrome,,,,"fatfafehnred 798 gmmacome Grams Googic Chroma) \ BE TOCR WR). | Ber SURED 9 93 ZdbE Go a SLE Nini Ce con ener 2-0) ON | 7 =ommmall:googie.com/mail/u/0/zogbl#inbox/EMfcgz@dzcpNkrgJBvhBxzijweMkKIEGhS = [4 Gmail Q_ Search mail ' j < 8a ? owl @& : | 2 Compose | To Confirm Your Account Security Settings sInbox 480 | xx Starred (2) Affaf Ahmad <affafahmadd@gmail.com> Cy tomev @? = Snoozed E> Sent Hi, D Drafts We detected a configuration mismatch in your account security settir | Purchases 25 Please review the simulated security alert at the link below: ??More Test Confirmation Link (non-functional): https://example.net/security- If you didn?? make any recent changes, please ignore this message < Labels + Regards, Security Operations (Simulation)",1,0.8383177570093459
2025-11-29T13:59:23.994607,snapshot,0,0,Confirm Your Account Security Settings - affafahmad79@gmail.com - Gmail - Google Chrome,,,,"| four Account: my Settetg??ty; 93 , Ct - SSE ee ae Chron GE Nn mom mall: googie.com/mail/U/O/2ogbi#inbox/EMicgz@dzcpNkrgJ BVhBxzjwBMkIEGhS = [4 Gmail Q_ Search mail ' j < 8a ? owl @& : | 2 Compose | To Confirm Your Account Security Settings sInbox 480 | xx Starred (2) Affaf Ahmad <affafahmadd@gmail.com> Cy tomev @? = Snoozed E> Sent Hi, D Drafts We detected a configuration mismatch in your account security settir | Purchases 25 Please review the simulated security alert at the link below: ??More Test Confirmation Link (non-functional): https://example.net/security- If you didn?? make any recent changes, please ignore this message < Labels + Regards, Security Operations (Simulation)",1,0.8371097787885053
2025-11-29T13:59:27.162518,snapshot,0,0,Confirm Your Account Security Settings - affafahmad79@gmail.com - Gmail - Google Chrome,,,,"fatfatehed79@ gimacome Graal = Googie Chroma) \ BETOCRGO% | four Account my Settetg ty, 406 Cin Sok we ae Chron GE] we | ein spreneecnS eH Gret Nears Soe |eCOMY Mail/U/0/e ogbI#inbox/ EMicgz@dzcpNkrq) ByhBxzjWEMKIEGhS = [4 Gmail Q_ Search mail ' j < 8a ? owl @& : | 2 Compose | To Confirm Your Account Security Settings sInbox 480 | xx Starred (2) Affaf Ahmad <affafahmadd@gmail.com> tome v @? = Snoozed CO E> Sent Hi, D Drafts We detected a configuration mismatch in your account security settir | Purchases 25 Please review the simulated security alert at the link below: ??More Test Confirmation Link (non-functional): https://example.net/security- If you didn?? make any recent changes, please ignore this message < Labels + Regards, Security Operations (Simulation)",1,0.8387012987012987
2025-11-29T13:59:30.329385,phishing_alert,0,0,Confirm Your Account Security Settings - affafahmad79@gmail.com - Gmail - Google Chrome,,,,"Confirm Your Account Security Settings - affafahmad79@gmail.com - Gmail - Google Chrome
! y Be fatfatehied79@ gimacome Graal = Googic Chroma) \ BE TOCR ETS) fotfatched79@ gurscome Grad = Googie Chroma); Se 7 =ommmall:googie.com/mail/u/0/zogbl#inbox/EMfcgz@dzcpNkrgJBvhBxzijweMKIEGhS = [4 Gmail Q_ Search mail ' j < 8a ? owl @& : | 2 Compose | To Confirm Your Account Security Settings sInbox 480 | xx Starred (2) Affaf Ahmad <affafahmadd@gmail.com> Cy tomev @? = Snoozed E> Sent Hi, D Drafts We detected a configuration mismatch in your account security settir | Purchases 25 Please review the simulated security alert at the link below: ??More Test Confirmation Link (non-functional): https://example.net/security- If you didn?? make any recent changes, please ignore this message < Labels + Regards, Security Operations (Simulation)",1,0.8370846180198699
2025-11-29T13:59:30.330075,snapshot,0,0,Confirm Your Account Security Settings - affafahmad79@gmail.com - Gmail - Google Chrome,,,,"! y Be fatfatehied79@ gimacome Graal = Googic Chroma) \ BE TOCR ETS) fotfatched79@ gurscome Grad = Googie Chroma); Se 7 =ommmall:googie.com/mail/u/0/zogbl#inbox/EMfcgz@dzcpNkrgJBvhBxzijweMKIEGhS = [4 Gmail Q_ Search mail ' j < 8a ? owl @& : | 2 Compose | To Confirm Your Account Security Settings sInbox 480 | xx Starred (2) Affaf Ahmad <affafahmadd@gmail.com> Cy tomev @? = Snoozed E> Sent Hi, D Drafts We detected a configuration mismatch in your account security settir | Purchases 25 Please review the simulated security alert at the link below: ??More Test Confirmation Link (non-functional): https://example.net/security- If you didn?? make any recent changes, please ignore this message < Labels + Regards, Security Operations (Simulation)",1,0.8370164687859059
2025-11-29T13:59:33.634415,snapshot,0,0,Confirm Your Account Security Settings - affafahmad79@gmail.com - Gmail - Google Chrome,,,,"| OU ACCOUNT SECUtty Sette g iy 93 , Ct fatfafehed 798 grmacome Graal e Googic Chroma) \ ME TOCR GOR ty Ge attatched 9@ gsracome Grad = Chroma); Se 7 CACTI ICE SERED mom mall: googie.com/mail/Uu/O/2ogbi#inbox/EMicgz@dzcpNkrgJ BVhBxzjweMkIEGhS = [4 Gmail Q_ Search mail ' ; +. i__! ?? : | @ Compose | 9 & Phishing Alert - a x GQ inbox Tits ema ocls euapiciond ettings nbox ~~ 1 Be careful before clicking any links. Consider contacting IT or the sender, xx Starred @? = Snoozed E> Sent Hi, D Drafts We detected a configuration mismatch in your account security settir | Purchases 25 Please review the simulated security alert at the link below: ??More Test Confirmation Link (non-functional): https://example.net/security- If you didn?? make any recent changes, please ignore this message < Labels + Regards, Security Operations (Simulation)",1,0.839404761904762
2025-11-29T13:59:36.024539,snapshot,0,0,Recording toolbar,,,,"oe attatched 79 @ gimacome Graal = Googie Chroma) OGRE OU ACCOUNT SEClitty Sette g py 00k fatfaiched 798 ae Coie eae OCICS EN 7 =ommmall:googie.com/mail/u/0/2ogbl#inbox/EMfcgz@dzcpNkrgJBvhBxzijweMkIEGhS = [4 Gmail Q. Search mail ' j < 8a ? owl @& : | 2 Compose | To Confirm Your Account Security Settings sInbox 480 | xx Starred (2) Affaf Ahmad <affafahmadd@gmail.com> Cy tomev @? = Snoozed E> Sent Hi, D Drafts We detected a configuration mismatch in your account security settir | Purchases 25 Please review the simulated security alert at the link below: ??More Test Confirmation Link (non-functional): https://example.net/security- If you didn?? make any recent changes, please ignore this message < Labels + Regards, Security Operations (Simulation)",1,0.8382531261841607
2025-11-29T13:59:38.328281,snapshot,0,0,Recording toolbar,,,,"OUNACCOUNT SiOkaty Sette 9 py Ook fatfoachied, 798 bc Cone te OOS) en CMe: METail cooglecom/mail/u/0/zogbitinbox/EMfcqz@dzcp Nkrq) ByhBxzjwRMkIEGhS = [4 Gmail Q_ Search mail ' | ? ? ? B/S @ : | 2 Compose | To Confirm Your Account Security Settings sInbox 480 | xx Starred (2) Affaf Ahmad <affafahmadd@gmail.com> tome v @? = Snoozed CO E> Sent Hi, D Drafts We detected a configuration mismatch in your account security settir | Purchases 25 Please review the simulated security alert at the link below: ??More Test Confirmation Link (non-functional): https://example.net/security- If you didn?? make any recent changes, please ignore this message < Labels + Regards, Security Operations (Simulation)",1,0.8387433483422022
2025-11-29T13:59:40.714793,snapshot,0,0,Recording toolbar,,,,"vans Recondaig took, i & > Capa race eae rfeetetnennn chied) 733 bad ae Somat ecw P m p a7 =ommmall:google.com/mail/u/0/zogbl#inbox/EMfcgz@dzcpNkrgJBvhBxzijweMKIEGhS = [4 Gmail Q_ Search mail ' j < 8a ? owl @& : | 2 Compose | oO Confirm Your Account Security Settings sInbox 480 | xr Starred (2) Affaf Ahmad <affafahmadd@gmail.com> tome v @? = Snoozed CO E> Sent Hi, CD) Drafts We detected a configuration mismatch in your account security settir | Purchases 25 Please review the simulated security alert at the link below: ??More Test Confirmation Link (non-functional): https://example.net/security- If you didn?? make any recent changes, please ignore this message < Labels + Regards, Security Operations (Simulation)",1,0.8357936507936509
2025-11-29T13:59:43.268363,snapshot,0,0,Recording toolbar,,,,"; y 8 . xm < Ee ES (yiog blanbox/Oviegz @dzcpharg 18 vi 7 ? om mall:googie.com/mail/u/0/2ogbl#inbox/EMfcgz@dzcpNkrgJBvhBxzijweMKIEGhS = [4 Gmail Q_ Search mail ' | ? ? ? B/S @ : | 2 Compose | To Confirm Your Account Security Settings sInbox 480 | xx Starred (2) Affaf Ahmad <affafahmadd@gmail.com> tome v @? = Snoozed CO E> Sent Hi, D Drafts We detected a configuration mismatch in your account security settir | Purchases 25 Please review the simulated security alert at the link below: ??More Test Confirmation Link (non-functional): https://example.net/security- If you didn?? make any recent changes, please ignore this message < Labels + Regards, Security Operations (Simulation)",1,0.8363199665831246
2025-11-29T13:59:45.695945,phishing_alert,0,0,Confirm Your Account Security Settings - affafahmad79@gmail.com - Gmail - Google Chrome,,,,"Confirm Your Account Security Settings - affafahmad79@gmail.com - Gmail - Google Chrome
ae voy Be COTE rn -|@D Ne pease aS O/2og bienbox/OAiogz @drcphiirg IGvhOxrgw) > yo om miangoogiecom/mail/u/O/cogbitinbox/EMicaz@dzcpNkrq) BYNBxzjwEMKIEGhS = [4 Gmail Q_ Search mail ' j < 8a ? owl @& : | 2 Compose | To Confirm Your Account Security Settings sInbox 480 | xx Starred (2) Affaf Ahmad <affafahmadd@gmail.com> tome v @? = Snoozed CO E> Sent Hi, D Drafts We detected a configuration mismatch in your account security settir | Purchases 25 Please review the simulated security alert at the link below: ??More Test Confirmation Link (non-functional): https://example.net/security- If you didn?? make any recent changes, please ignore this message < Labels + Regards, Security Operations (Simulation)",1,0.8376280323450135
2025-11-29T13:59:45.696383,snapshot,0,0,Confirm Your Account Security Settings - affafahmad79@gmail.com - Gmail - Google Chrome,,,,"ae voy Be COTE rn -|@D Ne pease aS O/2og bienbox/OAiogz @drcphiirg IGvhOxrgw) > yo om miangoogiecom/mail/u/O/cogbitinbox/EMicaz@dzcpNkrq) BYNBxzjwEMKIEGhS = [4 Gmail Q_ Search mail ' j < 8a ? owl @& : | 2 Compose | To Confirm Your Account Security Settings sInbox 480 | xx Starred (2) Affaf Ahmad <affafahmadd@gmail.com> tome v @? = Snoozed CO E> Sent Hi, D Drafts We detected a configuration mismatch in your account security settir | Purchases 25 Please review the simulated security alert at the link below: ??More Test Confirmation Link (non-functional): https://example.net/security- If you didn?? make any recent changes, please ignore this message < Labels + Regards, Security Operations (Simulation)",1,0.8376237623762377
2025-11-29T13:59:47.219751,snapshot,0,0,Snipping Tool,,,,EG cman irate ratfafc E G A Phishing Alert _ Oy x om iThisyemailllookstsuspicious!) Be careful before clicking any links. Consider contacting IT or the sender.,0,0.008176100628930818
2025-11-29T13:59:50.263908,snapshot,0,0,Snipping Tool,,,,"nnenens : a! ? Ay Phishing Alert ??oO x = iThisyemailllookstsuspicious!) ee Ci] Be careful before clicking any links. Consider contacting IT or the sender. aftey outcantturniitofqinitherapp ee ? > > | | om ? ceirumetiay 0 koEscreentmonitor pyLORx? TANPROS) fekscreentmonitorpyz2ees Q ? a ?HR > va ay (pRint (@ScheenkmonLtonm(ULA+OCREM {> 5 RSET ISSEY 299 al sreeeamenasteong) ta Tphishing?model pki OOD | Gita steep Ga) ae 443) except; (Bfscreentmonitorfautovlabeled.csvy ama GATE ""SRATPAIH 00%) feAscreentmonitonlog.cov oS = Galle ee aoe on ieaeeaetinatil a7] mousewl1stenenEstop(\) _ _ ? Sacenaenttengy So ae except Ay SO cei mattigy 49) pass) aItrainingtdatarcsy 450) a5 fexceptgexceptiongasee 459) pgint (@Overlay/ini tenn on Meme) 454) PROBLEMS @)) [OUTPUT STERMINALS ??venv) EPSIG:\Usens \At ft at\ pro ject\ Ale Pro NALS PLO lPhishinegexactamat ch -msecuri tygalents G:\Users Af fafi\project\AlsProj \Aldero) \screen! ead) end) achattiled) Gap cereals An ? Gir wars edatetimesnow( datetime: UT",0,0.012700000000000001
2025-11-29T13:59:53.934847,snapshot,0,0,Snipping Tool,,,,"(em ? OCR ASN Ennienenssal ? Ay Phaahaig Alert 00x. 4 ypremmicolstay specounl oc Gi] 6c curcful before clickang any fn! Consadex contactang IT oc the sexidess outcanttumstofc New) (ey UW wie ? = OMScreentrecordingsjarejautomaticallyjsaved|toyyoursScreen|Recordings}folderamYoulcaniturntityorfinithelapp Gb Gh Giztm tay @ Om tated tp ???> / | mo ? tefumetiay 0 koEscreentmonitor pyLORx? WTANPROS) kekscreentmonitor pyzzees Q ? a ?tH > va ay (pRint (@ScheenkmonLtonm(ULA+OCREM {> 5 RSET ISSEY 299 al sreeeamenasteong) ta Tphishing?model pki OOD | Gita steep Ga) ae 443) except; (Bfscreentmonitorfautovlabeled.csvy ama GATE ""SRATPAIH 00%) feAscreentmonitonlog.cov oS = Galle ee aoe on ieaeeaetinatil a7] mousewl1stenenEstop(\) __ _ ? sseemumantiery oe except Ay SO cei mattigy 49) pass) aItrainingtdatarcsy 450) a5 fexceptgexceptiongasee 459) print (wOverlay/A ni teen non meme) 454) PROBLEMS) MROUICUT TERMINALS ??venv) EPSIG:\Usens \At ft at\ pro ject\ Ale Pro NALS PLO lPhishinegexactamat ch -msecuri",0,0.013200000000000002
2025-11-29T13:59:56.996036,snapshot,0,0,Save As,,,,"OCR Ferg OCR ASN Ennien cnisad ? Ay Phichig Atert 00: fy | pecounl ? Gceurcful before cickang any fn??| SIE coptactang IT oc the sandex< outcanttumutofc New), ? > v ?P | CO eeAMOR@) ? SamasS o GD o Vv @ | | secre (Organize mmm New folder 9 | Oa ? (Ll Tie 6 | 222218 Pam e=Jlocall Disk) Civics En Ofrecording > etesiene | PRCA Networ Saverasitypes ara PaNicelcolers (merce XN - I i PROBLEMS @) MEROUIPUT TTERMINAL (Cam) FS CAWERAATEA ara TUE PRINT. PHS ead) end) achattiled) Gap cereals An ? Gir wars writenrwriterow(| datetimerutcnow())<isoformat (",0,0.019708029197080295
2025-11-29T14:00:00.198968,snapshot,0,0,,,,,"??Qe zaidex< outcanttumutoic New) ?> 7 @ PICO erAMOR@) Tito i U Uv v = OMScreentrecordingsjarejautomaticallyjsaved|toyyoursScreen|Recordings}folderamYoulcaniturntityorfinithelapp ?) Gb Gh Shain Ui @ Om tuted tp ? > / | mo ? tefumetiay 0 koEscreentmonitor pyLORx? ZANTPROS) hescreent monitor. pypaes Q ? a wR > wa ay (pRint (@ScheenkmonLtonm(ULA+OCREM F 438) NG Gooke @ {? ~ ~ ~ aD inootemainloop() @ Hebbel forte) _ &D a@igag al ??phishing?model pki OOD IMcimessleep (a) ae 443) except; (Bfscreentmonitorfautovlabeled.csvy ama GATE ""SRATPAIH 00%) ee an OF ome [MotenarAstp() _ _ O sacenmenitenay S ag except Ay SO cei mattigy 49) pass) aItrainingtdatarcsy 450) a5) fex ceptaexcept-lonwaswe 459) print (wOverlay/A ni teen non meme) 454) PROBLEMS @)) [OUTPUT STERMINALS ??venv) EPSIG:\Usens \At ft at\ pro ject\ Ale Pro NALS PLO lPhishinegexactamat ch -msecuri tygalents G:\Users Af fafi\project\AlsProj \Aldero) \screen! ead) end) achattiled) Gap cereals An ? Gir wars edatetimesnow( datetime: UTG) wr",0,0.013900000000000003
2025-11-29T14:00:03.172788,phishing_alert,0,0,Inbox (898) - affafahmadd@gmail.com - Gmail - Google Chrome,,,,"Inbox (898) - affafahmadd@gmail.com - Gmail - Google Chrome
8 || ? RmetewWeate 8 IRG) omen Bs Manohein/tesserac = CeAScreen trecord #9 sarepautormimncly yomed [Oy yOu sxocromn ecards gviokdleramYoulcansum tryorfnth eon 2 ???> CG B& weilougheontmlwoaito: = [4 Gmail Q_ Search mail ' | O-~ ?c i: | 2 Compose | ??_________??: Promotions Primar ??fd y S Hackviser ??36 Hours Left: 5? sInbox 898 yr Starred Oh x Google Security alert for 231349@s ? Snoozed OO) x Quora Digest My name is Marvi. | am from E> Seni ve an . iO +% SNSKIES via Linkedin Managed Network Security 1) ??rafts 4 Ol x e.statement Easypaisa Mobile Bundle Re f] Purchases 7 More Ol x Academia.edu Updated Terms of Use and | Ol x e.statement Money Transfer via Raast P: Labels Ol x Google Security alert for 231349@s Ol x e.statement Login Attempt Failed - Dear Ol x e.statement Money Transfer via Raast P: Ol x Google Security alert for 231349@s Ol x DARAZ Pakistan Delivery of your Order 2288 [1 * LinkedIn Vibe6 Diaital Human Resour",1,0.8677534677534678
2025-11-29T14:00:03.173222,snapshot,0,0,Inbox (898) - affafahmadd@gmail.com - Gmail - Google Chrome,,,,8 || ? RmetewWeate 8 IRG) omen Bs Manohein/tesserac = CeAScreen trecord #9 sarepautormimncly yomed [Oy yOu sxocromn ecards gviokdleramYoulcansum tryorfnth eon 2 ???> CG B& weilougheontmlwoaito: = [4 Gmail Q_ Search mail ' | O-~ ?c i: | 2 Compose | ??_________??: Promotions Primar ??fd y S Hackviser ??36 Hours Left: 5? sInbox 898 yr Starred Oh x Google Security alert for 231349@s ? Snoozed OO) x Quora Digest My name is Marvi. | am from E> Seni ve an . iO +% SNSKIES via Linkedin Managed Network Security 1) ??rafts 4 Ol x e.statement Easypaisa Mobile Bundle Re f] Purchases 7 More Ol x Academia.edu Updated Terms of Use and | Ol x e.statement Money Transfer via Raast P: Labels Ol x Google Security alert for 231349@s Ol x e.statement Login Attempt Failed - Dear Ol x e.statement Money Transfer via Raast P: Ol x Google Security alert for 231349@s Ol x DARAZ Pakistan Delivery of your Order 2288 [1 * LinkedIn Vibe6 Diaital Human Resour,1,0.8680054769511639
2025-11-29T14:00:05.761379,snapshot,0,0,ML phishing detection explanation - Google Chrome,,,,"ae 3 || (FR) CrofenAsstemment2 83 || @) BIBOKEAApAI-CosgloOm _ Ee rh S 4 F Q Phishing Alert ??Oo x ihistemailllookstsuspicious! Be careful before clicking any links. Consider contacting IT or the sender, iNewschat hae bhRr2/3??ihitb saci | Q Sexchdists . RANitmocelioscine Vibraty Mi gradistion (nommeliizs : WakeywordraMlsphishinglc Your Meuse [tener Milphishingidetectionfexplass CGRUDA arin aap Drojectiimprovement{plan) Wabeling}issueyexplanation) Part 2/3??L > ForensiciExamination}steps) Cybersecurity/projectideas} os Download|Githiub]Repo\winss & === POSS CEVECTIED (OIC clascatpiten fear Pugs dof is_enaiil_e Rien Reed lUMireportigenerationlovery?? iG mot tities UMImodelsiforreportigeneras retenrn lOGtablefgeneration) def monipllize_text_for_ik IMD Stmatchingland|Mitreranss te ee IR Re",1,0.44011471589890666
2025-11-29T14:00:08.323911,snapshot,0,0,ML phishing detection explanation - Google Chrome,,,,,0,0.0
2025-11-29T14:19:50.853423,snapshot,0,0,??screen_monitor.py - AI_Proj - Visual Studio Code,,,,"ae He Gk Sdisctiom View Go Rum Tani oelp CDi | x0 rekdatallabeling py all emmodelitraining py,o i \ZTAITPROJ) ReRcascreen?monitonpypae > wany 480 eeLmensLeep @l) Qo ? dxakiaiinggy Fi GQ excep iy SATTERELMLATFUES ? aoddlmahinggy 6 a2 prraKnie ""Seog ??? ce ?93 Leer ona a a: A =Zocramiemodel!pkl non Crys 3 Esphishingtdetectorjoblib 495 Imouseilustenenmstop() 53 =a phishing??odel!pkl 1.9.6) CEGADE 437 | Gass iscreensmonitorsautoslabeledicsy, ras sysseait@) a8 @& oe eS priak(ovarllayinin leap GAROPS? screensmonitoruiallog:csy, Son stata Tumiag?]) ? Fellse pa ? 6) Son aRyS BO) | qeuse_Miskenar. step) son excepts SOS ass) SOO SYSECX:Lt: 1) Soy FERMINA (ven) NBSEG:\Usens\AGian\ proj ect\A lapno) \Al@ any: Weiphtedgavel 1096) 1096) 10596) ContusionymatgLxs a & 4) Ne irra nodeMimmode mcavedktorocesmimmodeleni.ll",0,0.013407134071340712
2025-11-29T14:19:53.258479,snapshot,0,0,tk,,,,,0,0.0
2025-11-29T14:19:55.536710,phishing_alert,0,0,Confirm Your Account Security Settings - affafahmad79@gmail.com - Gmail - Google Chrome,,,,"Confirm Your Account Security Settings - affafahmad79@gmail.com - Gmail - Google Chrome
| [ee] Od Goi euracamtSsaniy 8&8 Pp en CMe: METail cooglecom/mail/u/0/zogbitinbox/EMfcqz@dzcp Nkrq) ByhBxzjwRMkIEGhS = [4 Gmail Q_ Search mail ' j < 8a ? owl @& : | 2 Compose | oO Confirm Your Account Security Settings sInbox 480 | xr Starred (2) Affaf Ahmad <affafahmadd@gmail.com> tome v @? = Snoozed CO E> Sent Hi, CD) Drafts We detected a configuration mismatch in your account security settir | Purchases 25 Please review the simulated security alert at the link below: ??More Test Confirmation Link (non-functional): https://example.net/security- If you didn?? make any recent changes, please ignore this message < Labels + Regards, Security Operations (Simulation)",1,0.837003576134011
2025-11-29T14:19:55.537200,snapshot,0,0,Confirm Your Account Security Settings - affafahmad79@gmail.com - Gmail - Google Chrome,,,,"| [ee] Od Goi euracamtSsaniy 8&8 Pp en CMe: METail cooglecom/mail/u/0/zogbitinbox/EMfcqz@dzcp Nkrq) ByhBxzjwRMkIEGhS = [4 Gmail Q_ Search mail ' j < 8a ? owl @& : | 2 Compose | oO Confirm Your Account Security Settings sInbox 480 | xr Starred (2) Affaf Ahmad <affafahmadd@gmail.com> tome v @? = Snoozed CO E> Sent Hi, CD) Drafts We detected a configuration mismatch in your account security settir | Purchases 25 Please review the simulated security alert at the link below: ??More Test Confirmation Link (non-functional): https://example.net/security- If you didn?? make any recent changes, please ignore this message < Labels + Regards, Security Operations (Simulation)",1,0.8369171811794763
2025-11-29T14:19:58.224395,snapshot,0,0,Inbox (480) - affafahmad79@gmail.com - Gmail - Google Chrome,,,,"- TBST sd ra aa Ce NS Bi sussoccacet mca npcmeats arpoes [oO nates | ercom/mail/U/0/2ogbl#inbox = [4 Gmail Q_ Search mail a 5 ? A Phishing Alert ??oO x | 2 Compose | {Inbox ~ | Be careful before clicking any links. Consider contacting IT or the sender, | Last chance: Sav yx Starred - ccount Securit ? Snoozed Ol x Affaf Ahmad Action Required to Validate Yc Sent > 0 + Affaf Ahmad URGENT: Password Reset R 1) Drafts Affaf Ahmad URGENT: Password Reset R (Purchases 25 UO * Y??More O) x Affaf Anmad URGENT: Password Reset Rec Ol x Affaf Ahmad URGENT: Password Reset Rec Labels fe Ol x Affaf Ahmad Alert: Unusual Transaction Att Ol x Affaf Ahmad IT Helpdesk: New Security Up: Ol vw Affaf Anmad Emergency Request for Flood Ol x Affaf Ahmad Congratulations! You Are Shor Ol x Affaf Ahmad New Invoice #4482 Due Imme [1 wH* Affaf Ahmad Alert: Unusual Transaction Att",1,0.47250956261433563
2025-11-29T14:20:00.708796,snapshot,0,0,Confirm Your Account Security Settings - affafahmad79@gmail.com - Gmail - Google Chrome,,,,"Ba [O nates escomymaly 20g bitinbox = Grad QUSerch mala 5 ?) Se (A Phahang Alert = 00x] 2Composa] inbox =| Be) en CMe: METail cooglecom/mail/u/0/zogbitinbox/EMfcqz@dzcp Nkrq) ByhBxzjwRMkIEGhS = [4 Gmail Q_ Search mail ' | ? ? ? B/S @ : | 2 Compose | To Confirm Your Account Security Settings sInbox 480 | xx Starred (2) Affaf Ahmad <affafahmadd@gmail.com> tome v @? = Snoozed CO E> Sent Hi, D Drafts We detected a configuration mismatch in your account security settir | Purchases 25 Please review the simulated security alert at the link below: ??More Test Confirmation Link (non-functional): https://example.net/security- If you didn?? make any recent changes, please ignore this message < Labels + Regards, Security Operations (Simulation)",1,0.8373315363881402
2025-11-29T14:20:02.947105,snapshot,0,0,Confirm Your Account Security Settings - affafahmad79@gmail.com - Gmail - Google Chrome,,,,"Sas ng a mo) manmgoogiercom/mail/u/O/cogbitinbox/EMicaz@dzcpNikrq/BYNBxzjwBMKIEGhS = [4 Gmail Q_ Search mail ' j < 8a ? owl @& : | 2 Compose | To Confirm Your Account Security Settings sInbox 480 | xx Starred (2) Affaf Ahmad <affafahmadd@gmail.com> Cy tomev @? = Snoozed E> Sent Hi, D Drafts We detected a configuration mismatch in your account security settir | Purchases 25 Please review the simulated security alert at the link below: ??More Test Confirmation Link (non-functional): https://example.net/security- If you didn?? make any recent changes, please ignore this message < Labels + Regards, Security Operations (Simulation)",1,0.8364578639026589
2025-11-29T14:20:05.230826,snapshot,0,0,Confirm Your Account Security Settings - affafahmad79@gmail.com - Gmail - Google Chrome,,,,"| 3 fatfafehnred 798 gimacome Graal = Googic Chroma) \ | ie Co fem Your Recount Secure Set ??rcom/mail/u/O/zogbl#inbox/EMfcgz@dzcpNkrg) BVhBxzjweMkIEGhS) = [4 Gmail Q_ Search mail ' j < 8a ? owl @& : | 2 Compose | To Confirm Your Account Security Settings sInbox 480 | xx Starred (2) Affaf Ahmad <affafahmadd@gmail.com> Cy tomev @? = Snoozed E> Sent Hi, D Drafts We detected a configuration mismatch in your account security settir | Purchases 25 Please review the simulated security alert at the link below: ??More Test Confirmation Link (non-functional): https://example.net/security- If you didn?? make any recent changes, please ignore this message < Labels + Regards, Security Operations (Simulation)",1,0.8362310030395137
2025-11-29T14:20:07.717871,snapshot,0,0,Confirm Your Account Security Settings - affafahmad79@gmail.com - Gmail - Google Chrome,,,,"fatfafehned 798 grmacome Graal = Googic Chroma) \ BE TOCR GOR) 13 fatlafchnted 798 gurimcome Grad = Coogi Chroma) \| Se ~~ ecom/mail/u/0/20gbi#inbox/EMicgz@dzcpNkrgJBvhBxzjweMkIEGhS = [4 Gmail Q_ Search mail ' j < 8a ? owl @& : | 2 Compose | To Confirm Your Account Security Settings sInbox 480 | xx Starred (2) Affaf Ahmad <affafahmadd@gmail.com> Cy tomev @? = Snoozed E> Sent Hi, D Drafts We detected a configuration mismatch in your account security settir | Purchases 25 Please review the simulated security alert at the link below: ??More Test Confirmation Link (non-functional): https://example.net/security- If you didn?? make any recent changes, please ignore this message < Labels + Regards, Security Operations (Simulation)",1,0.8368933931007602
2025-11-29T14:20:10.126340,snapshot,0,0,Confirm Your Account Security Settings - affafahmad79@gmail.com - Gmail - Google Chrome,,,,"| four Account: my Settetg??iy 93 , Ct fatfatehned 790 gimacome Graal = Googie Chroma) 7 ??enettayinastopiasuae 7 mamgoogie.com/mail/U/0/2ogbl#inbox/EMfcgz@dzcpNkrgJBvhBxzijweMkKIEGhS = [4 Gmail Q_ Search mail ' j < 8a ? owl @& : | 2 Compose | To Confirm Your Account Security Settings sInbox 480 | xx Starred (2) Affaf Ahmad <affafahmadd@gmail.com> Cy tomev @? = Snoozed E> Sent Hi, D Drafts We detected a configuration mismatch in your account security settir | Purchases 25 Please review the simulated security alert at the link below: ??More Test Confirmation Link (non-functional): https://example.net/security- If you didn?? make any recent changes, please ignore this message < Labels + Regards, Security Operations (Simulation)",1,0.8357823129251701
2025-11-29T14:20:12.556112,phishing_alert,0,0,Confirm Your Account Security Settings - affafahmad79@gmail.com - Gmail - Google Chrome,,,,"Confirm Your Account Security Settings - affafahmad79@gmail.com - Gmail - Google Chrome
| Ber SURED: 9 93 , db - SST ee a ee Neristfchneg 72) Nn SY nen Cates ~ Fcom/mail/u/O/2ogbl#inbox/EMicgz@dzcpNkrgJBvhBxzjweMkIEGhS = [4 Gmail Q_ Search mail ' j < 8a ? owl @& : | 2 Compose | To Confirm Your Account Security Settings sInbox 480 | xx Starred (2) Affaf Ahmad <affafahmadd@gmail.com> Cy tomev @? = Snoozed E> Sent Hi, D Drafts We detected a configuration mismatch in your account security settir | Purchases 25 Please review the simulated security alert at the link below: ??More Test Confirmation Link (non-functional): https://example.net/security- If you didn?? make any recent changes, please ignore this message < Labels + Regards, Security Operations (Simulation)",1,0.8375324675324676
2025-11-29T14:20:12.556551,snapshot,0,0,Confirm Your Account Security Settings - affafahmad79@gmail.com - Gmail - Google Chrome,,,,"| Ber SURED: 9 93 , db - SST ee a ee Neristfchneg 72) Nn SY nen Cates ~ Fcom/mail/u/O/2ogbl#inbox/EMicgz@dzcpNkrgJBvhBxzjweMkIEGhS = [4 Gmail Q_ Search mail ' j < 8a ? owl @& : | 2 Compose | To Confirm Your Account Security Settings sInbox 480 | xx Starred (2) Affaf Ahmad <affafahmadd@gmail.com> Cy tomev @? = Snoozed E> Sent Hi, D Drafts We detected a configuration mismatch in your account security settir | Purchases 25 Please review the simulated security alert at the link below: ??More Test Confirmation Link (non-functional): https://example.net/security- If you didn?? make any recent changes, please ignore this message < Labels + Regards, Security Operations (Simulation)",1,0.8375157100963553
2025-11-29T14:20:15.275846,snapshot,0,0,Confirm Your Account Security Settings - affafahmad79@gmail.com - Gmail - Google Chrome,,,,"fatfafehnred 798 grmalcome Graal + Googie Chroma) \ BITOCR EIR) | Cex SURIO=9 S39 COU SST cea ca Nerntichnieg 72) Nr SYg OS , poor O2og bitin bos Oieg? @ ze Ning IG wh Sayed REGS = SCcKHD rcom/mail/u/O/zogbl#inbox/EMfcgz@dzcpNkrg) BVhBxzjweMkIEGhS) = [4 Gmail Q_ Search mail ' ; +. u | a : | @ Compose | 9 & Phishing Alert - a x inbox Mhisfemail[looks{suspicious! ettings nbox ~~ 1 Be careful before clicking any links. Consider contacting IT or the sender, xx Starred @? = Snoozed E> Sent Hi, Dd Drafts We detected a configuration mismatch in your account security settir (*) +Purchases 25 Please review the simulated security alert at the link below: v??More Test Confirmation Link (non-functional): https://example.net/security- If you didn?? make any recent changes, please ignore this message < Labels + Regards, Security Operations (Simulation)",1,0.8390420168067227
2025-11-29T14:20:17.496113,snapshot,0,0,Confirm Your Account Security Settings - affafahmad79@gmail.com - Gmail - Google Chrome,,,,"=2==S5,, _p* ? | : Y iia Dor Oseg? @ ce hana ahr Soned Bit a Eommrriai'googiecom/mail/u/0/zogbitinbox/EMifcaz@dzcpNkrq) BYHBxzjwEMKIEGhS = [4 Gmail Q. Search mail ' j < 8a ? owl @& : | 2 Compose | To Confirm Your Account Security Settings sInbox 480 | xx Starred (2) Affaf Ahmad <affafahmadd@gmail.com> Cy tomev @? = Snoozed E> Sent Hi, D Drafts We detected a configuration mismatch in your account security settir | Purchases 25 Please review the simulated security alert at the link below: ??More Test Confirmation Link (non-functional): https://example.net/security- If you didn?? make any recent changes, please ignore this message < Labels + Regards, Security Operations (Simulation)",1,0.8365656146179402
2025-11-29T14:20:20.464689,snapshot,0,0,Inbox (480) - affafahmad79@gmail.com - Gmail - Google Chrome,,,,"S=S5_ be eS - PLR SOE LOIOS POC TIED Nn PE oniecocstrcuceraayenomted 7 =ommmall:googie.com/mail/u/0/zogbl#inbox/EMfcgz@dzcpNkrgiivVZOpdWmbsllblExb, = [4 Gmail Q_ Search mail ' | O- ci: | 2 Compose | ! Gs Primary S Promotions Inbox 480 ? Apple TV ??Last chance: Sav yr Starred Ol x Affaf Ahmad Confirm Your Account Securit ?? Snoozed 0 x Affaf Anmad Action Required to Validate Yc E> Sent Ol x Affaf Ahmad URGENT: Password Reset R 1) Drafts = _O,JH_.A aH a ???????.????Affaf Ahmad URGENT: Password Reset R (Purchases 25 UO * More Ol x Affaf Ahmad URGENT: Password Reset Rec Ol vw Affaf Anmad URGENT: Password Reset Rec Labels fe Ol vw Affaf Anmad Alert: Unusual Transaction Att Ol x Affaf Ahmad IT Helpdesk: New Security Up: Ol vw Affaf Anmad Emergency Request for Flood Ol vw Affaf Anmad Congratulations! You Are Shor Ol x Affaf Ahmad New Invoice #4482 Due Imme [1 wH* Affaf Ahmad Alert: Unusual Transaction Att",1,0.4752548220166223
2025-11-29T14:20:22.805172,snapshot,0,0,Action Required to Validate Your Account - affafahmad79@gmail.com - Gmail - Google Chrome,,,,"OCRERR) S2S5% be SEPLN SOE LOIS POG.TID Nn PE) j BE Pecrrerers piaees nie aoe RTO cphiogan SS =ommmall:googiecom/mail/u/0/zogbl#inbox/EMfcgz@dzcpNkrgiivVZOpdWmbsllblEixb, = [4 Gmail Q. Search mail ' j < 8a ? owl @& : | 2 Compose | TO Action Required to Validate Your Accour sInbox 480 | xx Starred (2) Affaf Ahmad <affafahmadd@gmail.com> Cy tomev @? = Snoozed E> Sent Hello, CD) Drafts Our system detected unusual sign-in activity on your account. As a fF | Purchases 25 To continue using your account normally, please complete the verific ??More Test Verification Link (non-functional): https://example.com/verify-ses If you did not attempt to sign in, this may indicate an automated syst Labels + Thank you, Account Security Team (Simulation)",1,0.43986175115207377
2025-11-29T14:20:25.107625,snapshot,0,0,Action Required to Validate Your Account - affafahmad79@gmail.com - Gmail - Google Chrome,,,,"ee eS Soca Sean ee e(ttens) and ~com/ymail/u/O/2ogbl#inbox/EMfcgz@dzcpNkrghivVZ@odWmbsliblxd, = [4 Gmail Q_ Search mail ' j < 8a ? owl @& : | 2 Compose | TO Action Required to Validate Your Accour sInbox 480 | xx Starred (2) Affaf Ahmad <affafahmadd@gmail.com> Cy tomev @? = Snoozed E> Sent Hello, Ci Drafts Our system detected unusual sign-in activity on your account. As a fF (*) +Purchases 25 To continue using your account normally, please complete the verific v??More Test Verification Link (non-functional): https://example.com/verify-ses If you did not attempt to sign in, this may indicate an automated syst Labels + Thank you, Account Security Team (Simulation)",1,0.4357356076759062
2025-11-29T14:20:27.325033,snapshot,0,0,Action Required to Validate Your Account - affafahmad79@gmail.com - Gmail - Google Chrome,,,,"| Sa ee bh 8 Baqused (Vee arn Fcom/mail/u/O/2ogbl#inbox/EMfcgz@dzcoNkrghivVZ@pdWmbsllblExb, = [4 Gmail Q_ Search mail | 2 compose | < 8 ? ule wi: TO Action Required to Validate Your Accour sInbox 480 | yr Starred (2) Affaf Ahmad <affafahmadd@gmail.com> Cy tomev @? = Snoozed E> Sent Hello, Ci Drafts Our system detected unusual sign-in activity on your account. As a fF (*) +Purchases 25 To continue using your account normally, please complete the verific v??More Test Verification Link (non-functional): https://example.com/verify-ses If you did not attempt to sign in, this may indicate an automated syst Labels + Thank you, Account Security Team (Simulation)",1,0.43597324126025033
2025-11-29T14:20:29.927481,snapshot,0,0,Action Required to Validate Your Account - affafahmad79@gmail.com - Gmail - Google Chrome,,,,"| z+ fatfafehed79@ gimalcome Gram + Googie Chroma) \ BETOCRGSS):] See bh 8 Goqueed (Vee zen) - ON eae enews ??rcom/mail/u/0/20gbi#inbox/EMicgz@dzcpNkrgHivVZ@ndWmbslbUixD = [4 Gmail Q. Search mail ' j < 8a ? owl @& : | 2 Compose | TO Action Required to Validate Your Accour sInbox 480 | xx Starred (2) Affaf Ahmad <affafahmadd@gmail.com> Cy tomev @? = Snoozed E> Sent Hello, CD) Drafts Our system detected unusual sign-in activity on your account. As a fF | Purchases 25 To continue using your account normally, please complete the verific ??More Test Verification Link (non-functional): https://example.com/verify-ses If you did not attempt to sign in, this may indicate an automated syst Labels + Thank you, Account Security Team (Simulation)",1,0.43731974620265335
2025-11-29T14:20:32.207813,snapshot,0,0,Action Required to Validate Your Account - affafahmad79@gmail.com - Gmail - Google Chrome,,,,"| pe atfafahiried 79 @ qireul.com, Gres 5 Goog te Chrornee K one SMP??con mail/0/0/g0gb\tinbox/EMiicgz@dzcoNkrghivVZOpdWmbsl Dlx, = [4 Gmail Q_ Search mail ' j < 8a ? owl @& : | 2 Compose | TO Action Required to Validate Your Accour sInbox 480 | xx Starred (2) Affaf Ahmad <affafahmadd@gmail.com> Cy tomev @? = Snoozed E> Sent Hello, Ci Drafts Our system detected unusual sign-in activity on your account. As a fF (*) +Purchases 25 To continue using your account normally, please complete the verific v??More Test Verification Link (non-functional): https://example.com/verify-ses If you did not attempt to sign in, this may indicate an automated syst Labels + Thank you, Account Security Team (Simulation)",1,0.4360785107244031
2025-11-29T14:20:34.787406,snapshot,0,0,Action Required to Validate Your Account - affafahmad79@gmail.com - Gmail - Google Chrome,,,,"ol ??s fatfafehied79@ gimilcome Grail + Googie Chroma) \ - CERES EO DEE SEO 4 OS pcom/mail/u/O/2ogblzinbox/EMfcgz@dzcpNkrgiivvZ@pdWmbsllbUxD, = [4 Gmail Q_ Search mail ' j < 8a ? owl @& : | 2 Compose | TO Action Required to Validate Your Accour sInbox 480 | yr Starred (2) Affaf Ahmad <affafahmadd@gmail.com> Cy tomev @? = Snoozed E> Sent Hello, Ci Drafts Our system detected unusual sign-in activity on your account. As a fF (*) +Purchases 25 To continue using your account normally, please complete the verific v??More Test Verification Link (non-functional): https://example.com/verify-ses If you did not attempt to sign in, this may indicate an automated syst Labels + Thank you, Account Security Team (Simulation)",1,0.43748507759649824
2025-11-29T14:20:37.324401,snapshot,0,0,Action Required to Validate Your Account - affafahmad79@gmail.com - Gmail - Google Chrome,,,,"fatfafehied79@ gimmalcome Grail 5 Googie Chroma) \ BITOCRIO% F olfos fatfafchied79 8 gamaicome Grails Googe Chroma) (a ON OeNEE TALES HOO ~~ acom/mail/u/0/20gbi#inbox/EMicgz@dzcpNkrgHivVZQnodWmbsllbUixD = [4 Gmail Q_ Search mail ' j < 8a ? owl @& : | 2 Compose | TO Action Required to Validate Your Accour sInbox 480 | xx Starred (2) Affaf Ahmad <affafahmadd@gmail.com> Cy tomev @? = Snoozed E> Sent Hello, Ci Drafts Our system detected unusual sign-in activity on your account. As a fF (*) +Purchases 25 To continue using your account normally, please complete the verific v??More Test Verification Link (non-functional): https://example.com/verify-ses If you did not attempt to sign in, this may indicate an automated syst Labels + Thank you, Account Security Team (Simulation)",1,0.4384558958371539
2025-11-29T14:20:39.704408,snapshot,0,0,Action Required to Validate Your Account - affafahmad79@gmail.com - Gmail - Google Chrome,,,,"??S=aesae=as a 8} Scone Btn bon (Ov: @ ph pcom/mail/u/O/2ogblzinbox/EMfcgz@dzcpNkrgiivvZ@pdWmbsllbUxD, = [4 Gmail Q. Search mail ' j < 8a ? owl @& : | 2 Compose | TO Action Required to Validate Your Accour sInbox 480 | xx Starred (2) Affaf Ahmad <affafahmadd@gmail.com> Cy tomev @? = Snoozed E> Sent Hello, CD) Drafts Our system detected unusual sign-in activity on your account. As a fF | Purchases 25 To continue using your account normally, please complete the verific ??More Test Verification Link (non-functional): https://example.com/verify-ses If you did not attempt to sign in, this may indicate an automated syst Labels + Thank you, Account Security Team (Simulation)",1,0.43611580726965343
2025-11-29T14:20:42.174887,snapshot,0,0,Action Required to Validate Your Account - affafahmad79@gmail.com - Gmail - Google Chrome,,,,"=eee. Pe ? fatfafehied79@ gmmalcome Grails Googie Chroma) . -| Cae Sorin Ss a 8} Scone Bin bon (Ov: @ ph) Se Bes arn acom/mail/u/0/20gbi#inbox/EMicgz@dzcpNkrgHivVZQnodWmbsllbUixD = [4 Gmail Q. Search mail ' j < 8a ? owl @& : | 2 Compose | TO Action Required to Validate Your Accour sInbox 480 | xx Starred (2) Affaf Ahmad <affafahmadd@gmail.com> Cy tomev @? = Snoozed E> Sent Hello, Ci Drafts Our system detected unusual sign-in activity on your account. As a fF (*) +Purchases 25 To continue using your account normally, please complete the verific v??More Test Verification Link (non-functional): https://example.com/verify-ses If you did not attempt to sign in, this may indicate an automated syst Labels + Thank you, Account Security Team (Simulation)",1,0.43651844843897825
2025-11-29T14:20:44.835253,snapshot,0,0,Action Required to Validate Your Account - affafahmad79@gmail.com - Gmail - Google Chrome,,,,"| |e ane od tovssisie Your ccount ~m 8 fatfafahned79@ gmmilcome Gram ? Googie Chroma) \ MITOCRITIS econ, fe ? fattsichand 90 qrereacomnes Grads Googe Se | BOS) _ com/mail/u/0/2 og bi#inbox/EMicgz@dzcpNkrgivVZQndWmbsllbUixD = [4 Gmail Q_ Search mail ' j < 8a ? owl @& : | 2 Compose | TO Action Required to Validate Your Accour sInbox 480 | xx Starred (2) Affaf Ahmad <affafahmadd@gmail.com> Cy tomev @? = Snoozed E> Sent Hello, CD) Drafts Our system detected unusual sign-in activity on your account. As a fF | Purchases 25 To continue using your account normally, please complete the verific ??More Test Verification Link (non-functional): https://example.com/verify-ses If you did not attempt to sign in, this may indicate an automated syst Labels + Thank you, Account Security Team (Simulation)",1,0.4371141421392678
2025-11-29T14:20:47.130103,snapshot,0,0,Action Required to Validate Your Account - affafahmad79@gmail.com - Gmail - Google Chrome,,,,"aes lft fatfafehed79@ gimilcome Gram + Googie Chroma) \ 3 imme |e""com/mail/u/0/zogbl#inbox/EMicgz@dzcpNkrgiivVZ@pdWmbslbllaixb = [4 Gmail Q. Search mail ' j < 8a ? owl @& : | 2 Compose | TO Action Required to Validate Your Accour sInbox 480 | xx Starred (2) Affaf Ahmad <affafahmadd@gmail.com> Cy tomev @? = Snoozed E> Sent Hello, CD) Drafts Our system detected unusual sign-in activity on your account. As a fF | Purchases 25 To continue using your account normally, please complete the verific ??More Test Verification Link (non-functional): https://example.com/verify-ses If you did not attempt to sign in, this may indicate an automated syst Labels + Thank you, Account Security Team (Simulation)",1,0.43542857142857144
2025-11-29T14:20:48.985517,snapshot,0,0,Action Required to Validate Your Account - affafahmad79@gmail.com - Gmail - Google Chrome,,,,"Ee! ??s fatfaf ahed 79 @ grea come Gers e Google Chrome \ - SEES eee OS Suomaenanee atonal Fcom/mail/u/O/cogbitinbox/EMicgz@dzcpNkrghivVZ@pdWmbsllbltix? = [4 Gmail Q_ Search mail ' j < 8a ? owl @& : | 2 Compose | TO Action Required to Validate Your Accour sInbox 480 | xx Starred (2) Affaf Ahmad <affafahmadd@gmail.com> Cy tomev @? = Snoozed E> Sent Hello, Ci Drafts Our system detected unusual sign-in activity on your account. As a fF (*) +Purchases 25 To continue using your account normally, please complete the verific v??More Test Verification Link (non-functional): https://example.com/verify-ses If you did not attempt to sign in, this may indicate an automated syst Labels + Thank you, Account Security Team (Simulation)",1,0.43639035861258085
2025-11-29T14:20:51.464495,snapshot,0,0,tk,,,,"CES. a fatfafhed79@ gimicome Gram + Googie Chroma) fo cra Cleese ~~ com/mail/u/0/2 og bi#inbox/EMicgz@dzcpNkrgivVZQndWmbsllbUixD = [4 Gmail Q_ Search mail ' j < 8a ? owl @& : | 2 Compose | TO Action Required to Validate Your Accour sInbox 480 | xx Starred (2) Affaf Ahmad <affafahmadd@gmail.com> Cy tomev @? = Snoozed E> Sent Hello, Ci Drafts Our system detected unusual sign-in activity on your account. As a fF (*) +Purchases 25 To continue using your account normally, please complete the verific v??More Test Verification Link (non-functional): https://example.com/verify-ses If you did not attempt to sign in, this may indicate an automated syst Labels + Thank you, Account Security Team (Simulation)",1,0.43623100303951373
2025-11-29T14:20:54.006218,snapshot,0,0,Inbox (480) - affafahmad79@gmail.com - Gmail - Google Chrome,,,,"| GS By 8 ??mamallgoogiecom/mail/u/0/2ogbl#inboxt = [4 Gmail Q_ Search mail ' | O-~ ?c i: | 2 Compose | Ee F Promotions Pp te AA, [Inbox 480 ? i rimary S Apple TV ??Last chance: Sav vy Starred CO x Affaf Anmad Confirm Your Account Securit: ? Snoozed 0 x Affaf Anmad Action Required to Validate Yc E> Sent Ol x Affaf Ahmad URGENT: Password Reset R C1 Drafts aa Purch 95 Ol x Affaf Ahmad URGENT: Password Reset R urchases Y??More O) x Affaf Anmad URGENT: Password Reset Rec Ol x Affaf Ahmad URGENT: Password Reset Rec Labels fe Ol x Affaf Ahmad Alert: Unusual Transaction Att Ol x Affaf Ahmad IT Helpdesk: New Security Up: Ol vw Affaf Anmad Emergency Request for Flood Ol x Affaf Ahmad Congratulations! You Are Shor Ol x Affaf Ahmad New Invoice #4482 Due Imme [1 wH* Affaf Ahmad Alert: Unusual Transaction Att",1,0.4739953974154718
2025-11-29T14:20:56.538655,snapshot,0,0,Action Required to Validate Your Account - affafahmad79@gmail.com - Gmail - Google Chrome,,,,"OCRITINT: 1 GS By 8 orresriiig cogmcory remy 20g biter baxter 7 |S aeoteeeeS e I en CMe: Mail googlecom/mail/u/0/70gbitinbox/EMicgz@dzcpNkrahivVZOpdWmbsllblEx = [4 Gmail Q_ Search mail ' j < a ? wl @ i: | 2 Compose | TO Action Required to Validate Your Accour sInbox 480 | xr Starred (2) Affaf Ahmad <affafahmadd@gmail.com> Cy tomev @? = Snoozed E> Sent Hello, D Drafts Our system detected unusual sign-in activity on your account. As a Ff Purchases 25 To continue using your account normally, please complete the verific ??More Test Verification Link (non-functional): https://example.com/verify-se: If you did not attempt to sign in, this may indicate an automated syst Labels + Thank you, Account Security Team (Simulation)",1,0.43724911452184184
2025-11-29T14:20:58.838081,snapshot,0,0,Action Required to Validate Your Account - affafahmad79@gmail.com - Gmail - Google Chrome,,,,"fatfaf ahed 79 @ grea comes Gers ? Google Chrome \ ese eeecair ercoerecemmemrecenmea Geaataes a com/mail/u/0/2 og bi#inbox/EMicgz@dzcpNkrgivVZQndWmbsllbUixD = [4 Gmail Q. Search mail ' j < 8a ? owl @& : | 2 Compose | TO Action Required to Validate Your Accour sInbox 480 | xx Starred (2) Affaf Ahmad <affafahmadd@gmail.com> Cy tomev @? = Snoozed E> Sent Hello, Ci Drafts Our system detected unusual sign-in activity on your account. As a fF (*) +Purchases 25 To continue using your account normally, please complete the verific v??More Test Verification Link (non-functional): https://example.com/verify-ses If you did not attempt to sign in, this may indicate an automated syst Labels + Thank you, Account Security Team (Simulation)",1,0.4355291366205418
2025-11-29T14:21:01.359293,snapshot,0,0,Action Required to Validate Your Account - affafahmad79@gmail.com - Gmail - Google Chrome,,,,"Saas il eS - CREE TAOS IOTES rae Nn = ??= lercom/mail/u/0/20gbl#inbox/EMicgz@dzcpNkrgiivVZQodWmbsllbUaxD = [4 Gmail Q. Search mail ' j < 8a ? owl @& : | 2 Compose | TO Action Required to Validate Your Accour sInbox 480 | xx Starred (2) Affaf Ahmad <affafahmadd@gmail.com> Cy tomev @? = Snoozed E> Sent Hello, CD) Drafts Our system detected unusual sign-in activity on your account. As a fF | Purchases 25 To continue using your account normally, please complete the verific ??More Test Verification Link (non-functional): https://example.com/verify-ses If you did not attempt to sign in, this may indicate an automated syst Labels + Thank you, Account Security Team (Simulation)",1,0.4380109565950274
2025-11-29T14:21:03.915548,snapshot,0,0,Action Required to Validate Your Account - affafahmad79@gmail.com - Gmail - Google Chrome,,,,"fatfafehed79@ gimilconie Grails Googia Chroma) \ PT OCR 72%). Sscas ot eS E CREE TAOS ROTES rac Nit cay PN eee pes an rcom/mail/u/0/20gbi#inbox/EMicgz@dzcpNkrgHivVZ@ndWmbslbUixD = [4 Gmail Q. Search mail ' j < 8a ? owl @& : | 2 Compose | TO Action Required to Validate Your Accour sInbox 480 | xx Starred (2) Affaf Ahmad <affafahmadd@gmail.com> Cy tomev @? = Snoozed E> Sent Hello, Ci Drafts Our system detected unusual sign-in activity on your account. As a fF (*) +Purchases 25 To continue using your account normally, please complete the verific v??More Test Verification Link (non-functional): https://example.com/verify-ses If you did not attempt to sign in, this may indicate an automated syst Labels + Thank you, Account Security Team (Simulation)",1,0.43838575217885567
2025-11-29T14:21:06.518495,snapshot,0,0,Action Required to Validate Your Account - affafahmad79@gmail.com - Gmail - Google Chrome,,,,"= pe 88 dp - Car NEY Pree aC OEE OCR) NN Ses eer Oe acom/mail/u/0/20gbi#inbox/EMicgz@dzcpNkrgHivVZQnodWmbsllbUixD = [4 Gmail Q. Search mail ' j < 8a ? owl @& : | 2 Compose | TO Action Required to Validate Your Accour sInbox 480 | xx Starred (2) Affaf Ahmad <affafahmadd@gmail.com> Cy tomev @? = Snoozed E> Sent Hello, Ci Drafts Our system detected unusual sign-in activity on your account. As a fF (*) +Purchases 25 To continue using your account normally, please complete the verific v??More Test Verification Link (non-functional): https://example.com/verify-ses If you did not attempt to sign in, this may indicate an automated syst Labels + Thank you, Account Security Team (Simulation)",1,0.4378467908902692
2025-11-29T14:21:09.186749,snapshot,0,0,Action Required to Validate Your Account - affafahmad79@gmail.com - Gmail - Google Chrome,,,,"| 6 Cate oo fovedata Your nccoune ~m 8 fatfafehned79@ gmmalcome Gram + Googia Chroma) \ me TOCR pe 88 dp) Car NEY Prog oC COE OCR) NN Ses or Oc) ON [Sateen paocen ene 7 om mall:googie.com/mail/u/0/zogbl#inbox/EMfcgz@dzcpNkrgiivVZOpdWmbsllblEixb, = [4 Gmail Q. Search mail ' j < 8a ? owl @& : | 2 Compose | TO Action Required to Validate Your Accour sInbox 480 | xx Starred (2) Affaf Ahmad <affafahmadd@gmail.com> Cy tomev @? = Snoozed E> Sent Hello, CD) Drafts Our system detected unusual sign-in activity on your account. As a fF | Purchases 25 To continue using your account normally, please complete the verific ??More Test Verification Link (non-functional): https://example.com/verify-ses If you did not attempt to sign in, this may indicate an automated syst Labels + Thank you, Account Security Team (Simulation)",1,0.4377289377289378
2025-11-29T14:21:11.801397,snapshot,0,0,Action Required to Validate Your Account - affafahmad79@gmail.com - Gmail - Google Chrome,,,,"fatfafehired79@ gmmalcome Gram 5 Googie Chroma \ BIT OCREGS): | 6 Cate co foredata Your nccoune<m 8 fatfafchned79@) ON Bi keecoc const ter colons eaeee oa 7 =ommMall:googie.com/mail/u/0/zogbl#inbox/EMfcgz@dzcpNkrgiivVZOpdWmbsllbIlEixb, = [4 Gmail Q. Search mail ' j < 8a ? owl @& : | 2 Compose | TO Action Required to Validate Your Accour sInbox 480 | xx Starred (2) Affaf Ahmad <affafahmadd@gmail.com> Cy tomev @? = Snoozed E> Sent Hello, CD) Drafts Our system detected unusual sign-in activity on your account. As a fF | Purchases 25 To continue using your account normally, please complete the verific ??More Test Verification Link (non-functional): https://example.com/verify-ses If you did not attempt to sign in, this may indicate an automated syst Labels + Thank you, Account Security Team (Simulation)",1,0.4367296485961505
2025-11-29T14:21:14.446958,phishing_alert,0,0,Inbox (480) - affafahmad79@gmail.com - Gmail - Google Chrome,,,,"Inbox (480) - affafahmad79@gmail.com - Gmail - Google Chrome
Ses, ps ? MTORR ORS Titisichred TOO anmrtdcoms Com S Ganges Chroma??1) Nn eee 7 =ommmall:googie.com/mail/u/0/2ogbl#inbox/EMfcgz@dzcpNkrgJBvhBxzjweMkKIEGhS = [4 Gmail Q_ Search mail ' j < 8a ? owl @& : | 2 Compose | To Confirm Your Account Security Settings sInbox 480 | xx Starred (2) Affaf Ahmad <affafahmadd@gmail.com> Cy tomev @? = Snoozed E> Sent Hi, D Drafts We detected a configuration mismatch in your account security settir | Purchases 25 Please review the simulated security alert at the link below: ??More Test Confirmation Link (non-functional): https://example.net/security- If you didn?? make any recent changes, please ignore this message < Labels + Regards, Security Operations (Simulation)",1,0.8374371391320544
2025-11-29T14:21:14.447384,snapshot,0,0,Inbox (480) - affafahmad79@gmail.com - Gmail - Google Chrome,,,,"Ses, ps ? MTORR ORS Titisichred TOO anmrtdcoms Com S Ganges Chroma??1) Nn eee 7 =ommmall:googie.com/mail/u/0/2ogbl#inbox/EMfcgz@dzcpNkrgJBvhBxzjweMkKIEGhS = [4 Gmail Q_ Search mail ' j < 8a ? owl @& : | 2 Compose | To Confirm Your Account Security Settings sInbox 480 | xx Starred (2) Affaf Ahmad <affafahmadd@gmail.com> Cy tomev @? = Snoozed E> Sent Hi, D Drafts We detected a configuration mismatch in your account security settir | Purchases 25 Please review the simulated security alert at the link below: ??More Test Confirmation Link (non-functional): https://example.net/security- If you didn?? make any recent changes, please ignore this message < Labels + Regards, Security Operations (Simulation)",1,0.8376365843787941
2025-11-29T14:21:16.701912,snapshot,0,0,Confirm Your Account Security Settings - affafahmad79@gmail.com - Gmail - Google Chrome,,,,"| ? Sa Gem emeepamm | so dp -|S4 ? A Phishing Alert ??oO x KrquBYnBxzjwRMEIEGnS iThisyemailllookstsuspicious!) | Be careful before clicking any links. Consider contacting IT or the sender, | ? @? ? B.S @ : | @ Compose ??ae Confirm Your Account Security Settings sInbox 480 | yx Starred (2) Affaf Ahmad <affafahmadd@gmail.com> Cy tomev @? = Snoozed E> Sent Hi, D Drafts We detected a configuration mismatch in your account security settir | Purchases 25 Please review the simulated security alert at the link below: ??More Test Confirmation Link (non-functional): https://example.net/security- If you didn?? make any recent changes, please ignore this message < Labels + Regards, Security Operations (Simulation)",1,0.8363070122563794
2025-11-29T14:21:18.950050,snapshot,0,0,Confirm Your Account Security Settings - affafahmad79@gmail.com - Gmail - Google Chrome,,,,"| |e San OTS ASOT SET by $3 db -|4 J A Phishing Alert ??oO x KrquBYnBxzjwRMEIEGnS iThisyemailllookstsuspicious!) | Be careful before clicking any links. Consider contacting IT or the sender, | ? 868 ? @,.@ Bi: | @ Compose ??ae Confirm Your Account Security Settings sInbox 480 | xx Starred (2) Affaf Ahmad <affafahmadd@gmail.com> Cy tomev @? = Snoozed E> Sent Hi, D Drafts We detected a configuration mismatch in your account security settir | Purchases 25 Please review the simulated security alert at the link below: ??More Test Confirmation Link (non-functional): https://example.net/security- If you didn?? make any recent changes, please ignore this message < Labels + Regards, Security Operations (Simulation)",1,0.8373826173826174
2025-11-29T14:21:22.114476,snapshot,0,0,Confirm Your Account Security Settings - affafahmad79@gmail.com - Gmail - Google Chrome,,,,"| Tae Sateen SS : (ti $3 Kia . _ coma eee Hat Gare acon) Seria - a KO lore chiang any nn Const eg Conractng Vor a : P Se aq amanigoogiexcom/mail/a/O/ogbl#inbox/EMtcaz@dzcpNikrq/ BYnBxz WPEMKIEGHS RUDI Sec AL OO KSISt IS COL | ; = Berea any links. Coreyler Salacting IT ar the sender. ' ? 8 ? ow /|& @& : | 2 Compose | To Confirm Your Account Security Settings sInbox 480 | xx Starred (2) Affaf Ahmad <affafahmadd@gmail.com> Cy tomev @? = Snoozed E> Sent Hi, D Drafts We detected a configuration mismatch in your account security settir | Purchases 25 Please review the simulated security alert at the link below: ??More Test Confirmation Link (non-functional): https://example.net/security- If you didn?? make any recent changes, please ignore this message < Labels + Regards, Security Operations (Simulation)",1,0.8392018364824299
2025-11-29T14:21:25.145104,snapshot,0,0,Confirm Your Account Security Settings - affafahmad79@gmail.com - Gmail - Google Chrome,,,,"=| _ fatfafehied 798 qimacome Graal = Googie Chroma) \ aL OCRSI%}. I Toe Sateen SS 3 0 $3 Kas ee KO lore chasig any nn Const eq Conractng Vor as 8 Sea) 7 =ommMall:googie.com/mail/u/0/2ogbl#inbox/EMfcgz@dzcpNkrgJBvhBxzijweMkIEGhS = [4 Gmail Q_ Search mail ' j < 8a ? owl @& : | 2 Compose | To Confirm Your Account Security Settings sInbox 480 | xx Starred (2) Affaf Ahmad <affafahmadd@gmail.com> Cy tomev @? = Snoozed E> Sent Hi, D Drafts We detected a configuration mismatch in your account security settir | Purchases 25 Please review the simulated security alert at the link below: ??More Test Confirmation Link (non-functional): https://example.net/security- If you didn?? make any recent changes, please ignore this message < Labels + Regards, Security Operations (Simulation)",1,0.8371611721611723
2025-11-29T14:21:27.733507,snapshot,0,0,Confirm Your Account Security Settings - affafahmad79@gmail.com - Gmail - Google Chrome,,,,"| (OE AECOUTE SECUIRY STING SY ity] sg at eifafahmed79 0 gredcome Grill Googie CvOme gy . Ba OCR EAS 218 fatfafehaed 798 qammcome Graal z Googie Chron) \ ab} Se 7 mamgoogie.com/mail/U/0/Zogbl#inbox/EMfcgz@dzcpNkrgJBvhBxzijweMKIEGhS = [4 Gmail Q_ Search mail ' j < 8a ? owl @& : | 2 Compose | To Confirm Your Account Security Settings sInbox 480 | xx Starred (2) Affaf Ahmad <affafahmadd@gmail.com> Cy tomev @? = Snoozed E> Sent Hi, D Drafts We detected a configuration mismatch in your account security settir | Purchases 25 Please review the simulated security alert at the link below: ??More Test Confirmation Link (non-functional): https://example.net/security- If you didn?? make any recent changes, please ignore this message < Labels + Regards, Security Operations (Simulation)",1,0.8395548257617224
2025-11-29T14:21:30.896207,snapshot,0,0,Inbox (480) - affafahmad79@gmail.com - Gmail - Google Chrome,,,,"| [e Seer ory @g: 88 etl alahmead79@ gredcome Grails Google Chrome , BI LOCREGR TI (CE ALCOUTE SLCURY STING SV ny) 9 at ofatahmed79 0 NN fea eS om mall:googlecom/mail/U/0/:ogbitinbox = [4 Gmail Q_ Search mail ' | O- ci: | 2 Compose | EE F Promotions P Aa SAA, Inbox 480 ? Md nmary S Apple TV ??Last chance: Sav yr Starred Ol x Affaf Ahmad Confirm Your Account Securit ? Snoozed Ol vw Affaf Anmad Action Required to Validate Yc Sent e Ol x Affaf Ahmad URGENT: Password Reset R C1 Drafts i .??YWwoW?_i_ I Affaf Ahmad URGENT: Password Reset R (Purchases 25 UO * More Ol x Affaf Ahmad URGENT: Password Reset Rec Ol x Affaf Ahmad URGENT: Password Reset Rec Labels fe Ol vw Affaf Anmad Alert: Unusual Transaction Att Ol x Affaf Ahmad IT Helpdesk: New Security Up: Ol vw Affaf Anmad Emergency Request for Flood Ol vw Affaf Anmad Congratulations! You Are Shor Ol x Affaf Ahmad New Invoice #4482 Due Imme [1 wH* Affaf Ahmad Alert: Unusual Transaction Att",1,0.47629629629629633
2025-11-29T14:21:33.480795,snapshot,0,0,Action Required to Validate Your Account - affafahmad79@gmail.com - Gmail - Google Chrome,,,,"= ln - SS NOT chic WEECOUTESACURVSTIC ATS On Nn BM Kofsrstiimed?9 ON fess om mess oog ecomyra/U) isog bam en CMe: Mail googlecom/mail/u/0/70gbitinbox/EMicgz@dzcpNkrahivVZOpdWmbsllblEx = [4 Gmail Q_ Search mail ' j < 8a ? owl @& : | 2 Compose | TO Action Required to Validate Your Accour sInbox 480 | xx Starred (2) Affaf Ahmad <affafahmadd@gmail.com> Cy tomev @? = Snoozed E> Sent Hello, CD) Drafts Our system detected unusual sign-in activity on your account. As a fF | Purchases 25 To continue using your account normally, please complete the verific ??More Test Verification Link (non-functional): https://example.com/verify-ses If you did not attempt to sign in, this may indicate an automated syst Labels + Thank you, Account Security Team (Simulation)",1,0.4396678618607285
2025-11-29T14:21:35.759912,snapshot,0,0,Action Required to Validate Your Account - affafahmad79@gmail.com - Gmail - Google Chrome,,,,", aoe es ose oes): COM Mall /U/0/2 0g Dizinbox/EMicgz@dzcp NktghiVWVZ@pdWmbsEbEExD = [4 Gmail Q_ Search mail ' j < 8a ? owl @& : | 2 Compose | gg mx 480 Action Required to Validate Your Accour nbox xx Starred (2) Affaf Ahmad <affafahmadd@gmail.com> Cy tomev @? = Snoozed E> Sent Hello, Ci Drafts Our system detected unusual sign-in activity on your account. As a fF (*) +Purchases 25 To continue using your account normally, please complete the verific v??More Test Verification Link (non-functional): https://example.com/verify-ses If you did not attempt to sign in, this may indicate an automated syst Labels + Thank you, Account Security Team (Simulation)",1,0.4366261398176292
2025-11-29T14:21:38.469493,snapshot,0,0,Action Required to Validate Your Account - affafahmad79@gmail.com - Gmail - Google Chrome,,,,"| 6 erie oo toveeiaia Yourneeount Ks 3 ll} fatfafehned79@ gmmalcome Grail + Gaogi Chroma) . BIT OCR7 1% ince Ex oon Orn}: COM Mall (00/2 Og) SS eae Veive ms e.com/mail/U/0/?ogbl#inbox/EMicgz@dzcpNkrgivVZOpdWmbsliblixD = [4 Gmail Q_ Search mail ' | ? ? ? B/S @ : | 2 Compose | TO Action Required to Validate Your Accour sInbox 480 | xx Starred (2) Affaf Ahmad <affafahmadd@gmail.com> Cy tomev @? = Snoozed E> Sent Hello, Ci Drafts Our system detected unusual sign-in activity on your account. As a fF (*) +Purchases 25 To continue using your account normally, please complete the verific v??More Test Verification Link (non-functional): https://example.com/verify-ses If you did not attempt to sign in, this may indicate an automated syst Labels + Thank you, Account Security Team (Simulation)",1,0.4374098124098124
2025-11-29T14:21:41.204361,snapshot,0,0,Action Required to Validate Your Account - affafahmad79@gmail.com - Gmail - Google Chrome,,,,"fatfafehired79@ gmmalcome Grail + Googie Chroma) \ BIT OCREGS): | 6 ered 00 toversus Yournonount Ks 2 It fatfafehned79 8 ON | 7 =ommmall:google.com/mail/u/0/zogbl#inbox/EMfcgz@dzcpNkrgiivVZOpdWmbsllbIlEixb, = [4 Gmail Q. Search mail ' j < 8a ? owl @& : | 2 Compose | TO Action Required to Validate Your Accour sInbox 480 | xx Starred (2) Affaf Ahmad <affafahmadd@gmail.com> Cy tomev @? = Snoozed E> Sent Hello, CD) Drafts Our system detected unusual sign-in activity on your account. As a fF | Purchases 25 To continue using your account normally, please complete the verific ??More Test Verification Link (non-functional): https://example.com/verify-ses If you did not attempt to sign in, this may indicate an automated syst Labels + Thank you, Account Security Team (Simulation)",1,0.43690476190476196
2025-11-29T14:21:43.589231,snapshot,0,0,Action Required to Validate Your Account - affafahmad79@gmail.com - Gmail - Google Chrome,,,,"oe pe 88 dp (Se eee 7 =ommmall:googie.com/mail/u/0/zogbl#inbox/EMfcgz@dzcpNkrgiivVZOpdWmbsllblEixb, = [4 Gmail Q_ Search mail ' j < 8a ? owl @& : | 2 Compose | TO Action Required to Validate Your Accour sInbox 480 | xx Starred (2) Affaf Ahmad <affafahmadd@gmail.com> Cy tomev @? = Snoozed E> Sent Hello, Ci Drafts Our system detected unusual sign-in activity on your account. As a fF (*) +Purchases 25 To continue using your account normally, please complete the verific v??More Test Verification Link (non-functional): https://example.com/verify-ses If you did not attempt to sign in, this may indicate an automated syst Labels + Thank you, Account Security Team (Simulation)",1,0.4355240912933221
2025-11-29T14:21:46.167349,snapshot,0,0,Action Required to Validate Your Account - affafahmad79@gmail.com - Gmail - Google Chrome,,,,"fatfafehed79@ gimmilcome Gram + Googie Chroma) . ma OCRT 4%): ce pe 88 dp Se ene J Se Caeirentaee SO Fcom/mail/u/O/2ogbl#inbox/EMfcgz@dzcoNkrghivVZ@pdWmbsllblExb, = [4 Gmail Q_ Search mail ' j < 8a ? owl @& : | 2 Compose | TO Action Required to Validate Your Accour sInbox 480 | xx Starred (2) Affaf Ahmad <affafahmadd@gmail.com> Cy tomev @? = Snoozed E> Sent Hello, Ci Drafts Our system detected unusual sign-in activity on your account. As a fF (*) +Purchases 25 To continue using your account normally, please complete the verific v??More Test Verification Link (non-functional): https://example.com/verify-ses If you did not attempt to sign in, this may indicate an automated syst Labels + Thank you, Account Security Team (Simulation)",1,0.436690508409047
2025-11-29T14:21:48.595667,snapshot,0,0,Action Required to Validate Your Account - affafahmad79@gmail.com - Gmail - Google Chrome,,,,"| SSRs > MAT GcnG IS Ttisicited7o@ Germrdere Gomes Coogee Chromalt ra) Nn eee GeEASS rcom/mail/u/0/20gbi#inbox/EMicgz@dzcpNkrgHivVZ@ndWmbslbUixD = [4 Gmail Q_ Search mail ' j < 8a ? owl @& : | 2 Compose | TO Action Required to Validate Your Accour sInbox 480 | xx Starred (2) Affaf Ahmad <affafahmadd@gmail.com> Cy tomev @? = Snoozed E> Sent Hello, Ci Drafts Our system detected unusual sign-in activity on your account. As a fF (*) +Purchases 25 To continue using your account normally, please complete the verific v??More Test Verification Link (non-functional): https://example.com/verify-ses If you did not attempt to sign in, this may indicate an automated syst Labels + Thank you, Account Security Team (Simulation)",1,0.43800277392510406
2025-11-29T14:21:51.375179,snapshot,0,0,Inbox (480) - affafahmad79@gmail.com - Gmail - Google Chrome,,,,a po 8 | Gem acom/mail/U/0/2ogbi#inbox = [4 Gmail Q_ Search mail ' | O-~ ?c i: | 2 Compose | Ee F Promotions (Primary eS _??€?€?[Inbox 480 ? Apple TV ??Last chance: Sav vy Starred 20) + Affaf Anmad Confirm Your Account Securit: ? Snoozed Ol x Affaf Ahmad Action Required to Validate Yc Sent e Ol x Affaf Ahmad URGENT: Password Reset R C1 Drafts aa Affaf Ahmad URGENT: Password Reset R (Purchases 25 UO * Y??More O) x Affaf Anmad URGENT: Password Reset Rec Ol x Affaf Ahmad URGENT: Password Reset Rec Labels fe Ol x Affaf Ahmad Alert: Unusual Transaction Att Ol x Affaf Ahmad IT Helpdesk: New Security Up: Ol vw Affaf Anmad Emergency Request for Flood Ol x Affaf Ahmad Congratulations! You Are Shor Ol x Affaf Ahmad New Invoice #4482 Due Imme [1 wH* Affaf Ahmad Alert: Unusual Transaction Att,1,0.4738305941845765
2025-11-29T14:21:53.758879,phishing_alert,0,0,Confirm Your Account Security Settings - affafahmad79@gmail.com - Gmail - Google Chrome,,,,"Confirm Your Account Security Settings - affafahmad79@gmail.com - Gmail - Google Chrome
| << Eo Re CEN CLG $3 | hb box 480 = Apsic TV = Lant chances Sov vy Started 20) en CMe: METail cooglecom/mail/u/0/zogbitinbox/EMfcqz@dzcp Nkrq) ByhBxzjwRMkIEGhS = [4 Gmail Q_ Search mail ' j < 8a ? owl @& : | 2 Compose | To Confirm Your Account Security Settings sInbox 480 | xx Starred (2) Affaf Ahmad <affafahmadd@gmail.com> tome v @? = Snoozed CO E> Sent Hi, D Drafts We detected a configuration mismatch in your account security settir | Purchases 25 Please review the simulated security alert at the link below: ??More Test Confirmation Link (non-functional): https://example.net/security- If you didn?? make any recent changes, please ignore this message < Labels + Regards, Security Operations (Simulation)",1,0.8376850365614411
2025-11-29T14:21:53.759483,snapshot,0,0,Confirm Your Account Security Settings - affafahmad79@gmail.com - Gmail - Google Chrome,,,,"| << Eo Re CEN CLG $3 | hb box 480 = Apsic TV = Lant chances Sov vy Started 20) en CMe: METail cooglecom/mail/u/0/zogbitinbox/EMfcqz@dzcp Nkrq) ByhBxzjwRMkIEGhS = [4 Gmail Q_ Search mail ' j < 8a ? owl @& : | 2 Compose | To Confirm Your Account Security Settings sInbox 480 | xx Starred (2) Affaf Ahmad <affafahmadd@gmail.com> tome v @? = Snoozed CO E> Sent Hi, D Drafts We detected a configuration mismatch in your account security settir | Purchases 25 Please review the simulated security alert at the link below: ??More Test Confirmation Link (non-functional): https://example.net/security- If you didn?? make any recent changes, please ignore this message < Labels + Regards, Security Operations (Simulation)",1,0.8376878381085955
2025-11-29T14:21:56.035178,snapshot,0,0,Confirm Your Account Security Settings - affafahmad79@gmail.com - Gmail - Google Chrome,,,,"| |e San OTS ASOT SET afin, $3 - $ A Phishing Alert ??oO x Git KrgJBvhBxzjweMKIEGhS iThisyemailllookstsuspicious!) | Be careful before clicking any links. Consider contacting IT or the sender, | ? 868 ? 8B SM Bi: | @ Compose ??ae Confirm Your Account Security Settings sInbox 480 | xx Starred (2) Affaf Ahmad <affafahmadd@gmail.com> Cy tomev @? = Snoozed E> Sent Hi, CD) Drafts We detected a configuration mismatch in your account security settir | Purchases 25 Please review the simulated security alert at the link below: ??More Test Confirmation Link (non-functional): https://example.net/security- If you didn?? make any recent changes, please ignore this message < Labels + Regards, Security Operations (Simulation)",1,0.8377380952380953
2025-11-29T14:21:58.027367,snapshot,0,0,Confirm Your Account Security Settings - affafahmad79@gmail.com - Gmail - Google Chrome,,,,"| four Account: my Settetg??iy 93 , Ct fatfafehed 790 gimacome Grails Googic Chroma) \ BT OCR7 4%). [ be Sant OTS ASOT SET afar S335 A Phathang Alert oO x Git] ON vr =ommmall:googie.com/mail/u/0/2ogbl#inbox/EMfcgz@dzcpNkrgJBvhBxzjweMKIEGhS = [4 Gmail Q. Search mail ' j < 8a ? owl @& : | 2 Compose | To Confirm Your Account Security Settings sInbox 480 | xx Starred (2) Affaf Ahmad <affafahmadd@gmail.com> Cy tomev @? = Snoozed E> Sent Hi, D Drafts We detected a configuration mismatch in your account security settir | Purchases 25 Please review the simulated security alert at the link below: ??More Test Confirmation Link (non-functional): https://example.net/security- If you didn?? make any recent changes, please ignore this message < Labels + Regards, Security Operations (Simulation)",1,0.8381795195954489
2025-11-29T14:22:00.393379,snapshot,0,0,,,,,"Seen ap Cy OIE ay 8 2S =e SET afar S335 A Shathang Atert 00x Gt} ON ve commer 7 oma iiiall:googlecomymail/u/0/? ogbi#inbox/EMifcgz@dzcpNkrg) BvhBxzjwBMKIECHS = [4 Gmail Q. Search mail ' j < 8a ? owl @& : | 2 Compose | To Confirm Your Account Security Settings sInbox 480 | xx Starred (2) Affaf Ahmad <affafahmadd@gmail.com> Cy tomev @? = Snoozed E> Sent Hi, D Drafts We detected a configuration mismatch in your account security settir | Purchases 25 Please review the simulated security alert at the link below: ??More Test Confirmation Link (non-functional): https://example.net/security- If you didn?? make any recent changes, please ignore this message < Labels + Regards, Security Operations (Simulation)",1,0.8374571831553497
2025-11-29T14:24:46.027372,snapshot,0,0,Confirm Your Account Security Settings - affafahmad79@gmail.com - Gmail - Google Chrome,,,,"""oO || 6 Gaim tarAaoumeseamniy 8 > en CMe: METail cooglecom/mail/u/0/zogbitinbox/EMfcqz@dzcp Nkrq) ByhBxzjwRMkIEGhS = [4 Gmail Q_ Search mail | 2 Compose | ??8 Oo 8/8 B : ee Contin Your Account Secuniiny Seuiihngs sInbox 480 | = vx Starred AffatJAhmadkatfafahmadd @amaikcoms | oan @? = Snoozed ??E> Sent CD Drafts Weldetectedlafcon figurationlmismatch\imyoumaccountisecurityjectin f] Purchases 25 Rleasejreviewthefsimulatedisecuntysalertlatithellinkibelows ??More estlconinnationlink( nonfunctional) shttpsy/examplemeusecurity Ifjyouydidn timakejfanyjrecent(changes? pleasejignorejthisimessageye Labels + SecuntyOperationsy simulation)",1,0.4362879640044995
2025-11-29T14:24:48.449326,snapshot,0,0,Action Required to Validate Your Account - affafahmad79@gmail.com - Gmail - Google Chrome,,,,"| fous Account Sacumty Strings DOU $3 db fatfafehied 790 qirmakcome Gruul = Googic Chroma) \ | lye/opegiiniban ey eiesiaghNMOpenA? Seem tac??ate = =_??com/mail/u/0/2 og bi#inbox/EMicgz@dzcpNkrgivVZQndWmbsllbUixD = [4 Gmail Q_ Search mail ' j < 8a ? owl @& : | 2 Compose | TO Action Required to Validate Your Accour sInbox 480 | xx Starred (2) Affaf Ahmad <affafahmadd@gmail.com> Cy tomev @? = Snoozed E> Sent Hello, QD) Drafts Our system detected unusual sign-in activity on your account. As a fF ) Purchases 25 To continue using your account normally, please complete the verific More Test Verification Link (non-functional): https://example.com/verify-ses If you did not attempt to sign in, this may indicate an automated syst Labels + Thank you, Account Security Team (Simulation)",1,0.4364896916621055
2025-11-29T14:24:51.008086,snapshot,0,0,Action Required to Validate Your Account - affafahmad79@gmail.com - Gmail - Google Chrome,,,,"fatfafehed79@ gimalcome Gram + Googie Chroma) \ maT OCRG 7%}: [ fous Account Sscumy Strnigs OOU $3 db fatfafchsed 790) OS (See ? mie e-com/mail/U/0/?ogbl#inbox/EMicgz@dzcpNkrgivVZOpdWmbsliblixD = [4 Gmail Q_ Search mail ' j < 8a ? owl @& : | 2 Compose | TO Action Required to Validate Your Accour sInbox 480 | xx Starred (2) Affaf Ahmad <affafahmadd@gmail.com> Cy tomev @? = Snoozed E> Sent Hello, Ci Drafts Our system detected unusual sign-in activity on your account. As a fF (*) +Purchases 25 To continue using your account normally, please complete the verific v??More Test Verification Link (non-functional): https://example.com/verify-ses If you did not attempt to sign in, this may indicate an automated syst Labels + Thank you, Account Security Team (Simulation)",1,0.43688311688311693
2025-11-29T14:24:53.341601,snapshot,0,0,Action Required to Validate Your Account - affafahmad79@gmail.com - Gmail - Google Chrome,,,,"fatfafahurisd 79 @ qireul.coms Gres Google Chrome K = meme om nial Googie com/mall/u/O/coobitinbox/EMicqz@dzcoNkrghiyVZOodWmbslbOlxD, = [4 Gmail Q_ Search mail ' j < 8a ? owl @& : | 2 Compose | TO Action Required to Validate Your Accour sInbox 480 | xx Starred (2) Affaf Ahmad <affafahmadd@gmail.com> Cy tomev @? = Snoozed E> Sent Hello, Ci Drafts Our system detected unusual sign-in activity on your account. As a fF (*) +Purchases 25 To continue using your account normally, please complete the verific v??More Test Verification Link (non-functional): https://example.com/verify-ses If you did not attempt to sign in, this may indicate an automated syst Labels + Thank you, Account Security Team (Simulation)",1,0.43603621730382297
2025-11-29T14:24:55.794656,snapshot,0,0,Action Required to Validate Your Account - affafahmad79@gmail.com - Gmail - Google Chrome,,,,"el - fatfafehed79@ gimilcome Gram + Googie Chroma) \ I cc Ema cena ic COM mail/0/O/Zogbsinbox/EMicqzOdzepNkrghiwZOndWmbslbolaxd, = [4 Gmail Q_ Search mail ' j < 8a ? owl @& : | 2 Compose | TO Action Required to Validate Your Accour sInbox 480 | xx Starred (2) Affaf Ahmad <affafahmadd@gmail.com> Cy tomev @? = Snoozed E> Sent Hello, Ci Drafts Our system detected unusual sign-in activity on your account. As a fF (*) +Purchases 25 To continue using your account normally, please complete the verific v??More Test Verification Link (non-functional): https://example.com/verify-ses If you did not attempt to sign in, this may indicate an automated syst Labels + Thank you, Account Security Team (Simulation)",1,0.4363728470111449
2025-11-29T14:24:58.229733,snapshot,0,0,Action Required to Validate Your Account - affafahmad79@gmail.com - Gmail - Google Chrome,,,,"??Sasa _ me 8 > , ae. De: OdepNirg hawZ Ond Wmbsibotad | Saat a _ excom/mail/u/O/2ogbl#inbox/EMfcgz@dzcoNkrgiivVZ@pdWmbslibliixd, = [4 Gmail Q_ Search mail ' j < 8a ? owl @& : | 2 Compose | TO Action Required to Validate Your Accour sInbox 480 | xx Starred (2) Affaf Ahmad <affafahmadd@gmail.com> Cy tomev @? = Snoozed E> Sent Hello, CD) Drafts Our system detected unusual sign-in activity on your account. As a fF | Purchases 25 To continue using your account normally, please complete the verific ??More Test Verification Link (non-functional): https://example.com/verify-ses If you did not attempt to sign in, this may indicate an automated syst Labels + Thank you, Account Security Team (Simulation)",1,0.43625279414753104
2025-11-29T14:25:00.774200,snapshot,0,0,Action Required to Validate Your Account - affafahmad79@gmail.com - Gmail - Google Chrome,,,,"??€?€???s fatfafehied79@ gimicome Grails Googie Chroma) \ - oot Sarma 8 poe Occ Odephirg hewZ Ond \Wmbabotad Se Cate Oe ROOD ae Fcom/mail/u/O/2ogbl#inbox/EMfcgz@dzcoNkrghivVZ@pdWmbsllblExb, = [4 Gmail Q_ Search mail ' j < 8a ? owl @& : | 2 Compose | TO Action Required to Validate Your Accour sInbox 480 | xx Starred (2) Affaf Ahmad <affafahmadd@gmail.com> Cy tomev @? = Snoozed E> Sent Hello, Ci Drafts Our system detected unusual sign-in activity on your account. As a fF (*) +Purchases 25 To continue using your account normally, please complete the verific v??More Test Verification Link (non-functional): https://example.com/verify-ses If you did not attempt to sign in, this may indicate an automated syst Labels + Thank you, Account Security Team (Simulation)",1,0.43679597165236855
2025-11-29T14:25:03.012430,snapshot,0,0,tk,,,,"el ??n fatfafehied79@ gimmacome Grails Googie Chroma) OCRES $05 fatfafehied79@ gsracome Grails Googie Chroms)) P m [esonirean/O/2oqbetanboa/ Dior @dzeoneran ZG poe oCOMY, Mail/U/O/Aeogol#inbox/EMicgz@dzcpNkrgiivVZ@pdWmbslbllaxb, = [4 Gmail Q_ Search mail ' j < 8a ? owl @& : | 2 Compose | TO Action Required to Validate Your Accour sInbox 480 | xx Starred (2) Affaf Ahmad <affafahmadd@gmail.com> Cy tomev @? = Snoozed E> Sent Hello, Dd Drafts Our system detected unusual sign-in activity on your account. As a Ff (*) +Purchases 25 To continue using your account normally, please complete the verific v??More Test Verification Link (non-functional): https://example.com/verify-ses If you did not attempt to sign in, this may indicate an automated syst Labels + Thank you, Account Security Team (Simulation)",1,0.4370186335403727
2025-11-29T14:25:05.170858,phishing_alert,0,0,Inbox (480) - affafahmad79@gmail.com - Gmail - Google Chrome,,,,"Inbox (480) - affafahmad79@gmail.com - Gmail - Google Chrome
pes , ones O/toq betan boxy Ome @dzeoneranZG poe oCO a7 om mall:googie.com/mail/u/0/2ogbl#inbox/EMfcgz@dzcpNkrgJBvhBxzijweMKIEGhS = [4 Gmail Q_ Search mail ' j < 8a ? owl @& : | 2 Compose | To Confirm Your Account Security Settings sInbox 480 | xx Starred Affaf Ahmad <affafahmadd@gmail.com> tome v @? = Snoozed E> Sent Hi, CD) Drafts We detected a configuration mismatch in your account security settir | Purchases 25 Please review the simulated security alert at the link below: ??More Test Confirmation Link (non-functional): hitps://example.net/security- If you didn?? make any recent changes, please ignore this message < Labels + Regards, Security Operations (Simulation)",1,0.8361595044521875
2025-11-29T14:25:05.171451,snapshot,0,0,Inbox (480) - affafahmad79@gmail.com - Gmail - Google Chrome,,,,"pes , ones O/toq betan boxy Ome @dzeoneranZG poe oCO a7 om mall:googie.com/mail/u/0/2ogbl#inbox/EMfcgz@dzcpNkrgJBvhBxzijweMKIEGhS = [4 Gmail Q_ Search mail ' j < 8a ? owl @& : | 2 Compose | To Confirm Your Account Security Settings sInbox 480 | xx Starred Affaf Ahmad <affafahmadd@gmail.com> tome v @? = Snoozed E> Sent Hi, CD) Drafts We detected a configuration mismatch in your account security settir | Purchases 25 Please review the simulated security alert at the link below: ??More Test Confirmation Link (non-functional): hitps://example.net/security- If you didn?? make any recent changes, please ignore this message < Labels + Regards, Security Operations (Simulation)",1,0.8362523739185482
2025-11-29T14:25:07.618762,snapshot,0,0,Confirm Your Account Security Settings - affafahmad79@gmail.com - Gmail - Google Chrome,,,,"! x + ROR a EAE ETL K , 7 =ommmall:googie.com/mail/u/0/zogbl#inbox/EMfcgz@dzcpNkrgJBvhBxzjweMkIEGhS a a Ce XQ $ A Phishing Alert ??oO x ~~ iThisyemailllookstsuspicious!) co | Be careful before clicking any links, Consider contacting IT or the sender. . Co . 4 oo Confirm Your Account Security Settings sInbox 480 xx Starred (2) Affaf Ahmad <affafahmadd@gmail.com> Cy tomev @? = Snoozed E> Sent Hi, D Drafts We detected a configuration mismatch in your account security settir | Purchases 25 Please review the simulated security alert at the link below: ??More Test Confirmation Link (non-functional): https://example.net/security- If you didn?? make any recent changes, please ignore this message < Labels + Regards, Security Operations (Simulation)",1,0.8369826435246996
2025-11-29T14:25:10.194582,snapshot,0,0,Confirm Your Account Security Settings - affafahmad79@gmail.com - Gmail - Google Chrome,,,,"fatfafehied 79 qimalcome Graal = Googie Chroma) \ Ba TOCR 72% xy RCM a EAE ETL KOZ] ON | Soraaa iifiyormiocttnripecnee co] Oss To rcom/mail/u/0/20gbi#inbox/EMicgz@dzcpNkrgJBvhBxzjweMkIEGhS = [4 Gmail Q_ Search mail ' j < 8a ? owl @& : | 2 Compose | To Confirm Your Account Security Settings sInbox 480 | xx Starred (2) Affaf Ahmad <affafahmadd@gmail.com> Cy tomev @? = Snoozed E> Sent Hi, D Drafts We detected a configuration mismatch in your account security settir | Purchases 25 Please review the simulated security alert at the link below: ??More Test Confirmation Link (non-functional): https://example.net/security- If you didn?? make any recent changes, please ignore this message < Labels + Regards, Security Operations (Simulation)",1,0.8380308880308881
2025-11-29T14:25:13.287533,snapshot,0,0,??screen_monitor.py - AI_Proj - Visual Studio Code,,,,,0,0.0
2025-11-29T14:25:15.306307,snapshot,0,0,??screen_monitor.py - AI_Proj - Visual Studio Code,,,,,0,0.0
2025-11-29T14:40:25.235653,snapshot,0,0,??screen_monitor.py - AI_Proj - Visual Studio Code,,,,"<4. ??€?€?€? He Gk Sdisctiom View Go Rum Tani oelp CDi | x0 rekdatallabeling py all emmodelitraining py,o i \ZTAITPROJ) ReRcascreen?monitonpypZae Q Se Newifolden A380) eile Tires > wan 490 time Ghagn(a)) | ? deta fetocinw: a AS iI excepiakey board: TEETER # emmodel wafting 6 a2 SHAPMB. 00?) [_ 433 stata ??uming??] = False | gs 2 oamlLmodttl a =Fphishingkdetectorjoblib 495 imousemluis Cenemas top. @) ml =a phishingemodel'pkl 96) Geant Exagqntions 3 ??oo AS pass) iscreensmonitorsautoslabeledicsy, a8 Sys eesti) ??S ey 489 Cen Exgptiion as @3 | pPlaCoverlayinain leap errars?? screensmonitoruiallog:csy, Son ; Sten rmming??] ? False CS pa 9 6 Son Cy, BO) ] mouse_Nistener Stony) | SOM | Geant Sveqntions SOS ass) SAS | GySoCeate() | SO) FERMINA (ven) RBSEG:\Usens\ agian \ proj ect\A lapno) \Al@ ELOY: ConbusLonyMatgLxs a ? Ne MM mia eal fw aarp mil mapalLnfa",0,0.012775842044134728
2025-11-29T14:40:29.416691,snapshot,0,0,Action Required to Validate Your Account - affafahmad79@gmail.com - Gmail - Google Chrome,,,,"i Fx0 rekdatnikbeing py all emmodektrans9 pyc s\CIATPRON) ON SM [ReBeectecn SerondtonpypZngG Sa Newt old ern ASM0 elie Tea. wa) en CMe: Mail googlecom/mail/u/0/70gbitinbox/EMicgz@dzcpNkrahivVZOpdWmbsllblEx = [4 Gmail Q. Search mail 2 Compose ??8 Oo 8/8 B : ????SO Aetion Recuired to Vellcke Your Accou & siInbox 480 | vr Starred AffafjAtimadatfaranmadd@gmaikcoms| . | oa @? = Snoozed ??> Sent CD Drafts Quasystem\detected[unusuallsign:njactivityonyougaccount?Astalr | Purchases 25 Olcontinuejusing}yougaccountinommally?pleaseycompleteythe\veritic ??More estivenfcationuinky(nonduncional qhitps:/examplercomverityese: ifivou) ldidInovattempt orsign iQ, Gis ay iindicateyanyautomated.eyst Labels + Account Securitygleamy) Simulation",1,0.43802348336594915
2025-11-29T14:40:32.145022,snapshot,0,0,Action Required to Validate Your Account - affafahmad79@gmail.com - Gmail - Google Chrome,,,,"fatfafehed79@ gimilcome Gram + Googie Chroma) \ BAT OCR OTS: Fx0 rekdatnikbeang py all emmod cktrons? p Se an Sem iallgoogie.com/mail/u/O/zogbi#inbox/EMicgz@dzcpNkrghivVZ@pdWmbslblaxb, = [4 Gmail Q_ Search mail ' j < 8a ? owl @& : | 2 Compose | TO Action Required to Validate Your Accour sInbox 480 | xx Starred (2) Affaf Ahmad <affafahmadd@gmail.com> Cy tomev @? = Snoozed E> Sent Hello, CD) Drafts Our system detected unusual sign-in activity on your account. As a fF | Purchases 25 To continue using your account normally, please complete the verific ??More Test Verification Link (non-functional): https://example.com/verify-ses If you did not attempt to sign in, this may indicate an automated syst Labels + Thank you, Account Security Team (Simulation)",1,0.43661892197512253
2025-11-29T14:40:35.029059,snapshot,0,0,Action Required to Validate Your Account - affafahmad79@gmail.com - Gmail - Google Chrome,,,,"fatfafehed79@ gimilcome Gram + Googie Chroma) \ BLOCKS fatfsfched79@ gendcome Gam? Googe Chron) \ GAT] OS , a5 ~ ~com/ymail/u/O/2ogbl#inbox/EMfcgz@dzcpNkrghivVZ@odWmbsliblxd, = [4 Gmail Q_ Search mail ' j < 8a ? owl @& : | 2 Compose | TO Action Required to Validate Your Accour sInbox 480 | xx Starred (2) Affaf Ahmad <affafahmadd@gmail.com> Cy tomev @? = Snoozed E> Sent Hello, Ci Drafts Our system detected unusual sign-in activity on your account. As a fF (*) +Purchases 25 To continue using your account normally, please complete the verific v??More Test Verification Link (non-functional): https://example.com/verify-ses If you did not attempt to sign in, this may indicate an automated syst Labels + Thank you, Account Security Team (Simulation)",1,0.43682708769260037
2025-11-29T14:40:37.508460,snapshot,0,0,Action Required to Validate Your Account - affafahmad79@gmail.com - Gmail - Google Chrome,,,,"fatfatohmed79@ g makcomy Graal Googie Chrome 7 aS C?? COM ATEMA bibenbox/ifogzt a ao eS Z Fcom/mail/u/O/2ogbl#inbox/EMfcgz@dzcoNkrghivVZ@pdWmbsllblExb, = [4 Gmail Q. Search mail ' j < 8a ? owl @& : | 2 Compose | TO Action Required to Validate Your Accour sInbox 480 | xx Starred (2) Affaf Ahmad <affafahmadd@gmail.com> Cy tomev @? = Snoozed E> Sent Hello, Ci Drafts Our system detected unusual sign-in activity on your account. As a fF (*) +Purchases 25 To continue using your account normally, please complete the verific v??More Test Verification Link (non-functional): https://example.com/verify-ses If you did not attempt to sign in, this may indicate an automated syst Labels + Thank you, Account Security Team (Simulation)",1,0.43708791208791214
2025-11-29T14:40:40.094140,snapshot,0,0,Action Required to Validate Your Account - affafahmad79@gmail.com - Gmail - Google Chrome,,,,"fatfafehied79@ gmmilcome Gram 5 Googie Chroma) \ BE TOCR.GO%) fotfatoh med /9@ 9 rmazcomy Grad Googie Chroma 225 Se Getemigerryn + rcom/mail/u/0/20gbi#inbox/EMicgz@dzcpNkrgHivVZ@ndWmbslbUixD = [4 Gmail Q_ Search mail ' j < 8a ? owl @& : | 2 Compose | TO Action Required to Validate Your Accour sInbox 480 | xx Starred (2) Affaf Ahmad <affafahmadd@gmail.com> Cy tomev @? = Snoozed E> Sent Hello, Ci Drafts Our system detected unusual sign-in activity on your account. As a fF (*) +Purchases 25 To continue using your account normally, please complete the verific v??More Test Verification Link (non-functional): https://example.com/verify-ses If you did not attempt to sign in, this may indicate an automated syst Labels + Thank you, Account Security Team (Simulation)",1,0.43678524864965546
2025-11-29T14:40:42.619323,snapshot,0,0,Action Required to Validate Your Account - affafahmad79@gmail.com - Gmail - Google Chrome,,,,"See eS SIOCR.GO%) forfatoh mod /3 8, 9 rrrexrccurry Grad Googse Chroms 225 Sa) Em TET SIA cote Reet ero ~com/ymail/u/O/2ogbl#inbox/EMfcgz@dzcpNkrghivVZ@odWmbsliblxd, = [4 Gmail Q_ Search mail ' j < 8a ? owl @& : | 2 Compose | TO Action Required to Validate Your Accour sInbox 480 | xx Starred (2) Affaf Ahmad <affafahmadd@gmail.com> Cy tomev @? = Snoozed E> Sent Hello, Ci Drafts Our system detected unusual sign-in activity on your account. As a fF (*) +Purchases 25 To continue using your account normally, please complete the verific v??More Test Verification Link (non-functional): https://example.com/verify-ses If you did not attempt to sign in, this may indicate an automated syst Labels + Thank you, Account Security Team (Simulation)",1,0.4374663072776281
2025-11-29T14:40:45.459582,snapshot,0,0,Action Required to Validate Your Account - affafahmad79@gmail.com - Gmail - Google Chrome,,,,"fatfafehied79@ gmmalcone Gram 5 Googie Chroma) \ BL OCRTW% See eS DOCK. GOK) forfatoh mod /3 & 9 rrrearceurry Grod) OS | | aaa egmmaeamae ease 3 = Z Fcom/mail/u/O/2ogbl#inbox/EMfcgz@dzcoNkrghivVZ@pdWmbsllblExb, = [4 Gmail Q_ Search mail ' j < 8a ? owl @& : | 2 Compose | TO Action Required to Validate Your Accour sInbox 480 | xx Starred (2) Affaf Ahmad <affafahmadd@gmail.com> Cy tomev @? = Snoozed E> Sent Hello, Ci Drafts Our system detected unusual sign-in activity on your account. As a fF (*) +Purchases 25 To continue using your account normally, please complete the verific v??More Test Verification Link (non-functional): https://example.com/verify-ses If you did not attempt to sign in, this may indicate an automated syst Labels + Thank you, Account Security Team (Simulation)",1,0.43746596478489747
2025-11-29T14:40:48.150392,snapshot,0,0,Action Required to Validate Your Account - affafahmad79@gmail.com - Gmail - Google Chrome,,,,"See eS - GET NE SR ene et mee AOITNCT NS SSS =ommmall:googie.com/mail/u/0/zogbl#inbox/EMfcgz@dzcpNkrgiivVZOpdWmbsllbIlExb, = [4 Gmail Q_ Search mail ' j < 8a ? owl @& : | 2 Compose | TO Action Required to Validate Your Accour sInbox 480 | xx Starred (2) Affaf Ahmad <affafahmadd@gmail.com> Cy tomev @? = Snoozed E> Sent Hello, Ci Drafts Our system detected unusual sign-in activity on your account. As a fF (*) +Purchases 25 To continue using your account normally, please complete the verific v??More Test Verification Link (non-functional): https://example.com/verify-ses If you did not attempt to sign in, this may indicate an automated syst Labels + Thank you, Account Security Team (Simulation)",1,0.4382996116901697
2025-11-29T14:40:50.595541,snapshot,0,0,Action Required to Validate Your Account - affafahmad79@gmail.com - Gmail - Google Chrome,,,,"Sees. bb BS} LGR) Soe CS ECETNE SR enc cs roe ACINCI NS SS) NS cae SO Fcom/mail/u/O/2ogbl#inbox/EMfcgz@dzcoNkrghivVZ@pdWmbsllblExb, = [4 Gmail Q_ Search mail ' j < 8a ? owl @& : | 2 Compose | TO Action Required to Validate Your Accour sInbox 480 | xx Starred (2) Affaf Ahmad <affafahmadd@gmail.com> Cy tomev @? = Snoozed E> Sent Hello, CD) Drafts Our system detected unusual sign-in activity on your account. As a fF | Purchases 25 To continue using your account normally, please complete the verific ??More Test Verification Link (non-functional): https://example.com/verify-ses If you did not attempt to sign in, this may indicate an automated syst Labels + Thank you, Account Security Team (Simulation)",1,0.4397771023302939
2025-11-29T14:40:53.409288,snapshot,0,0,Action Required to Validate Your Account - affafahmad79@gmail.com - Gmail - Google Chrome,,,,"Toca XY-cons"" DO GSITGR Soa CS COTE SY NN Qalecem eet rcom/mail/u/O/2ogbl#inbox/EMicaz@dzcpNkrgkivVZ@odWmbsl/bIExD = [4 Gmail Q. Search mail ' j < 8a ? owl @& : | 2 Compose | TO Action Required to Validate Your Accour sInbox 480 | xx Starred (2) Affaf Ahmad <affafahmadd@gmail.com> Cy tomev @? = Snoozed E> Sent Hello, Ci Drafts Our system detected unusual sign-in activity on your account. As a fF (*) +Purchases 25 To continue using your account normally, please complete the verific v??More Test Verification Link (non-functional): https://example.com/verify-ses If you did not attempt to sign in, this may indicate an automated syst Labels + Thank you, Account Security Team (Simulation)",1,0.43884639239197853
2025-11-29T14:40:55.829416,phishing_alert,0,0,Confirm Your Account Security Settings - affafahmad79@gmail.com - Gmail - Google Chrome,,,,"Confirm Your Account Security Settings - affafahmad79@gmail.com - Gmail - Google Chrome
| Saas RCE y 8 ? | [Geto ocean ecmCMnenetar 7 =ommmall:googie.com/mail/u/0/2ogbl#inbox/EMfcgz@dzcpNkrgJBvhBxzijweMKIEGhS = [4 Gmail Q_ Search mail ' j < 8a ? owl @& : | 2 Compose | To Confirm Your Account Security Settings sInbox 480 | xx Starred (2) Affaf Ahmad <affafahmadd@gmail.com> Cy tomev @? = Snoozed E> Sent Hi, D Drafts We detected a configuration mismatch in your account security settir | Purchases 25 Please review the simulated security alert at the link below: ??More Test Confirmation Link (non-functional): https://example.net/security- If you didn?? make any recent changes, please ignore this message < Labels + Regards, Security Operations (Simulation)",1,0.8365977443609023
2025-11-29T14:40:55.830080,snapshot,0,0,Confirm Your Account Security Settings - affafahmad79@gmail.com - Gmail - Google Chrome,,,,"| Saas RCE y 8 ? | [Geto ocean ecmCMnenetar 7 =ommmall:googie.com/mail/u/0/2ogbl#inbox/EMfcgz@dzcpNkrgJBvhBxzijweMKIEGhS = [4 Gmail Q_ Search mail ' j < 8a ? owl @& : | 2 Compose | To Confirm Your Account Security Settings sInbox 480 | xx Starred (2) Affaf Ahmad <affafahmadd@gmail.com> Cy tomev @? = Snoozed E> Sent Hi, D Drafts We detected a configuration mismatch in your account security settir | Purchases 25 Please review the simulated security alert at the link below: ??More Test Confirmation Link (non-functional): https://example.net/security- If you didn?? make any recent changes, please ignore this message < Labels + Regards, Security Operations (Simulation)",1,0.8364583333333334
2025-11-29T14:40:58.407393,snapshot,0,0,Confirm Your Account Security Settings - affafahmad79@gmail.com - Gmail - Google Chrome,,,,"| [e San OTS ASOT SET y S38 db 124 FA Phishing Alert - oO x eal KrgJBvhBxzjwPMKIEGhS iThisyemailllookstsuspicious!) | Be careful before clicking any links. Consider contacting IT or the sender, | ? 868 ? @,.@ Bi: | @ Compose ??ae Confirm Your Account Security Settings sInbox 480 | xx Starred (2) Affaf Ahmad <affafahmadd@gmail.com> Cy tomev @? = Snoozed E> Sent Hi, D Drafts We detected a configuration mismatch in your account security settir | Purchases 25 Please review the simulated security alert at the link below: ??More Test Confirmation Link (non-functional): https://example.net/security- If you didn?? make any recent changes, please ignore this message < Labels + Regards, Security Operations (Simulation)",1,0.8374850775964983
2025-11-29T14:41:01.371884,snapshot,0,0,Confirm Your Account Security Settings - affafahmad79@gmail.com - Gmail - Google Chrome,,,,"| four Account Sacutty Settaigsy i! x , } fatfafehnred 798 gimacome Graal sGoogic Chroma) \ nS mem Tall: googie.com/mail/u/O/2ogbl#inbox/EMicgz@dzcpNkrg)J BvhBxzjwBMkKIEGhS = [4 Gmail Q. Search mail ' j < 8a ? owl @& : | 2 Compose | To Confirm Your Account Security Settings sInbox 480 | xx Starred (2) Affaf Ahmad <affafahmadd@gmail.com> Cy tomev @? = Snoozed E> Sent Hi, D Drafts We detected a configuration mismatch in your account security settir | Purchases 25 Please review the simulated security alert at the link below: ??More Test Confirmation Link (non-functional): https://example.net/security- If you didn?? make any recent changes, please ignore this message < Labels + Regards, Security Operations (Simulation)",1,0.8363062352012629
2025-11-29T14:41:04.076150,snapshot,0,0,Confirm Your Account Security Settings - affafahmad79@gmail.com - Gmail - Google Chrome,,,,"| [e eta CUE ACEOI SAUTE STN urs et fatfafehired 790 gimacome Graal s Googkc Chroma) \ MA TOCR EX) | four Account Socutty Settangay Bx"") fatfaichared 798) Se | = SE ED Gattis mae gle-com/mail/u/0/Zogbl#inbox/EMfcgz@dzcpNkrgJBvhBxzjweMKIEGhS = [4 Gmail Q_ Search mail ' j < 8a ? owl @& : | 2 Compose | To Confirm Your Account Security Settings sInbox 480 | xx Starred (2) Affaf Ahmad <affafahmadd@gmail.com> tome v @? = Snoozed CO E> Sent Hi, D Drafts We detected a configuration mismatch in your account security settir | Purchases 25 Please review the simulated security alert at the link below: ??More Test Confirmation Link (non-functional): https://example.net/security- If you didn?? make any recent changes, please ignore this message < Labels + Regards, Security Operations (Simulation)",1,0.8392902179787426
2025-11-29T14:41:06.451309,snapshot,0,0,Confirm Your Account Security Settings - affafahmad79@gmail.com - Gmail - Google Chrome,,,,"| uy 8 > fatfatehied 790 gimacome Graal s Googic Chroma) \ aa Sa a maiigooglecom/mail/u/Ojcogbitinbox/EMicaz@dzcpNikrq BYNBxz WPEMKIEGHS = [4 Gmail Q_ Search mail ' j < 8a ? owl @& : | 2 Compose | To Confirm Your Account Security Settings sInbox 480 | xx Starred (2) Affaf Ahmad <affafahmadd@gmail.com> Cy tomev @? = Snoozed E> Sent Hi, D Drafts We detected a configuration mismatch in your account security settir | Purchases 25 Please review the simulated security alert at the link below: ??More Test Confirmation Link (non-functional): https://example.net/security- If you didn?? make any recent changes, please ignore this message < Labels + Regards, Security Operations (Simulation)",1,0.8367109634551495
2025-11-29T14:41:09.662114,snapshot,0,0,Confirm Your Account Security Settings - affafahmad79@gmail.com - Gmail - Google Chrome,,,,"| [e eta CUE ACEOI SAUTE STN wy 68 at fatfafshnred79@ qrmacome Graal = Googic Chroma) \ ee CORTORY uy 83 fatfatchsed 790 geriscome Grads Chroma)??ON ae ae a 7 =ommmall:googie.com/mail/u/0/zogbl#inbox/EMfcgz@dzcpNkrgJBvhBxzijweMKIEGhS = [4 Gmail Q_ Search mail ' j < 8a ? owl @& : | 2 Compose | To Confirm Your Account Security Settings sInbox 480 | xx Starred (2) Affaf Ahmad <affafahmadd@gmail.com> tome v @? = Snoozed CO E> Sent Hi, D Drafts We detected a configuration mismatch in your account security settir | Purchases 25 Please review the simulated security alert at the link below: ??More Test Confirmation Link (non-functional): https://example.net/security- If you didn?? make any recent changes, please ignore this message < Labels + Regards, Security Operations (Simulation)",1,0.8383678662304617
2025-11-29T14:41:12.417317,phishing_alert,0,0,Confirm Your Account Security Settings - affafahmad79@gmail.com - Gmail - Google Chrome,,,,"Confirm Your Account Security Settings - affafahmad79@gmail.com - Gmail - Google Chrome
=e Sa ee fatfafehied 790 gimacone Graal s Googic Chroma) \ BAT OCR EGR | fe eta, CU EACEON SAUTE STN wy 66 ot fotfafshweds9@) Se , germcome: Is Chroma ON 3020.8 7 community cogre.co a 0 re 7 =ommmall:googie.com/mail/u/0/2ogbl#inbox/EMfcgz@dzcpNkrgJBvhBxzjweMKIEGhS = [4 Gmail Q_ Search mail ' j < 8a ? owl @& : | 2 Compose | To Confirm Your Account Security Settings sInbox 480 | xx Starred (2) Affaf Ahmad <affafahmadd@gmail.com> Cy tomev @? = Snoozed E> Sent Hi, D Drafts We detected a configuration mismatch in your account security settir | Purchases 25 Please review the simulated security alert at the link below: ??More Test Confirmation Link (non-functional): https://example.net/security- If you didn?? make any recent changes, please ignore this message < Labels + Regards, Security Operations (Simulation)",1,0.8383059418457649
2025-11-29T14:41:12.417907,snapshot,0,0,Confirm Your Account Security Settings - affafahmad79@gmail.com - Gmail - Google Chrome,,,,"=e Sa ee fatfafehied 790 gimacone Graal s Googic Chroma) \ BAT OCR EGR | fe eta, CU EACEON SAUTE STN wy 66 ot fotfafshweds9@) Se , germcome: Is Chroma ON 3020.8 7 community cogre.co a 0 re 7 =ommmall:googie.com/mail/u/0/2ogbl#inbox/EMfcgz@dzcpNkrgJBvhBxzjweMKIEGhS = [4 Gmail Q_ Search mail ' j < 8a ? owl @& : | 2 Compose | To Confirm Your Account Security Settings sInbox 480 | xx Starred (2) Affaf Ahmad <affafahmadd@gmail.com> Cy tomev @? = Snoozed E> Sent Hi, D Drafts We detected a configuration mismatch in your account security settir | Purchases 25 Please review the simulated security alert at the link below: ??More Test Confirmation Link (non-functional): https://example.net/security- If you didn?? make any recent changes, please ignore this message < Labels + Regards, Security Operations (Simulation)",1,0.838375350140056
2025-11-29T14:41:15.527492,snapshot,0,0,Confirm Your Account Security Settings - affafahmad79@gmail.com - Gmail - Google Chrome,,,,"fatfafehed79@ qimacome Graal e Googic Chroma) \ - Ze Ss ee fatfatchied 790 germcone Graal s' Chroma); ON OA CCR GA See OU ENCLONT SATE STH wy Effet) S14 ? J Phishing Alert = oO Name /BvhBxzjweMkIEGhS _ iThisyemailllookstsuspicious!) Be careful before clicking any links. Consider contacting IT or the sender, 2 fo: ee Confirm Your Account Security Settings sInbox 480 | xx Starred (2) Affaf Ahmad <affafahmadd@gmail.com> Cy tomev @? = Snoozed E> Sent Hi, D Drafts We detected a configuration mismatch in your account security settir | Purchases 25 Please review the simulated security alert at the link below: ??More Test Confirmation Link (non-functional): https://example.net/security- If you didn?? make any recent changes, please ignore this message < Labels + Regards, Security Operations (Simulation)",1,0.8386210563629919
2025-11-29T14:41:18.622021,snapshot,0,0,Confirm Your Account Security Settings - affafahmad79@gmail.com - Gmail - Google Chrome,,,,"| four Account Sacurfy Settaig? ity] $3 db fatfafehred 798 gimacome Graal = Googie Chroma) \ Ba LOCR ESS): fatfaiched?9@ qaracome Grau e: Chroma)??ON i [cictoar sareons Sy ereisteetiscaee oreconS 7 =ommmall:googie.com/mail/u/0/2ogbl#inbox/EMfcgz@dzcpNkrgJBvhBxzijweMkKIEGhS = [4 Gmail Q_ Search mail ' j < 8a ? owl @& : | 2 Compose | To Confirm Your Account Security Settings sInbox 480 | xx Starred (2) Affaf Ahmad <affafahmadd@gmail.com> Cy tomev @? = Snoozed E> Sent Hi, D Drafts We detected a configuration mismatch in your account security settir | Purchases 25 Please review the simulated security alert at the link below: ??More Test Confirmation Link (non-functional): https://example.net/security- If you didn?? make any recent changes, please ignore this message < Labels + Regards, Security Operations (Simulation)",1,0.8365714285714286
2025-11-29T14:41:21.629360,snapshot,0,0,??screen_monitor.py - AI_Proj - Visual Studio Code,,,,,0,0.0
2025-11-29T14:55:18.065027,snapshot,0,0,Inbox (480) - affafahmad79@gmail.com - Gmail - Google Chrome,,,,"MR 0x (480) Tatfafahmad/9@ cima a en Â© Me: METail cooglecomymail/u/0/2o0gbitinbox = [4 Gmail Q_ Search mail ' | O-~ Â¢c i: | 2 Compose | Ee F Promotions Pp te AA, [Inbox 480 Â» i rimary S Apple TV â€” Last chance: Sav vy Starred 20) + Affaf Anmad Confirm Your Account Securit: Â© Snoozed 0 x Affaf Anmad Action Required to Validate Yc E> Sent Ol x Affaf Ahmad URGENT: Password Reset R C1 Drafts aa Purch 95 Ol x Affaf Ahmad URGENT: Password Reset R urchases Yâ€™ More O) x Affaf Anmad URGENT: Password Reset Rec Ol x Affaf Ahmad URGENT: Password Reset Rec Labels fe Ol x Affaf Ahmad Alert: Unusual Transaction Att Ol x Affaf Ahmad IT Helpdesk: New Security Up: Ol vw Affaf Anmad Emergency Request for Flood Ol x Affaf Ahmad Congratulations! You Are Shor Ol x Affaf Ahmad New Invoice #4482 Due Imme [1 wH* Affaf Ahmad Alert: Unusual Transaction Att",1,0.4738881401617251
2025-11-29T14:55:20.769119,snapshot,0,0,Action Required to Validate Your Account - affafahmad79@gmail.com - Gmail - Google Chrome,,,,"OCR EER WR Os UBT Tathafohuriod/9 cars a en Â© Mee MET oR - w en CMe: Mail googlecom/mail/u/0/70gbitinbox/EMicgz@dzcpNkrahivVZOpdWmbsllblEx = [4 Gmail Q_ Search mail ' j < 8a Â© owl @& : | 2 Compose | TO Action Required to Validate Your Accour sInbox 480 | xx Starred (2) Affaf Ahmad <affafahmadd@gmail.com> Cy tomev @Â® = Snoozed E> Sent Hello, CD) Drafts Our system detected unusual sign-in activity on your account. As a fF | Purchases 25 To continue using your account normally, please complete the verific â€™ More Test Verification Link (non-functional): https://example.com/verify-ses If you did not attempt to sign in, this may indicate an automated syst Labels + Thank you, Account Security Team (Simulation)",1,0.4384737995616657
2025-11-29T14:55:23.863017,snapshot,0,0,Action Required to Validate Your Account - affafahmad79@gmail.com - Gmail - Google Chrome,,,,"fatfatehmed 790g makcomy Grad = Googi Chrome \ BE TOCR IT) OCR EER WR Os UB T Tathalohunod/9 cars a on Â© Moe MET) OS | OCG) 0g bitan box/Ovieg2 @ dzephirahsyvZ Opd \Wmball cee es ape a com/mail/u/0/2 og bi#inbox/EMicgz@dzcpNkrgivVZQndWmbsllbUixD = [4 Gmail Q_ Search mail ' j < 8a Â© owl @& : | 2 Compose | TO Action Required to Validate Your Accour sInbox 480 | xx Starred (2) Affaf Ahmad <affafahmadd@gmail.com> Cy tomev @Â® = Snoozed E> Sent Hello, Ci Drafts Our system detected unusual sign-in activity on your account. As a fF (*) +Purchases 25 To continue using your account normally, please complete the verific vâ€™ More Test Verification Link (non-functional): https://example.com/verify-ses If you did not attempt to sign in, this may indicate an automated syst Labels + Thank you, Account Security Team (Simulation)",1,0.43909138020383487
2025-11-29T14:55:27.386680,snapshot,0,0,Action Required to Validate Your Account - affafahmad79@gmail.com - Gmail - Google Chrome,,,,"fatfafehed79@ gimilcone Gram + Googie Chroma) \ BAT OCRESK) fotfatchmed 7909 Imeaoomy Grad = Googi Chrome \ GE] Se BB bocjacacs entree aren raare Ga reaea 7 om mall:googie.com/mail/u/0/zogbl#inbox/EMfcgz@dzcpNkrgiivVZOpdWmbsllblEixb, = [4 Gmail Q. Search mail ' j < 8a Â© owl @& : | 2 Compose | TO Action Required to Validate Your Accour sInbox 480 | xx Starred (2) Affaf Ahmad <affafahmadd@gmail.com> Cy tomev @Â® = Snoozed E> Sent Hello, CD) Drafts Our system detected unusual sign-in activity on your account. As a fF | Purchases 25 To continue using your account normally, please complete the verific â€™ More Test Verification Link (non-functional): https://example.com/verify-ses If you did not attempt to sign in, this may indicate an automated syst Labels + Thank you, Account Security Team (Simulation)",1,0.43732605249251366
2025-11-29T14:55:30.865846,snapshot,0,0,Action Required to Validate Your Account - affafahmad79@gmail.com - Gmail - Google Chrome,,,,"fatfafehed79@ gimicome Gram + Googie Chroma) \ BOCK 7%} fatfsfched79@ gamaicone GrantÂ» Googie Chroma) \ GAT) ON : OS atch 02 rear) Ss Cae rar G)se88) Ibocpocacs entrec aren rxwe: Pers, om maltgoog co ss a 2 7 =ommmall:googie.com/mail/u/0/zogbl#inbox/EMfcgz@dzcpNkrgiivVZOpdWmbsllbllEixb, = [4 Gmail Q. Search mail ' j < 8a Â© owl @& : | 2 Compose | TO Action Required to Validate Your Accour sInbox 480 | xx Starred (2) Affaf Ahmad <affafahmadd@gmail.com> Cy tomev @Â® = Snoozed E> Sent Hello, CD) Drafts Our system detected unusual sign-in activity on your account. As a fF | Purchases 25 To continue using your account normally, please complete the verific â€™ More Test Verification Link (non-functional): https://example.com/verify-ses If you did not attempt to sign in, this may indicate an automated syst Labels + Thank you, Account Security Team (Simulation)",1,0.43688551633124384
2025-11-29T14:55:34.899252,snapshot,0,0,Action Required to Validate Your Account - affafahmad79@gmail.com - Gmail - Google Chrome,,,,"fatfafehed79@ gimacome Grail + Googie Chroma) \ MILOCRESSY fatfafched79@ qsracome Gram + Googie Chroma) \ BOCK] ON ee ee 7 =ommmall:googie.com/mail/u/0/zogbl#inbox/EMfcgz@dzcpNkrgiivVZOpdWmbsllblExb, = [4 Gmail Q_ Search mail ' j < 8a Â© owl @& : | 2 Compose | TO Action Required to Validate Your Accour sInbox 480 | xx Starred (2) Affaf Ahmad <affafahmadd@gmail.com> Cy tomev @Â® = Snoozed E> Sent Hello, CD) Drafts Our system detected unusual sign-in activity on your account. As a fF | Purchases 25 To continue using your account normally, please complete the verific â€™ More Test Verification Link (non-functional): https://example.com/verify-ses If you did not attempt to sign in, this may indicate an automated syst Labels + Thank you, Account Security Team (Simulation)",1,0.4377091377091377
2025-11-29T14:55:38.087196,snapshot,0,0,Action Required to Validate Your Account - affafahmad79@gmail.com - Gmail - Google Chrome,,,,"eee st IMAL OCRESSY fatfaiched79@ qiacome Grams Googie Chroma) \ COO EEoneinass corse convnenun og benbav ON en ecparmm COM/Mall/U/O/2ogbi#inbox/EMicgz@dzcpNkrglivVZOpdWmbsliblixD = [4 Gmail Q. Search mail ' j < 8a Â© owl @& : | 2 Compose | TO Action Required to Validate Your Accour sInbox 480 | xx Starred (2) Affaf Ahmad <affafahmadd@gmail.com> Cy tomev @Â® = Snoozed E> Sent Hello, CD) Drafts Our system detected unusual sign-in activity on your account. As a fF | Purchases 25 To continue using your account normally, please complete the verific â€™ More Test Verification Link (non-functional): https://example.com/verify-ses If you did not attempt to sign in, this may indicate an automated syst Labels + Thank you, Account Security Team (Simulation)",1,0.43861105869031897
2025-11-29T14:55:42.288727,snapshot,0,0,Inbox (480) - affafahmad79@gmail.com - Gmail - Google Chrome,,,,"| | ; a Patfafahmed79@ gredcomys Grail + Googie Chrome , BET OCRIWS one st BAAL OCRESSY fatfaached79@ qascome Grams Googad, ON : cana year gL crepRrENZORMEMEDE COM/Mail/U/O/2Ogoi#tinbOxt = [4 Gmail Q_ Search mail ' | O-~ Â¢c i: | 2 Compose | Ee F Promotions (Primary eS _â€”â€”â€” [Inbox 480 Â» Apple TV â€” Last chance: Sav vy Starred O) x Affaf Anmad Confirm Your Account Securit Â© Snoozed 0 x Affaf Anmad Action Required to Validate Yc Sent e Ol x Affaf Ahmad URGENT: Password Reset R C1 Drafts aa Affaf Ahmad URGENT: Password Reset R (Purchases 25 UO * v oO Affaf Ahmad URGENT: Password Reset Rec More Ol x Affaf Ahmad URGENT: Password Reset Rec Labels fe Ol x Affaf Ahmad Alert: Unusual Transaction Att Ol x Affaf Ahmad IT Helpdesk: New Security Up: Ol vw Affaf Anmad Emergency Request for Flood Ol x Affaf Ahmad Congratulations! You Are Shor Ol x Affaf Ahmad New Invoice #4482 Due Imme [1 wH* Affaf Ahmad Alert: Unusual Transaction Att",1,0.4763572945101608
2025-11-29T14:55:45.448945,phishing_alert,0,0,Confirm Your Account Security Settings - affafahmad79@gmail.com - Gmail - Google Chrome,,,,"Confirm Your Account Security Settings - affafahmad79@gmail.com - Gmail - Google Chrome
| << cad eet nihmedio Ra redeamy Cred eGscs is Cheon $3 | hb OCREORY | 28 Patlatshimed79@ Gredcomrtys Grail.Â» Gaogia Ghrota . BIIGET OCRAYS one st BAAL CORESSY fatfaached?9 8 qsxtome Grams) Ne 7 om mall:googie.com/mail/u/0/zogbl#inbox/EMfcgz@dzcpNkrgJBvhBxzijweMKIEGhS = [4 Gmail Q_ Search mail ' j < 8a Â© owl @& : | 2 Compose | To Confirm Your Account Security Settings sInbox 480 | xx Starred (2) Affaf Ahmad <affafahmadd@gmail.com> tome v @Â® = Snoozed CO E> Sent Hi, D Drafts We detected a configuration mismatch in your account security settir | Purchases 25 Please review the simulated security alert at the link below: â€™ More Test Confirmation Link (non-functional): https://example.net/security- If you didnâ€™t make any recent changes, please ignore this message < Labels + Regards, Security Operations (Simulation)",1,0.8393792888334374
2025-11-29T14:55:45.449415,snapshot,0,0,Confirm Your Account Security Settings - affafahmad79@gmail.com - Gmail - Google Chrome,,,,"| << cad eet nihmedio Ra redeamy Cred eGscs is Cheon $3 | hb OCREORY | 28 Patlatshimed79@ Gredcomrtys Grail.Â» Gaogia Ghrota . BIIGET OCRAYS one st BAAL CORESSY fatfaached?9 8 qsxtome Grams) Ne 7 om mall:googie.com/mail/u/0/zogbl#inbox/EMfcgz@dzcpNkrgJBvhBxzijweMKIEGhS = [4 Gmail Q_ Search mail ' j < 8a Â© owl @& : | 2 Compose | To Confirm Your Account Security Settings sInbox 480 | xx Starred (2) Affaf Ahmad <affafahmadd@gmail.com> tome v @Â® = Snoozed CO E> Sent Hi, D Drafts We detected a configuration mismatch in your account security settir | Purchases 25 Please review the simulated security alert at the link below: â€™ More Test Confirmation Link (non-functional): https://example.net/security- If you didnâ€™t make any recent changes, please ignore this message < Labels + Regards, Security Operations (Simulation)",1,0.8395617667356798
2025-11-29T14:55:48.132765,snapshot,0,0,Confirm Your Account Security Settings - affafahmad79@gmail.com - Gmail - Google Chrome,,,,"Say? fatfatahmed79 @ gmakcome Grual: Googie Chrome a . BE OCRESK) |ecccod ort nihmedas Ra redecmy Cred ears Â«Cheon $3) Se (Escctemementimeeeaem 7 =ommmall:googie.com/mail/u/0/zogbl#inbox/EMfcgz@dzcpNkrgJBvhBxzjweMkIEGhS = [4 Gmail Q_ Search mail a â€œS| @ Ay Phishing Alert â€” oO x | 2 Compose | inbox ~ | Be careful before clicking any links, Consider contacting IT or the sender. Settings yx Starred Cyâ€� tomev @Â® = Snoozed E> Sent Hi, D Drafts We detected a configuration mismatch in your account security settir | Purchases 25 Please review the simulated security alert at the link below: â€™ More Test Confirmation Link (non-functional): https://example.net/security- If you didnâ€™t make any recent changes, please ignore this message < Labels + Regards, Security Operations (Simulation)",1,0.8367270120093208
2025-11-29T14:55:50.367932,snapshot,0,0,tk,,,,"al een _ fatfatahned79@ gmakcomy Grea Googie Chrome aE OCRTOR) Say fatfatshimed?79 Â© gimicome Gruck Googse Chrome a: ee eEEEE REA 7 mai:googie.com/mail/U/0/2ogbl#inbox/EMfcgz@dzcpNkrgJBvhBxzijweMKIEGhS = [4 Gmail Q_ Search mail ' j < 8a Â© owl @& : | 2 Compose | To Confirm Your Account Security Settings sInbox 480 | xx Starred (2) Affaf Ahmad <affafahmadd@gmail.com> tome v @Â® = Snoozed CO E> Sent Hi, D Drafts We detected a configuration mismatch in your account security settir | Purchases 25 Please review the simulated security alert at the link below: â€™ More Test Confirmation Link (non-functional): https://example.net/security- If you didnâ€™t make any recent changes, please ignore this message < Labels + Regards, Security Operations (Simulation)",1,0.8380326637882486
2025-11-29T14:55:53.277151,snapshot,0,0,tk,,,,"Ce J iy & COCREAS al eons fatfatahned79@ gireskoomy Gres Googre Chrome af) en CMe: METail cooglecom/mail/u/0/zogbitinbox/EMfcqz@dzcp Nkrq) ByhBxzjwRMkIEGhS = [4 Gmail Q_ Search mail ' j < 8a Â© owl @& : | 2 Compose | oO Confirm Your Account Security Settings sInbox 480 | xr Starred (2) Affaf Ahmad <affafahmadd@gmail.com> tome v @Â® = Snoozed CO E> Seni Hi, CD) Drafts We detected a configuration mismatch in your account security settir | Purchases 25 Please review the simulated security alert at the link below: â€™ More Test Confirmation Link (non-functional): https://example.net/security- If you didnâ€™t make any recent changes, please ignore this message < Labels + Regards, Security Operations (Simulation)",1,0.8377893056664006
2025-11-29T14:55:55.536773,snapshot,0,0,tk,,,,"eal - Googre Chrome af) en Ove: METaal) fooag iecomyreau Vag ben box Oven: @diep Nivq Cheer ARNE GAS aH Greed Ol Search res P P a7 =ommmall:googie.com/mail/u/0/2ogbl#inbox/EMfcgz@dzcpNkrgJBvhBxzjweMkKIEGhS = [4 Gmail Q_ Search mail ' j < 8a Â© owl @& : | 2 Compose | To Confirm Your Account Security Settings sInbox 480 | xx Starred (2) Affaf Ahmad <affafahmadd@gmail.com> tome v @Â® = Snoozed CO E> Sent Hi, D Drafts We detected a configuration mismatch in your account security settir | Purchases 25 Please review the simulated security alert at the link below: â€™ More Test Confirmation Link (non-functional): https://example.net/security- If you didnâ€™t make any recent changes, please ignore this message < Labels + Regards, Security Operations (Simulation)",1,0.8379955123410622
2025-11-29T14:55:58.272044,snapshot,0,0,tk,,,,"OCR EGR} el Googre Chrome af] en Ove METanf) foosg incomyresy Â¥09 ben box Over? @ dic hava Choct ARNE GAS SH Grond Ol Search tes) Dal co mg Cog se. comyiraml/u//20g bitn box/Oiogz @ 0) en CMe: METail cooglecom/mail/u/0/zogbitinbox/EMfcqz@dzcp Nkrq) ByhBxzjwRMkIEGhS = [4 Gmail Q_ Search mail ' j < 8a Â© owl @& : | 2 Compose | To Confirm Your Account Security Settings sInbox 480 | xx Starred (2) Affaf Ahmad <affafahmadd@gmail.com> tome v @Â® = Snoozed CO E> Sent Hi, D Drafts We detected a configuration mismatch in your account security settir | Purchases 25 Please review the simulated security alert at the link below: â€™ More Test Confirmation Link (non-functional): https://example.net/security- If you didnâ€™t make any recent changes, please ignore this message < Labels + Regards, Security Operations (Simulation)",1,0.8386320346320347
2025-11-29T14:56:01.184912,phishing_alert,0,0,Inbox (480) - affafahmad79@gmail.com - Gmail - Google Chrome,,,,"Inbox (480) - affafahmad79@gmail.com - Gmail - Google Chrome
Bi stcomyresy 909 bes box Overt Ode hava Choct ARNE GAS SH Grond Se SEES 9. Cog sexcomysesri/u//209 ban bow/Onogs) COR CREEâ€� Mailâ€™ googlecom/mail/u/0/Zogbl#inbox VY = [4 Gmail Q_ Search mail ' j < 8a Â© owl @& : | 2 Compose | To Confirm Your Account Security Settings sInbox 480 | xx Starred (2) Affaf Ahmad <affafahmadd@gmail.com> Cy tomev @Â® = Snoozed E> Sent Hi, D Drafts We detected a configuration mismatch in your account security settir | Purchases 25 Please review the simulated security alert at the link below: â€™ More Test Confirmation Link (non-functional): https://example.net/security- If you didnâ€™t make any recent changes, please ignore this message < Labels + Regards, Security Operations (Simulation)",1,0.8377200943909966
2025-11-29T14:56:01.185466,snapshot,0,0,Inbox (480) - affafahmad79@gmail.com - Gmail - Google Chrome,,,,"Bi stcomyresy 909 bes box Overt Ode hava Choct ARNE GAS SH Grond Se SEES 9. Cog sexcomysesri/u//209 ban bow/Onogs) COR CREEâ€� Mailâ€™ googlecom/mail/u/0/Zogbl#inbox VY = [4 Gmail Q_ Search mail ' j < 8a Â© owl @& : | 2 Compose | To Confirm Your Account Security Settings sInbox 480 | xx Starred (2) Affaf Ahmad <affafahmadd@gmail.com> Cy tomev @Â® = Snoozed E> Sent Hi, D Drafts We detected a configuration mismatch in your account security settir | Purchases 25 Please review the simulated security alert at the link below: â€™ More Test Confirmation Link (non-functional): https://example.net/security- If you didnâ€™t make any recent changes, please ignore this message < Labels + Regards, Security Operations (Simulation)",1,0.8379378197560017
2025-11-29T15:12:08.463929,click,1404,1042,tk,,,,,0,0.0
2025-11-29T15:12:10.976984,click,37,98,Confirm Your Account Security Settings - affafahmad79@gmail.com - Gmail - Google Chrome,,,,,0,0.0
2025-11-29T15:12:12.721837,click,430,342,Inbox (480) - affafahmad79@gmail.com - Gmail - Google Chrome,,,,,0,0.0
2025-11-29T15:12:32.286006,click,20,70,Confirm Your Account Security Settings - affafahmad79@gmail.com - Gmail - Google Chrome,,,,,0,0.0
2025-11-29T15:12:34.177055,click,1340,1034,Inbox (480) - affafahmad79@gmail.com - Gmail - Google Chrome,,,,,0,0.0
2025-11-29T15:12:35.443045,click,1311,930,,,,,,0,0.0
2025-11-29T15:12:39.167688,click,1241,1067,screen_monitor.py - AI_Proj - Visual Studio Code,,,,,0,0.0
2025-11-29T15:12:40.283880,click,1331,1056,Code indentation fix - Google Chrome,,,,,0,0.0
2025-11-29T15:12:42.250112,click,1397,1059,,,,,,0,0.0
2025-11-29T15:12:43.769512,click,47,82,Inbox (480) - affafahmad79@gmail.com - Gmail - Google Chrome,,,,,0,0.0
2025-11-29T15:12:45.223462,click,28,80,Confirm Your Account Security Settings - affafahmad79@gmail.com - Gmail - Google Chrome,,,,,0,0.0
2025-11-29T15:12:46.919987,click,633,457,Inbox (480) - affafahmad79@gmail.com - Gmail - Google Chrome,,,,,0,0.0
2025-11-29T15:12:56.035747,click,1394,1047,URGENT: Password Reset Required Now - affafahmad79@gmail.com - Gmail - Google Chrome,,,,,0,0.0
2025-11-29T15:12:57.836404,click,1345,1051,Code indentation fix - Google Chrome,,,,,0,0.0
2025-11-29T15:12:58.867019,click,1236,918,,,,,,0,0.0
2025-11-29T15:13:00.040467,click,851,909,screen_monitor.py - AI_Proj - Visual Studio Code,,,,,0,0.0
2025-11-29T15:13:02.126200,click,887,277,screen_monitor.py - AI_Proj - Visual Studio Code,,,,,0,0.0
2025-11-29T15:13:03.578986,click,887,277,screen_monitor.py - AI_Proj - Visual Studio Code,,,,,0,0.0
2025-11-29T15:13:17.994968,click,1297,1041,â—� screen_monitor.py - AI_Proj - Visual Studio Code,,,,,0,0.0
2025-11-29T15:13:19.591812,click,1248,1040,(4) WhatsApp - Google Chrome,,,,,0,0.0
2025-11-29T15:13:27.271603,click,1307,1054,Code indentation fix - Google Chrome,,,,,0,0.0
2025-11-29T15:13:28.580483,click,1408,1056,(4) WhatsApp - Google Chrome,,,,,0,0.0
2025-11-29T15:13:29.760676,click,1346,1063,URGENT: Password Reset Required Now - affafahmad79@gmail.com - Gmail - Google Chrome,,,,,0,0.0
2025-11-29T15:13:31.057334,click,1272,889,,,,,,0,0.0
2025-11-29T15:13:36.643223,click,1239,1079,â—� screen_monitor.py - AI_Proj - Visual Studio Code,,,,,0,0.0
2025-11-29T15:13:57.324592,click,953,477,Code indentation fix - Google Chrome,,,,,0,0.0
2025-11-29T15:14:07.168191,click,1532,594,Code indentation fix - Google Chrome,,,,,0,0.0
2025-11-29T15:14:08.710213,click,148,254,Code indentation fix - Google Chrome,,,,,0,0.0
2025-11-29T15:14:10.457033,click,753,535,ChatGPT - Google Chrome,,,,,0,0.0
2025-11-29T15:14:13.623018,click,950,735,ChatGPT - Google Chrome,,,,,0,0.0
2025-11-29T15:14:27.370400,click,1571,945,Screen monitor script - Google Chrome,,,,,0,0.0
2025-11-29T15:14:30.635650,click,1580,687,Screen monitor script - Google Chrome,,,,,0,0.0
2025-11-29T15:14:34.275488,click,1067,266,Screen monitor script - Google Chrome,,,,,0,0.0
2025-11-29T15:14:43.462253,click,871,442,Screen monitor script - Google Chrome,,,,,0,0.0
2025-11-29T15:14:51.164802,click,1568,518,Screen monitor script - Google Chrome,,,,,0,0.0
2025-11-29T15:14:55.250873,click,1289,1078,Screen monitor script - Google Chrome,,,,,0,0.0
2025-11-29T15:14:56.322108,click,1387,0,(4) WhatsApp - Google Chrome,,,,,0,0.0
2025-11-29T15:14:58.061789,click,1096,616,LISA - ROCKSTAR (Official Music Video) - YouTube - Google Chrome,,,,,0,0.0
2025-11-29T15:14:59.810066,click,1763,19,LISA - ROCKSTAR (Official Music Video) - YouTube - Google Chrome,,,,,0,0.0
2025-11-29T15:15:05.324305,click,1272,1060,Screen monitor script - Google Chrome,,,,,0,0.0
2025-11-29T15:15:06.568589,click,1413,1052,LISA - ROCKSTAR (Official Music Video) - YouTube - Google Chrome,,,,,0,0.0
2025-11-29T15:15:07.990840,click,1303,1050,URGENT: Password Reset Required Now - affafahmad79@gmail.com - Gmail - Google Chrome,,,,,0,0.0
2025-11-29T15:15:09.210122,click,139,0,LISA - ROCKSTAR (Official Music Video) - YouTube - Google Chrome,,,,,0,0.0
2025-11-29T15:15:10.681684,click,441,625,(4) WhatsApp - Google Chrome,,,,,0,0.0
2025-11-29T15:15:12.635327,click,929,984,(4) WhatsApp - Google Chrome,,,,,0,0.0
2025-11-29T15:16:23.357914,click,1233,1053,(4) WhatsApp - Google Chrome,,,,,0,0.0
2025-11-29T15:16:26.873438,click,1556,427,Screen monitor script - Google Chrome,,,,,0,0.0
2025-11-29T15:16:28.420649,click,1349,1055,Screen monitor script - Google Chrome,,,,,0,0.0
2025-11-29T15:16:29.158849,click,1232,868,,,,,,0,0.0
2025-11-29T15:16:30.282495,click,930,932,â—� screen_monitor.py - AI_Proj - Visual Studio Code,,,,,0,0.0
2025-11-29T15:16:46.993909,snapshot,0,0,screen_monitor.py - AI_Proj - Visual Studio Code,,,,,0,0.0
2025-11-29T15:16:49.259049,click,1397,1056,tk,,,,,0,0.0
2025-11-29T15:16:50.442689,snapshot,0,0,tk,,,,"View G> Gm toate) fel e > [ | xo 0 d&ekbdinggy 1 emmodelitraining py,o i \ZTAITPROJ) ReRcascreenÂ¥monitonpypae > veny SED ecimensLeep (i) 3 @ Â© cralkiatiaggy q 433 excep iy afroarEnMAARYpES __ 4M paint @Sctoppineanras)) Â© aoddlmahinggy 6 O33 Kata TUMiAgâ€�) = Fails =Zocramiemodel!pkl 8B Crys 3 Esphishingtdetectorjoblib no) Imouseilustenenmstop() 53 =a phishingâ€™model!pkl CEGADE 4D | Gass iscreensmonitorsautoslabeledicsy, 490 Sy seexLt(O) S pron | 4G excepts @S @8 492 priak(ovarllayinin leap GAROPSÂ» screensmonitoruiallog:csy, 493 state [mnunni neds) Ss Fallge pa Â© 6) Mon aRyS 495) | qeuse_Miskenar. step) Â£496) excepts 499) ass) 498 SYSECX:Lt: 1) A499) FERMINA (env) EPSEG:NUSerSNA GE aR DRO) CGLNAI@ PRO) NATEPEO): Stopping sys OR(Venv) BPSEG: NUSERSNA GLAND ROJCGINAIEE RO NAISPh ON: mlmodelt successfully Scheengmonit Of (ULALOGRMlEPhishi ng) RnUnnine mop Gan cant 23)",0,0.020045300113250286
2025-11-29T15:16:51.393201,click,15,91,URGENT: Password Reset Required Now - affafahmad79@gmail.com - Gmail - Google Chrome,,,,"View G> Gm toate) fel e > [ | xo 0 d&ekbdinggy 1 emmodelitraining py,o i \ZTAITPROJ) ReRcascreenÂ¥monitonpypae > veny SED ecimensLeep (i) 3 @ Â© cralkiatiaggy q 433 excep iy afroarEnMAARYpES __ 4M paint @Sctoppineanras)) Â© aoddlmahinggy 6 O33 Kata TUMiAgâ€�) = Fails =Zocramiemodel!pkl 8B Crys 3 Esphishingtdetectorjoblib no) Imouseilustenenmstop() 53 =a phishingâ€™model!pkl CEGADE 4D | Gass iscreensmonitorsautoslabeledicsy, 490 Sy seexLt(O) S pron | 4G excepts @S @8 492 priak(ovarllayinin leap GAROPSÂ» screensmonitoruiallog:csy, 493 state [mnunni neds) Ss Fallge pa Â© 6) Mon aRyS 495) | qeuse_Miskenar. step) Â£496) excepts 499) ass) 498 SYSECX:Lt: 1) A499) FERMINA (env) EPSEG:NUSerSNA GE aR DRO) CGLNAI@ PRO) NATEPEO): Stopping sys OR(Venv) BPSEG: NUSERSNA GLAND ROJCGINAIEE RO NAISPh ON: mlmodelt successfully Scheengmonit Of (ULALOGRMlEPhishi ng) RnUnnine mop Gan cant 23)",0,0.020045300113250286
2025-11-29T15:16:53.619416,phishing_alert,15,89,URGENT: Password Reset Required Now - affafahmad79@gmail.com - Gmail - Google Chrome,,,,"URGENT: Password Reset Required Now - affafahmad79@gmail.com - Gmail - Google Chrome
BMININURGENT password) Resct<co ume en CM: METail Google-comymail/u/0/2ogbitinbox/EMicqz@dzcpNkaxdyiLkWrbtBivkGRMN fuera (OCRAIN): View G> Gm toste) flea ([x0 Odbckbdniggy,) femmod eitraanang pyO s\CTATPRO)) ReRcancteen SioOntOn pypod Sse SS Q. Search mail ' j < 8a Â© owl @& : | 2 Compose | a URGENT: Password Reset Required Now sInbox 479 | xr Starred oO Affaf Ahmad <affafahmadd@gmail.com> ""| ""tome v @Â® = Snoozed _ E> Sent Dear User, 1) Drafts We detected unusual activity on your account. Your password must! ) Purchases 25 Please verify your account using the link below: â€™ More htip://example-phish.test/reset Failure to act within 24 hours may result in permanent account susp Labels + Thank you, Security Team",1,1.0
2025-11-29T15:16:53.620528,snapshot,15,89,URGENT: Password Reset Required Now - affafahmad79@gmail.com - Gmail - Google Chrome,,,,"BMININURGENT password) Resct<co ume en CM: METail Google-comymail/u/0/2ogbitinbox/EMicqz@dzcpNkaxdyiLkWrbtBivkGRMN fuera (OCRAIN): View G> Gm toste) flea ([x0 Odbckbdniggy,) femmod eitraanang pyO s\CTATPRO)) ReRcancteen SioOntOn pypod Sse SS Q. Search mail ' j < 8a Â© owl @& : | 2 Compose | a URGENT: Password Reset Required Now sInbox 479 | xr Starred oO Affaf Ahmad <affafahmadd@gmail.com> ""| ""tome v @Â® = Snoozed _ E> Sent Dear User, 1) Drafts We detected unusual activity on your account. Your password must! ) Purchases 25 Please verify your account using the link below: â€™ More htip://example-phish.test/reset Failure to act within 24 hours may result in permanent account susp Labels + Thank you, Security Team",1,1.0
2025-11-29T15:16:55.031260,click,513,374,Inbox (479) - affafahmad79@gmail.com - Gmail - Google Chrome,,,,"BMININURGENT password) Resct<co ume en CM: METail Google-comymail/u/0/2ogbitinbox/EMicqz@dzcpNkaxdyiLkWrbtBivkGRMN fuera (OCRAIN): View G> Gm toste) flea ([x0 Odbckbdniggy,) femmod eitraanang pyO s\CTATPRO)) ReRcancteen SioOntOn pypod Sse SS Q. Search mail ' j < 8a Â© owl @& : | 2 Compose | a URGENT: Password Reset Required Now sInbox 479 | xr Starred oO Affaf Ahmad <affafahmadd@gmail.com> ""| ""tome v @Â® = Snoozed _ E> Sent Dear User, 1) Drafts We detected unusual activity on your account. Your password must! ) Purchases 25 Please verify your account using the link below: â€™ More htip://example-phish.test/reset Failure to act within 24 hours may result in permanent account susp Labels + Thank you, Security Team",1,1.0
2025-11-29T15:16:56.185431,click,744,337,Inbox (479) - affafahmad79@gmail.com - Gmail - Google Chrome,,,,"BMININURGENT password) Resct<co ume en CM: METail Google-comymail/u/0/2ogbitinbox/EMicqz@dzcpNkaxdyiLkWrbtBivkGRMN fuera (OCRAIN): View G> Gm toste) flea ([x0 Odbckbdniggy,) femmod eitraanang pyO s\CTATPRO)) ReRcancteen SioOntOn pypod Sse SS Q. Search mail ' j < 8a Â© owl @& : | 2 Compose | a URGENT: Password Reset Required Now sInbox 479 | xr Starred oO Affaf Ahmad <affafahmadd@gmail.com> ""| ""tome v @Â® = Snoozed _ E> Sent Dear User, 1) Drafts We detected unusual activity on your account. Your password must! ) Purchases 25 Please verify your account using the link below: â€™ More htip://example-phish.test/reset Failure to act within 24 hours may result in permanent account susp Labels + Thank you, Security Team",1,1.0
2025-11-29T15:16:58.039280,snapshot,708,393,Inbox (479) - affafahmad79@gmail.com - Gmail - Google Chrome,,,,"Oy: P agleccom/mail/u/O/2ogbl#inboxt Q. Search mail _ ss ff ~ Gs : & Phishing Alert _ oO x Whisfemail) (ocks exppicions) chance: Save o... = Linkedin â€” Updates ' 2 careful before clicking any links, Consider contacting IT or the sender. unt Security Settings - Hi, We detected a co rrr rt rrr nero Validate Your Account - Hello, Our system d â€”______ etfalshimad79@ grmeacomE Gradg Google Chrome O + Affaf Anmad URGEN Dear User, We detec pC es CeO cao 25 Ol x Affaf Ahmad URGENPasswore-Reser Required wow - Dear User, We de Ol x Affaf Ahmad URGENT: Password Reset Required Now - Dear User, We detec Ol vw Affaf Anmad URGENT: Password Reset Required Now ~ Dear User, We detec + TT Ol vw Affaf Anmad Alert: Unusual Transaction Attempted - From: noreply-transale Ol vw Affaf Anmad IT Helpdesk: New Security Update Required - From: it-helpdes Ol vw Affaf Anmad Emergency Request for Flood Relief Fund - From: helpcenter@ Ol vw Affaf Anmad Congratulations! You Are Shortlisted - From: hr-corp@globalcz Ol x",1,0.46989186112692094
2025-11-29T15:17:00.826248,snapshot,500,471,Confirm Your Account Security Settings - affafahmad79@gmail.com - Gmail - Google Chrome,,,,"ee CMe ME Mail-ooglecom/mail/u/0/2ogbl#inbox/EMfcqz@dzcpNkrg/ByhBxziweMkIEGhS = fi Gmail Q_ Search mail , | Â¢ 8 O Ul B&B: Compose So Confirm Your Account Security Settings (Inbo } Inbox 479 | > Starred (2) Affaf Ahmad <affafahmadd@gmail.com> tome v ) Snoozed CO > Sent Hi, } Drafts We detected a configuration mismatch in your account security settings dur | Purchases 25 Please ees link below: ectimaigee accu: - More Test Confiteatcc into etnonininpaeepronebxample.net/security-review. If you didnâ€™t make any recent changes, please ignore this message after co ibels + Regards, Security Operations (Simulation)",1,0.43702671312427416
2025-11-29T15:17:02.976336,snapshot,881,462,Confirm Your Account Security Settings - affafahmad79@gmail.com - Gmail - Google Chrome,,,,"bl#inbox/EMfcgz@dzcpNkrgJBvhBxzjweMkIEGhS ch mail iz | Â© Ul] es & : onfirm Your Account Security Settings [Inbox x) faf Ahmad <affafahmadd@gmail.com> nev Â» detected a configuration mismatch in your account security settings during a routine system audit. Some services may be ter ase review the simulated security alert at the link below: Cae st Confirmation Link (non-functional): https://example.net/security ou didnâ€™t make any recent changes, please ignore this message after completing the simulation check. gards, curity Operations (Simulation)",1,0.8332730560578663
2025-11-29T15:17:05.852765,snapshot,1170,468,Confirm Your Account Security Settings - affafahmad79@gmail.com - Gmail - Google Chrome,,,,vBMKIEGHS) â€”F z= curity Settings [inbox x) 6:56PM (1 hour ago) yur account security settings during a routine system audit. Some services may be temporarily paused until we confirm that ev . naman TOUT ex & fonfam Your Account Seautity Settuigs Wibox x) faf Aired] . . <atfafohiredd @gireilcom> neve detected a configuration )s://example.net/security-review-step a5) ise ignore this message after completing the simulation check.,1,0.43390785548558175
2025-11-29T15:17:08.282706,snapshot,1694,468,Confirm Your Account Security Settings - affafahmad79@gmail.com - Gmail - Google Chrome,,,,- @ az 1 of 744 < > [ani = Â© 6:56PM(1hourago) yy @ G } 6 Â° iO s may be temporarily paused until we confirm that everything is correct. â€”_ fag 0) YUE accoUnt scummy settigs dunnig aroutne system aud {Som} Pennices muy be temporarily pauted until we con frm) [aS9) +,0,0.004850746268656717
2025-11-29T15:17:11.057169,phishing_alert,704,504,Confirm Your Account Security Settings - affafahmad79@gmail.com - Gmail - Google Chrome,,,,"Confirm Your Account Security Settings - affafahmad79@gmail.com - Gmail - Google Chrome
ogle.com/mail/u/0/2ogbl#inbox/EMicgz@dzcpNkrgJBvhBxzjweMkIEGhS Q. Search mail â‚¬ @ Â© 8 |S @: We Confirm Your Account Security Settings [Inbox x) (2) Affaf Ahmad <affafahmadd@gmail.com> Cc) tome v Hi, We detected a configuration mismatch in your account security settings during a routine system audit. S 25 Please review the simulated security alert at the link below: Test Confirmation Link (non-functional): = ismay be temporarily paused unth we confam that everythaig a) lcorrectias fag O) YU EacooUnt scummy sctags dunnsg &) If you didnâ€™t make any recent changes, ple#a@2 onc 2 os sss po pling the simulation chec + Regards, Security Operations (Simulation)",1,0.8352115348131285
2025-11-29T15:17:11.057840,snapshot,704,504,Confirm Your Account Security Settings - affafahmad79@gmail.com - Gmail - Google Chrome,,,,"ogle.com/mail/u/0/2ogbl#inbox/EMicgz@dzcpNkrgJBvhBxzjweMkIEGhS Q. Search mail â‚¬ @ Â© 8 |S @: We Confirm Your Account Security Settings [Inbox x) (2) Affaf Ahmad <affafahmadd@gmail.com> Cc) tome v Hi, We detected a configuration mismatch in your account security settings during a routine system audit. S 25 Please review the simulated security alert at the link below: Test Confirmation Link (non-functional): = ismay be temporarily paused unth we confam that everythaig a) lcorrectias fag O) YU EacooUnt scummy sctags dunnsg &) If you didnâ€™t make any recent changes, ple#a@2 onc 2 os sss po pling the simulation chec + Regards, Security Operations (Simulation)",1,0.8348872180451128
2025-11-29T15:17:12.740245,click,331,184,Confirm Your Account Security Settings - affafahmad79@gmail.com - Gmail - Google Chrome,,,,"ogle.com/mail/u/0/2ogbl#inbox/EMicgz@dzcpNkrgJBvhBxzjweMkIEGhS Q. Search mail â‚¬ @ Â© 8 |S @: We Confirm Your Account Security Settings [Inbox x) (2) Affaf Ahmad <affafahmadd@gmail.com> Cc) tome v Hi, We detected a configuration mismatch in your account security settings during a routine system audit. S 25 Please review the simulated security alert at the link below: Test Confirmation Link (non-functional): = ismay be temporarily paused unth we confam that everythaig a) lcorrectias fag O) YU EacooUnt scummy sctags dunnsg &) If you didnâ€™t make any recent changes, ple#a@2 onc 2 os sss po pling the simulation chec + Regards, Security Operations (Simulation)",1,0.8348872180451128
2025-11-29T15:17:14.005168,snapshot,461,509,Confirm Your Account Security Settings - affafahmad79@gmail.com - Gmail - Google Chrome,,,,"4 krqJBvhBxzjwPMkIEGhS | Be careful before clicking any links. Consider contacting IT or the sender, | Â¢ 868 Â© @,.@ Bi: @ Compose â€” oO Confirm Your Account Security Settings â€” sInbox 479 | xx Starred (2) Affaf Ahmad <affafahmadd@gmail.com> Cy tomev @Â® = Snoozed E> Sent Hi, D Drafts We detected a configuration mismatch in your account security settinc | Purchases 25 Please review the simulated security alert at the link below: â€™ More Test Confirpatice- ini pen function all hitns-Yaxample.net/security-re If you didn Seren Coenen ee SEDANS nore this message af Labels + ISetteigs fn box x) (2) Atfat Ahurisd attalohmodd @ gran. Regards, 2 Security Operations (Simulation)",1,0.837356201631458
2025-11-29T15:17:14.593158,click,36,72,Confirm Your Account Security Settings - affafahmad79@gmail.com - Gmail - Google Chrome,,,,"4 krqJBvhBxzjwPMkIEGhS | Be careful before clicking any links. Consider contacting IT or the sender, | Â¢ 868 Â© @,.@ Bi: @ Compose â€” oO Confirm Your Account Security Settings â€” sInbox 479 | xx Starred (2) Affaf Ahmad <affafahmadd@gmail.com> Cy tomev @Â® = Snoozed E> Sent Hi, D Drafts We detected a configuration mismatch in your account security settinc | Purchases 25 Please review the simulated security alert at the link below: â€™ More Test Confirpatice- ini pen function all hitns-Yaxample.net/security-re If you didn Seren Coenen ee SEDANS nore this message af Labels + ISetteigs fn box x) (2) Atfat Ahurisd attalohmodd @ gran. Regards, 2 Security Operations (Simulation)",1,0.837356201631458
2025-11-29T15:17:17.241163,click,493,394,Inbox (479) - affafahmad79@gmail.com - Gmail - Google Chrome,,,,"4 krqJBvhBxzjwPMkIEGhS | Be careful before clicking any links. Consider contacting IT or the sender, | Â¢ 868 Â© @,.@ Bi: @ Compose â€” oO Confirm Your Account Security Settings â€” sInbox 479 | xx Starred (2) Affaf Ahmad <affafahmadd@gmail.com> Cy tomev @Â® = Snoozed E> Sent Hi, D Drafts We detected a configuration mismatch in your account security settinc | Purchases 25 Please review the simulated security alert at the link below: â€™ More Test Confirpatice- ini pen function all hitns-Yaxample.net/security-re If you didn Seren Coenen ee SEDANS nore this message af Labels + ISetteigs fn box x) (2) Atfat Ahurisd attalohmodd @ gran. Regards, 2 Security Operations (Simulation)",1,0.837356201631458
2025-11-29T15:17:17.253888,snapshot,36,72,Confirm Your Account Security Settings - affafahmad79@gmail.com - Gmail - Google Chrome,,,,"| Â© || 6D Coie Aco Ssanity 8 > cr an Â© MM mail Gooalercom/mail/u/0/eogbitinbox/EMicaz@dzcpNktaJBYnBxzjweMkIEGhs aifafshied 796 9 Teacomp Gra g Coogi Chroma) OCRTOR 4 bq ib ho saya PWRAEGNS | Ba corctul before chckg ory) nt Conader contactaig IT oc thesender | Â¢ 868 Â© @7@.6 G) Q Search mail ' j < 8a Â© owl @& : | 2 Compose | TT Confirm Your Account Security Settings sInbox 479 | xx Starred (2) Affaf Ahmad <affafahmadd@gmail.com> Cy tomev @Â® = Snoozed E> Sent Hi, D Drafts We detected a configuration mismatch in your account security settir | Purchases 25 Please review the simulated security alert at the link below: â€™ More Test Confirmation Link (non-functional): https://example.net/security- If you didnâ€™t make any recent changes, please ignore this message < Labels + Regards Security Operations (Simulation)",1,0.8383896103896105
2025-11-29T15:17:20.096845,snapshot,493,394,Action Required to Validate Your Account - affafahmad79@gmail.com - Gmail - Google Chrome,,,,"| 6 Acton Required to iceno te 88 an CMR EMail googlecom/mail/u/0/2 ogbizinbox/EMfcqz@dzcpNkrgkivVZOpdWmbsl bIEXD, = 1 Gmail Q_ Search mail j < 8a Â© owl @& : ? Compose | â€” Action Required to Validate Your Account (Â« 3 Inbox 479 | & Starred (2) Affaf Ahmad <affafahmadd@gmail.com> Cy tomev 0) Snoozed > Sent Hello, ee eee 4 Drafts Our system d oo ScaMememacamxerm |r account. As a precau Ki) >} Purchases 25 To continue using your account normally, please complete the verification | â€™ More Test Verification Link (non-functional): https://example.com/verify-session-Â« If you did not attempt to sign in, this may indicate an automated system ch abels + Thank you, Account Security Team (Simulation)",1,0.43652597402597404
2025-11-29T15:17:22.833739,snapshot,351,278,Action Required to Validate Your Account - affafahmad79@gmail.com - Gmail - Google Chrome,,,,"| Â© || 60 Acton Reguinedeowinat 8 <> en CMe: Mail googlecom/mail/u/0/70gbitinbox/EMicgz@dzcpNkrahivVZOpdWmbsllblEx = [4 Gmail Q. Search mail ' j < 8a Â© owl @& : | 2 Compose | I ae petion Daauiracl+g Validate Your Accour (OCREAR) | 6 Acton Requeed to cena te 88 ont CV DAs) tx Starred (Eases Sa a pe EH AIR gmail.com> C mo @Â® = Snoozed E> Sent Hello, CD) Drafts Our system detected unusual sign-in activity on your account. As a fF | Purchases 25 To continue using your account normally, please complete the verific â€™ More Test Verification Link (non-functional): https://example.com/verify-ses If you did not attempt to sign in, this may indicate an automated syst Labels + Thank you, Account Security Team (Simulation)",1,0.43810181531176007
2025-11-29T15:17:25.408971,snapshot,588,298,Action Required to Validate Your Account - affafahmad79@gmail.com - Gmail - Google Chrome,,,,"Required|to\Validate Om mmm tg e-Mail google-com/mail/u/0/cogbizinbox/EMicaz@dzcpNkrabivvZ@pdWmbsl bIExD) Smail Q Search mail | < 8a Â© owl @& : se OO Action Required to Validate Your Account (Inbox x! a van Action Requsred to Validate Your Accounta O Affaf Ahmad <affafahmdeszenicnores See SIN - Creer Ocean KOOROMReR AD ; C/ tome eas Hello, Our system detected unusual sign-in activity on your account. As a precaution, we've te ses 25 To continue using your account normally, please complete the verification process usinÂ¢ Test Verification Link (non-functional): https://example.com/verify-session-check If you did not attempt to sign in, this may indicate an automated system check. No furth: + Thank you, Account Security Team (Simulation)",1,0.43715051704327845
2025-11-29T15:17:28.652855,snapshot,519,365,Action Required to Validate Your Account - affafahmad79@gmail.com - Gmail - Google Chrome,,,,"AMACtion|Required|to)Validatelâ€™OUmE damm en CMEâ€�: METail Google:com/mail/U/0/2ogbitinbox/EMfcqz@dzepNkrghivVZ@pdWmbsl blldxD, (Mi Gmail Q_ Search mail | < 8a Â© owl @& : Compose â€˜inbox 79 Action Required to Validate Your Account [tnbo: nbox Starred (2) Affaf Ahmad <affafahmadd@gmail.com> Cc) tome v Snoozed Wewiction Required te Vokisre Your eccuntS attatched 79 @ qimmcome Grau = Googie Chroma) CREES Redu redo te Orn rarer 9 eto - Drafts Our system dete CP resmarsenaracheny-orryeuraecount. As a precaution Purchases 25 To continue using your account normally, please complete the verification proc More Test Verification Link (non-functional): https://example.com/verify-session-chec If you did not attempt to sign in, this may indicate an automated system check els + Thank you, Account Security Team (Simulation)",1,0.4373092926490985
2025-11-29T15:17:30.993357,snapshot,667,466,Action Required to Validate Your Account - affafahmad79@gmail.com - Gmail - Google Chrome,,,,"Validate,YOUmE) oP ilâ€™google;com/mail/u/0/zogbi#inbox/EMicgz@dzcpNkrgiivVZ@pdWmbslbllaixb, Q Search mail Â¢ Â© Â© B/S @ : en Action Required to Validate Your Account (Inbox x! (2) Affaf Ahmad <affafahmadd@gmail.com> Cc) tome v Hello, Our system detected unusual sign-in activity on your account. As a precaution, weâ€™ve temporarily li van Action Requsred to Validate Your Accounty 25 To continue using your account normigseeR ae Ee er eae eeaees | process using the secure Test Verification Link (non-functional) heck If you did not attempt to sign in, this may indicate an automated system check. No further action is + Thank you, Account Security Team (Simulation)",1,0.43589579329489647
2025-11-29T15:17:33.793269,snapshot,902,463,Action Required to Validate Your Account - affafahmad79@gmail.com - Gmail - Google Chrome,,,,"Finbox/EMfcgz@dzcpNkrghivVZ@odWmbsliblixb, mail iz Â© u| ee B&B i: ion Required to Validate Your Account [Inbox x) Ahmad <affafahmadd@gmail.com> ystem detected unusual sign-in activity on your account. As a precaution, weâ€™ve temporarily limited some feaiures until you rev van Action Requsred to Validate Your Accounta tinue using your account normally, please complete the verificati Bea aS CeReeEP - =< -~ :[below: erification Link (non-functional): https://example.com/verify-sessianraanaarety did not attempt to sign in, this may indicate an automated system check. No further action is required after completing the ver - YOU, int Security Team (Simulation)",1,0.43399311531841656
2025-11-29T15:17:36.323434,snapshot,1376,476,Action Required to Validate Your Account - affafahmad79@gmail.com - Gmail - Google Chrome,,,,"â€”- oon zt QO Be > # 2 of 744 < > [Inbox x] a F 6:55PM (1hourago) yy"" @ & i aution, we've temporarily limited some features until you review ihe recent activity. nN process using the secure test link below: OCR Se} Fen box/Oviog2 @ dicphiirg hnWVZ @ od\Wmbskibaxby rand cz C) ful og BAS cron Required to Valsdate Your Account Sinbox x) Ahirisd) n-check (paki) check. No furiher action is required after completing the verification simulation.",0,0.0065462753950338605
2025-11-29T15:17:39.053763,snapshot,608,502,Action Required to Validate Your Account - affafahmad79@gmail.com - Gmail - Google Chrome,,,,"e-Mail google-com/mail/u/0/cogbizinbox/EMicaz@dzcpNkrabivvZ@pdWmbsl bIExD) mail Q. Search mail | < 8a Â© owl @& : ee Action Required to Validate Your Account (Inbox x! (2) Affaf Ahmad <affafahmadd@gmail.com> Cc) tome v Hello, Our system detected unusual sign-in activity on your account. As a precaution, weâ€™ve temp Ss 25 To continue using your account normally, please complete the verification process using th van Action Requsred to Validate Your Accounta Test Verification Link (non-ft = ae until you review she recent actrytty nN process ustig th) If you did not attempt to sig arora Streeter System check. No further < + Thank you, Account Security Team (Simulation)",1,0.43509961848240786
2025-11-29T15:17:41.763765,snapshot,978,497,Action Required to Validate Your Account - affafahmad79@gmail.com - Gmail - Google Chrome,,,,"fegz@dzcpNkrghivVZ@ndWmbsllblaxD ie J | Sw & quired to Validate Your Account (Inbox x) affafahmadd@gmail.com> cted unusual sign-in activity on your account. As a precaution, weâ€™ve temporarily limited some features until you review the re g your account normally, please complete the verification process using the secure test link below: rartfafoburxad 79 CEH Ne Chros) Link (non-functional): https://example.com/verify-session-check Carnes =e ; goog lee rrewihu0/oog baan box/ vaca: @ diepNirabev2 @ pd Wrbal EXD) rma Secatch frend | COS Qowl @ Bites Action Requared t0) 2mpt to sign in, this may indicate an automated system check. Nie CTU Â«2k ae to leting the verification sit ; Team (Simulation) )",0,0.005539772727272727
2025-11-29T15:17:44.257946,snapshot,1190,529,Action Required to Validate Your Account - affafahmad79@gmail.com - Gmail - Google Chrome,,,,"EP JOLAS LIA LZS â€”F z= Â» Your Account (Inbox x) 6:55PM (1hourago) - n your account. As a precaution, we've temporarily limited some features until you review ihe recent activity. se complete the verification process using the secure test link below: | i if . h k van Action Requsred to Validate Your Accounta xample.com/verify-session-chec Veldste Your Account @boxx)ailaidhiradd @gmakeomacted ate an automated system check. No further action is required after co )",0,0.00641025641025641
2025-11-29T15:17:47.526862,snapshot,637,536,Action Required to Validate Your Account - affafahmad79@gmail.com - Gmail - Google Chrome,,,,"- Co ~ rr ~ eoâ€� vv a Nv iil Q. Search mail < 8a Â© owl @& : en Action Required to Validate Your Account (Inbox x! (2) Affaf Ahmad <affafahmadd@gmail.com> Cc) tome v Hello, Our system detected unusual sign-in activity on your account. As a precaution, weâ€™ve temporai 25 To continue using your account normally, please complete the verification process using the se Test Verification Link (non-functional): https://example.com/verify-session-check van Action Requsred to Validate Your Accounta fatfafoturied79@ gireaLoom 5 Geren = Nes Chroma) If you did not attempt to sign in, os, check. No further actio + Thank you, oD Account Security Team (Simulation) mitaimsireGmi Ok Mims xX |",1,0.4347028154327425
2025-11-29T15:17:50.049156,snapshot,426,574,Action Required to Validate Your Account - affafahmad79@gmail.com - Gmail - Google Chrome,,,,"= [4 Gmail Q. Search mail ' j < 8a Â© owl @& : | 2 Compose | TO Action Required to Validate Your Accour sInbox 479 | xx Starred (2) Affaf Ahmad <affafahmadd@gmail.com> Cy tomev @Â® = Snoozed E> Sent Hello, CD) Drafts Our system detected unusual sign-in activity on your account. As a fF | Purchases 25 To continue using your account normally, please complete the verific â€™ More Test Verification Link (non-functional): https://example.com/verify-ses If you CPanel Se picate an automated syst Tank Reattatohuredd @ girealcom> Ce) tome Â¥ Hetio, Our syste) ACCOUNSESD csstyâ€”re re intros ErithbdclivpatiiiiustireGm, OK Mimis XX",0,0.009713375796178345
2025-11-29T15:17:52.753005,snapshot,766,580,Action Required to Validate Your Account - affafahmad79@gmail.com - Gmail - Google Chrome,,,,"Q Search mail iz â‚¬ @ Â© 8 |S @: Action Required to Validate Your Account (Inbox x! (2) Affaf Ahmad <affafahmadd@gmail.com> Cc) tome v Hello, Our system detected unusual sign-in activity on your account. As a precaution, weâ€™ve temporarily limited some fe To continue using your account normally, please complete the verification process using the secure test link belo Test Verification Link (non-functional): https://example.com/verify-session-check If you did not attempt to sign in, this may indicate an automated system check. No further action is required aiter van Action Requsred to Validate Your Accounta Action Required to Valadate Your Accour sin box 479 [ xx Starred Â¢2)) Account Security Team (Simulation) ERS IEE MESES GRETA IOS Ci, GK tds X |",1,0.43659774436090226
2025-11-29T15:17:54.974131,snapshot,1190,585,Action Required to Validate Your Account - affafahmad79@gmail.com - Gmail - Google Chrome,,,,"â€”F z= Â» Your Account (Inbox x) 6:55PM (1hourago) - n your account. As a precaution, we've temporarily limited some features until you review ihe recent activity. se complete the verification process using the secure test link below: xample.com/verify-session-check ate an automated system check. No further action is required after completing ihe verification simulation. attatched 79 @ qimucome Grail 5 Googie Chroma) our Account @nbox x3 (2) AHat Ahmad <atfatahimedd @gmmalcom>) tome Â¥ Hetioy Our system detected unusual sagsi-w1 act eo ) â€” om on ren",0,0.0034050179211469536
2025-11-29T15:17:57.328264,snapshot,1478,574,Action Required to Validate Your Account - affafahmad79@gmail.com - Gmail - Google Chrome,,,,â€”- ooo i QB > 2 of 744 < > [ani o 6:55PM(1hourago) yy @ G } 6 Â° iO emporarily limited some features until you review the recent activity. 1g the secure test link below: + ner action is required after completing the verification simulation. van Action Requsred to Validate Your Accounta OCR TS Â£226 Your Account (inbox x) 6SSPM (hourago) zn your] ean >,0,0.00676056338028169
2025-11-29T15:17:59.905996,snapshot,591,653,Action Required to Validate Your Account - affafahmad79@gmail.com - Gmail - Google Chrome,,,,"| < 8a Â© owl @& : se Oe Action Required to Validate Your Account (Inbox x! (2) Affaf Ahmad <affafahmadd@gmail.com> Cc) tome v J Hello, Our system detected unusual sign-in activity on your account. As a precaution, we've ter ses 25 To continue using your account normally, please complete the verification process using Test Verification Link (non-functional): https://example.com/verify-session-check If you did not attempt to sign in, this may indicate an automated system check. No furthe + Thank you, Account Security Team (Simulation) van Action Requsred to Validate Your Accounta Frito GSS PN thouregolyy @.G) oe & Reply > Forward sktopinotifications}fo Gmail gamm OK@mmENo\thanks immo | WZ [>] aa = y EX (@ Sennen SB) 2 & Â© Â© mT",1,0.4360341151385928
2025-11-29T15:18:01.613157,click,30,93,Action Required to Validate Your Account - affafahmad79@gmail.com - Gmail - Google Chrome,,,,"| < 8a Â© owl @& : se Oe Action Required to Validate Your Account (Inbox x! (2) Affaf Ahmad <affafahmadd@gmail.com> Cc) tome v J Hello, Our system detected unusual sign-in activity on your account. As a precaution, we've ter ses 25 To continue using your account normally, please complete the verification process using Test Verification Link (non-functional): https://example.com/verify-session-check If you did not attempt to sign in, this may indicate an automated system check. No furthe + Thank you, Account Security Team (Simulation) van Action Requsred to Validate Your Accounta Frito GSS PN thouregolyy @.G) oe & Reply > Forward sktopinotifications}fo Gmail gamm OK@mmENo\thanks immo | WZ [>] aa = y EX (@ Sennen SB) 2 & Â© Â© mT",1,0.4360341151385928
2025-11-29T15:18:03.039608,snapshot,593,283,Action Required to Validate Your Account - affafahmad79@gmail.com - Gmail - Google Chrome,,,,"equired|to,Validate\yOUmE smn ta e-Mail google-com/mail/u/0/cogbizinbox/EMicaz@dzcpNkrabivvZ@pdWmbsl bIExD) smail Q Search mail e | â‚¬ @ Â© 8 |S @: > â€” Action Required to Validate Your Account (Inbox x! 479 | van Action Requsred to Validate Your Accounta (2) Affaf Ahmad <affafahmadd@gmail.com> = tome ~ | Hello, Our system detected unusual sign-in activity on your account. As a precaution, we've ter seS 25 To continue using your account normally, please complete the verification process using Test Verification Link (non-functional): https://example.com/verify-session-check If you did not attempt to sign in, this may indicate an automated system check. No furthe + Thank you, Account Security Team (Simulation)",1,0.4348301212000795
2025-11-29T15:18:06.714147,snapshot,681,390,Inbox (479) - affafahmad79@gmail.com - Gmail - Google Chrome,,,,"nnOy 8 google:com/mail/u/0/2ogbl#inbox Q. Search mail O- CG 3 Primary > Promotions 2 Social Qasr 479 Apple TV â€” Last chance: Save o... Linkedin â€” Upda Ol vw Affaf Anmad Confirm Your Account Security Settings - Hi, We detected Ã© 0 x Affaf Anmad Action Required to Validate Your Account - Hello, Our syste a â€”_â€” btfsichrrod 8 geal cong Grady Gongs Onromey Ol x Affaf Ahmad URGISS ae hae ee arpeeresieracnalsw - Dear User, We de Ee | ba80) 95 Ol x Affaf Ahmad URGENT: Password Reset Required Now - Dear User, We Ol x Affaf Ahmad URGENT: Password Reset Required Now - Dear User, We dÃ© Ol x Affaf Ahmad URGENT: Password Reset Required Now - Dear User, We dÃ© + a Ol vw Affaf Anmad Alert: Unusual Transaction Attempted - From: noreply-trans Ol vw Affaf Anmad IT Helpdesk: New Security Update Required - From: it-help: Ol vw Affaf Anmad Emergency Request for Flood Relief Fund - From: helpcent Ol vw Affaf Anmad Congratulations! You Are Shortlisted - From: hr-corp@glob: Ol vw Affaf Anmad New Invoice #4482 D",1,0.47148509255334187
2025-11-29T15:18:08.829971,click,982,494,Inbox (479) - affafahmad79@gmail.com - Gmail - Google Chrome,,,,"nnOy 8 google:com/mail/u/0/2ogbl#inbox Q. Search mail O- CG 3 Primary > Promotions 2 Social Qasr 479 Apple TV â€” Last chance: Save o... Linkedin â€” Upda Ol vw Affaf Anmad Confirm Your Account Security Settings - Hi, We detected Ã© 0 x Affaf Anmad Action Required to Validate Your Account - Hello, Our syste a â€”_â€” btfsichrrod 8 geal cong Grady Gongs Onromey Ol x Affaf Ahmad URGISS ae hae ee arpeeresieracnalsw - Dear User, We de Ee | ba80) 95 Ol x Affaf Ahmad URGENT: Password Reset Required Now - Dear User, We Ol x Affaf Ahmad URGENT: Password Reset Required Now - Dear User, We dÃ© Ol x Affaf Ahmad URGENT: Password Reset Required Now - Dear User, We dÃ© + a Ol vw Affaf Anmad Alert: Unusual Transaction Attempted - From: noreply-trans Ol vw Affaf Anmad IT Helpdesk: New Security Update Required - From: it-help: Ol vw Affaf Anmad Emergency Request for Flood Relief Fund - From: helpcent Ol vw Affaf Anmad Congratulations! You Are Shortlisted - From: hr-corp@glob: Ol vw Affaf Anmad New Invoice #4482 D",1,0.47148509255334187
2025-11-29T15:18:10.529113,phishing_alert,872,496,Inbox (479) - affafahmad79@gmail.com - Gmail - Google Chrome,,,,"Inbox (479) - affafahmad79@gmail.com - Gmail - Google Chrome
rch mail iz ary S promotions Cea Save 0... & ae Gp to our terms @ \ffaf Ahmad Confirm Your Account Security Settings - Hi, We detected a configuration mismatch \ffaf Ahmad Action Required to Validate Your Account - Hello, Our system detected unusual sign \ffaf Ahmad URGENT: Password Reset Required Now - Dear User, We detected unusual activity Â« \ffaf Ahmad URGENT: Password Reset Required Now - Dear User, We detected unusual activi Se Cepia | \ffaf Ahmad URGENT: Password Reset eee fu unusual activity Â« a a \ffaf Ahmad URGENT: Password Reset Required Now - Dear User, We detected unusual activity Â« \ffaf Ahmad Alert: Unusual Transaction Attempted - From: noreply-transalert@userbank-secure \ffaf Ahmad IT Helpdesk: New Security Update Required - From: it-helpdesk@companytech-sec \ffaf Ahmad Emergency Request for Flood Relief Fund - From: helpcenter@globalhelp-relief.net \ffaf Ahmad Congratulations! You Are Shortlisted - From: hr-corp@g!obalcareers-offers.net Hi, â€˜ \ffaf Ahmad New Invoice #4",1,0.8676494237469848
2025-11-29T15:18:10.529736,snapshot,872,496,Inbox (479) - affafahmad79@gmail.com - Gmail - Google Chrome,,,,"rch mail iz ary S promotions Cea Save 0... & ae Gp to our terms @ \ffaf Ahmad Confirm Your Account Security Settings - Hi, We detected a configuration mismatch \ffaf Ahmad Action Required to Validate Your Account - Hello, Our system detected unusual sign \ffaf Ahmad URGENT: Password Reset Required Now - Dear User, We detected unusual activity Â« \ffaf Ahmad URGENT: Password Reset Required Now - Dear User, We detected unusual activi Se Cepia | \ffaf Ahmad URGENT: Password Reset eee fu unusual activity Â« a a \ffaf Ahmad URGENT: Password Reset Required Now - Dear User, We detected unusual activity Â« \ffaf Ahmad Alert: Unusual Transaction Attempted - From: noreply-transalert@userbank-secure \ffaf Ahmad IT Helpdesk: New Security Update Required - From: it-helpdesk@companytech-sec \ffaf Ahmad Emergency Request for Flood Relief Fund - From: helpcenter@globalhelp-relief.net \ffaf Ahmad Congratulations! You Are Shortlisted - From: hr-corp@g!obalcareers-offers.net Hi, â€˜ \ffaf Ahmad New Invoice #4",1,0.8678891257995737
2025-11-29T15:18:12.179816,click,324,177,URGENT: Password Reset Required Now - affafahmad79@gmail.com - Gmail - Google Chrome,,,,"rch mail iz ary S promotions Cea Save 0... & ae Gp to our terms @ \ffaf Ahmad Confirm Your Account Security Settings - Hi, We detected a configuration mismatch \ffaf Ahmad Action Required to Validate Your Account - Hello, Our system detected unusual sign \ffaf Ahmad URGENT: Password Reset Required Now - Dear User, We detected unusual activity Â« \ffaf Ahmad URGENT: Password Reset Required Now - Dear User, We detected unusual activi Se Cepia | \ffaf Ahmad URGENT: Password Reset eee fu unusual activity Â« a a \ffaf Ahmad URGENT: Password Reset Required Now - Dear User, We detected unusual activity Â« \ffaf Ahmad Alert: Unusual Transaction Attempted - From: noreply-transalert@userbank-secure \ffaf Ahmad IT Helpdesk: New Security Update Required - From: it-helpdesk@companytech-sec \ffaf Ahmad Emergency Request for Flood Relief Fund - From: helpcenter@globalhelp-relief.net \ffaf Ahmad Congratulations! You Are Shortlisted - From: hr-corp@g!obalcareers-offers.net Hi, â€˜ \ffaf Ahmad New Invoice #4",1,0.8678891257995737
2025-11-29T15:18:13.292303,snapshot,620,284,URGENT: Password Reset Required Now - affafahmad79@gmail.com - Gmail - Google Chrome,,,,"sswordiResettReq Uli x aaa: lert _- O x kaXIVGBOnNNBbxXG@dgzht iThisyemailllookstsuspicious!) e clicking any links. Consider contacting IT or the sender. | Â¢ 868 Â© 8B SM Bi: eS URGENT: Password Reset Required Now (inbox x! 478 CORNEAS E ROOD â€” terms @ iat Ahinod Confsm Your Account Secumy Settnigs Aves (2 | Affaf Ahmad <affafahmadd@q Gee estimator eS | >"" tome v Dear User, We detected unusual activity on your account. Your password must be reset immediately. 25 Please verify your identity using the link below: htip://example-phish.test/reset Failure to act within 24 hours may result in permanent account suspension. + Thank you, Security Team",1,0.8675563334062569
2025-11-29T15:18:13.925758,click,29,73,URGENT: Password Reset Required Now - affafahmad79@gmail.com - Gmail - Google Chrome,,,,"sswordiResettReq Uli x aaa: lert _- O x kaXIVGBOnNNBbxXG@dgzht iThisyemailllookstsuspicious!) e clicking any links. Consider contacting IT or the sender. | Â¢ 868 Â© 8B SM Bi: eS URGENT: Password Reset Required Now (inbox x! 478 CORNEAS E ROOD â€” terms @ iat Ahinod Confsm Your Account Secumy Settnigs Aves (2 | Affaf Ahmad <affafahmadd@q Gee estimator eS | >"" tome v Dear User, We detected unusual activity on your account. Your password must be reset immediately. 25 Please verify your identity using the link below: htip://example-phish.test/reset Failure to act within 24 hours may result in permanent account suspension. + Thank you, Security Team",1,0.8675563334062569
2025-11-29T15:18:16.455329,snapshot,29,73,URGENT: Password Reset Required Now - affafahmad79@gmail.com - Gmail - Google Chrome,,,,"le \| 62 Inboxt(479) esattatahmad 29 @ gimme! ct G ee Â© MME ail qoogle-com/mail/u/0/zogbltinbox ens URGENT: Pamword Reset Requsred Nows faifafohmad 796 9 rmakcon Grads Googie Chroma) OCR 72%} sewordRenettNeg UR x ex lertle Ox) EXIGE On Ne bxxG@dgcht ihayemamliooksrasspacsous) Â¢ chckag) [ea%i0) ' j < 8a Â© owl @& : | 2 Compose | URGENT: Password Reset Required Now sInbox 478 xr Starred oO Affaf Ahmad <affafahmadd@gmail.com> ""| ""tome v @Â® = Snoozed _ E> Sent Dear User, 1) Drafts We detected unusual activity on your account. Your password must! ) Purchases 25 Please verify your identity using the link below: â€™ More htip://example-phish.test/reset Failure to act within 24 hours may result in permanent account susp Labels + Thank you, Security Team",1,0.8663776856388994
2025-11-29T15:18:16.667820,click,586,697,Inbox (478) - affafahmad79@gmail.com - Gmail - Google Chrome,,,,"le \| 62 Inboxt(479) esattatahmad 29 @ gimme! ct G ee Â© MME ail qoogle-com/mail/u/0/zogbltinbox ens URGENT: Pamword Reset Requsred Nows faifafohmad 796 9 rmakcon Grads Googie Chroma) OCR 72%} sewordRenettNeg UR x ex lertle Ox) EXIGE On Ne bxxG@dgcht ihayemamliooksrasspacsous) Â¢ chckag) [ea%i0) ' j < 8a Â© owl @& : | 2 Compose | URGENT: Password Reset Required Now sInbox 478 xr Starred oO Affaf Ahmad <affafahmadd@gmail.com> ""| ""tome v @Â® = Snoozed _ E> Sent Dear User, 1) Drafts We detected unusual activity on your account. Your password must! ) Purchases 25 Please verify your identity using the link below: â€™ More htip://example-phish.test/reset Failure to act within 24 hours may result in permanent account susp Labels + Thank you, Security Team",1,0.8663776856388994
2025-11-29T15:18:20.023177,snapshot,586,697,Inbox (478) - affafahmad79@gmail.com - Gmail - Google Chrome,,,,"Oe IT Helpdesk: New Security Update Required [Inbox x) (2) Affaf Ahmad <affafahmadd@gmail.com> Cc) tome v d From: it-helpdesk@companytech-security.net Hello Employee, We detected outdated software on your workstation. ses 25 Install the required patch immediately: $& Install Patch: http://companytech-secureupdates.nevinstall Failure to comply will cause system lockout. + IT Admin Team Aven: URGO eee ere Now = : MORE aa Google comyrnala/Vrogbenbox ons URGINT Parmaord â€˜Reset Required Nows fadafoturisd 796 9 rreskoon Grods Googie Chron) [eaki) sktopinotifications}foGmail gam OK@mENothanks img | WZ [>] ~ = sy EH (Q searan Bea GO",1,0.43835060838215417
2025-11-29T15:18:22.380590,snapshot,552,414,IT Helpdesk: New Security Update Required - affafahmad79@gmail.com - Gmail - Google Chrome,,,,"elpdeskiNew.Security, pd ame< mmm tg (CEE: ail google-com/mail/u/0/Zogbl#inbox/EMicqz@dzcpNbZgtaSwZtmlplq@jtVSis 41 Gmail Q. Search mail | < 8a Â© owl @& : mpose oe aye IT Helpdesk: New Security Update Required {Inbox irred (2) Affaf Ahmad <affafahmadd@gmail.com> Cc) tome v oozed nt From: it-helpdesk@companytech-security.net We detected outdated softwar ice eee ae aE ME EERO rchases 25 Install the required patch immediately: re $& Install Patch: http://companytech-secureupdates.nevinstall Failure to comply will cause system lockout. + IT Admin Team",1,0.43687467766890153
2025-11-29T15:18:25.345532,snapshot,566,459,IT Helpdesk: New Security Update Required - affafahmad79@gmail.com - Gmail - Google Chrome,,,,"elpdeskiNew,Security,U pCa mama JER: EMail google-com/mail/u/O/;ogbi#inbox/EMicaz@dzcpNbZgtgSwZtmlblq@tVSIE | Gmail Q_ Search mail | < 8a Â© owl @& : pose gg IT Helpdesk: New Security Update Required [inbox x 4 1 â€˜ed (2) Affaf Ahmad <affafahmadd@gmail.com> Cc) tome v zed From: it-helpdesk@companytech-security.net IS Hello Employee, We detected outdated softwar iia ee See eaee hases 25 Install the required patch imm Pe POR vee oa CiScorch mal |â€™ as Oowt @&tmpos cesyell) , $ Install Patch: hitp://compatiii secu epee enireien Failure to comply will cause system lockout. + IT Admin Team",1,0.4380149361599615
2025-11-29T15:18:27.771696,snapshot,699,490,IT Helpdesk: New Security Update Required - affafahmad79@gmail.com - Gmail - Google Chrome,,,,"roglercom/mail/u/0/Zogbl#inbox/EMtcgz@dzcpNbZgtgSwZimllpIq@jtVSIs Q Search mail Â¢ Â© Â© B/S @ : a IT Helpdesk: New Security Update Required {Inbox x) (2) Affaf Ahmad <affafahmadd@gmail.com> Cc) tome v From: it-helpdesk@companytech-security.net Hello Employee, We detected outdated software on your workstation. 25 Install the required patch immediately: Ce aen en coner Unie hertrell Oe ree OS â€˜ - tte: SRS ye Br EET 4 Install Patch: http://companytech-secur gi cee: Fee ere epee ienierie Failure to comply will cause system lockou _â€” + IT Admin Team â€”â€”.$",1,0.43814589665653497
2025-11-29T15:18:30.110503,snapshot,496,551,IT Helpdesk: New Security Update Required - affafahmad79@gmail.com - Gmail - Google Chrome,,,,"= ff Gmail Q. Search mail 9 | < 8a Â© owl @& : Compose oe IT Helpdesk: New Security Update Required J Inbox 478 y Starred (2) Affaf Ahmad <affafahmadd@gmail.com> Cy tomev ) ~Snoozed > Sent From: it-helpdesk@companytech-security.net ) Drafts Hello Employee, We detected outdated software on your workstation. ) Purchases 25 Install the required patch immediately: , More $& Install Patch: http://companytech-secureupdates.nevinstall err Helpdesks New Socurny Update Roqueredy Failure to COlgERR PODS CEG IORER Â« bel ; IT Admin Ted Garis [ea] ErithbdclivpatiiiiustireGm, OK Mimis XX |",1,0.43989218328840973
2025-11-29T15:18:32.610249,snapshot,719,551,IT Helpdesk: New Security Update Required - affafahmad79@gmail.com - Gmail - Google Chrome,,,,"Q. Search mail < 8a Â© owl @& : - IT Helpdesk: New Security Update Required {Inbox x) (2) Affaf Ahmad <affafahmadd@gmail.com> Cc) tome v From: it-helpdesk@companytech-security.net Hello Employee, We detected outdated software on your workstation. 25 Install the required patch immediately: $& Install Patch: http://companytech-secureupdates.nevinstall Wert Helpdesks New Socurny Update Roqueedy Failure to comply will cause system lockout. |@arstnent raceme aoc earn + oc CGE IT Admin Team Ceo sive, Ok Mims XX |",1,0.4363839285714286
2025-11-29T15:18:35.308006,snapshot,420,613,IT Helpdesk: New Security Update Required - affafahmad79@gmail.com - Gmail - Google Chrome,,,,"' j < 8a Â© owl @& : | 2 Compose | TO IT Helpdesk: New Security Update Requi & siInbox 478 p y UP q xx Starred (2) Affaf Ahmad <affafahmadd@gmail.com> Cy tomev @Â® = Snoozed E> Sent From: it-helpdesk@companytech-security.net Ci Drafts Hello Employee, We detected outdated software on your workstation. (Purchases 25 Install the required patch immediately: v More $& Install Patch: http://companytech-secureupdates.nevinstall Failure to comply will cause system lockout. Labels + (7 AQ Suny pore heures Cel tome Â¥ Frome # trelsd ex @ companytach sncury net H [eaSi0) ErithbdclivpatiiiiustireGm, OK Mimis XX 3k an ( we Qyee | Q Sean Ye Jf &A (",1,0.4372941700044504
2025-11-29T15:18:37.401893,click,30,85,IT Helpdesk: New Security Update Required - affafahmad79@gmail.com - Gmail - Google Chrome,,,,"' j < 8a Â© owl @& : | 2 Compose | TO IT Helpdesk: New Security Update Requi & siInbox 478 p y UP q xx Starred (2) Affaf Ahmad <affafahmadd@gmail.com> Cy tomev @Â® = Snoozed E> Sent From: it-helpdesk@companytech-security.net Ci Drafts Hello Employee, We detected outdated software on your workstation. (Purchases 25 Install the required patch immediately: v More $& Install Patch: http://companytech-secureupdates.nevinstall Failure to comply will cause system lockout. Labels + (7 AQ Suny pore heures Cel tome Â¥ Frome # trelsd ex @ companytach sncury net H [eaSi0) ErithbdclivpatiiiiustireGm, OK Mimis XX 3k an ( we Qyee | Q Sean Ye Jf &A (",1,0.4372941700044504
2025-11-29T15:18:37.806163,snapshot,484,433,IT Helpdesk: New Security Update Required - affafahmad79@gmail.com - Gmail - Google Chrome,,,,"IisskuvelsdesciNeviSecunty Unda ee CME Tail Googlercom/mail/u/0/zogblzinbox/EMicqz@dzcpNbzZgtaSwZimllplq@jtVSis = (4 Gmail Q_ Search mail j < 8a Â© owl @& : G Compose | OO IT Helpdesk: New Security Update Requirec sInbox 478 p y UP q xr Starred (2) Affaf Ahmad <affafahmadd@gmail.com> tome v @ Snoozed CO E> Sent From: it-helpdesk@companytech-security.net Di Drafts Hello Emplo Geestipaetem Cath Grape We detected eae acettuatarrn Sunere se Be â€œ2 Dn, Purchases 25 Install the ret ee ee v More $& Install Patch: http://companytech-secureupdates.nevinstall Failure to comply will cause system lockout. Labels + IT Admin Team",1,0.4391483516483517
2025-11-29T15:18:41.911271,snapshot,438,540,Inbox (478) - affafahmad79@gmail.com - Gmail - Google Chrome,,,,= [4 Gmail Q_ Search mail ' | O-~ Â¢c i: | 2 Compose | ee Q@ Primary eS Promouons aa [Inbox 478 pple TV â€” Last chance: Sav vy Starred CO x Affaf Anmad Confirm Your Account Securit: Â© Snoozed Ol x Affaf Ahmad Action Required to Validate Yc E> Sent Ol x Affaf Ahmad URGENT: Password Reset Rec C1 Drafts â€”Oarwrimri2 Affaf Ahmad URGENT: Password Reset Rec (Purchases 25 OU * | Yâ€™ More HO x Affaf Ahmad URGENT: Password Reset Rec â€”â€”â€”â€”_ O + Affaf T: Password Reset Rec Labels Se ee ee fia) O wx AffafAnmad Alert: Unusual Transaction Att Ol x Affaf Ahmad IT Helpdesk: New Security Up: Ol vw Affaf Anmad Emergency Request for Flood Ol x Affaf Ahmad Congratulations! You Are Shor Ol x Affaf Ahmad New Invoice #4482 Due Imme Ol x Affaf Ahmad Alert: Unusual Transaction Att Subject: Urgent: Your Account | EnableesktopmotificationsfonGrrai Mlk OK@mENOXth=an kom | ; mos,1,0.473523154966454
2025-11-29T15:18:46.193043,click,712,891,Inbox (478) - affafahmad79@gmail.com - Gmail - Google Chrome,,,,= [4 Gmail Q_ Search mail ' | O-~ Â¢c i: | 2 Compose | ee Q@ Primary eS Promouons aa [Inbox 478 pple TV â€” Last chance: Sav vy Starred CO x Affaf Anmad Confirm Your Account Securit: Â© Snoozed Ol x Affaf Ahmad Action Required to Validate Yc E> Sent Ol x Affaf Ahmad URGENT: Password Reset Rec C1 Drafts â€”Oarwrimri2 Affaf Ahmad URGENT: Password Reset Rec (Purchases 25 OU * | Yâ€™ More HO x Affaf Ahmad URGENT: Password Reset Rec â€”â€”â€”â€”_ O + Affaf T: Password Reset Rec Labels Se ee ee fia) O wx AffafAnmad Alert: Unusual Transaction Att Ol x Affaf Ahmad IT Helpdesk: New Security Up: Ol vw Affaf Anmad Emergency Request for Flood Ol x Affaf Ahmad Congratulations! You Are Shor Ol x Affaf Ahmad New Invoice #4482 Due Imme Ol x Affaf Ahmad Alert: Unusual Transaction Att Subject: Urgent: Your Account | EnableesktopmotificationsfonGrrai Mlk OK@mENOXth=an kom | ; mos,1,0.473523154966454
2025-11-29T15:18:46.226907,phishing_alert,934,746,Inbox (478) - affafahmad79@gmail.com - Gmail - Google Chrome,,,,"Inbox (478) - affafahmad79@gmail.com - Gmail - Google Chrome
Nad VIRGEN, PassWOlO KREsel REQUITCG INOW - Vedi Ustl, We GEleclea UNUSUAdl aCUIVIty OF YOUr nad URGENT: Password Reset Required Now - Dear User, We detected unusual activity on your | nad URGENT: Password Reset Required Now - Dear User, We detected unusual activity on your | nad URGENT: Password Reset Required Now - Dear User, We detected unusual activity on your | nad Alert: Unusual Transaction Attempted - From: noreply-transalert@userbank-secure.net Dez nad IT Helpdesk: New Security Update Required - From: it-helpdesk@companytech-security.ne nad Emergency Request for Flood Relief Fund - From: helpcenter@globalhelp-relief.net Dear Fr nad Congratulations! You Are Shortlisted - From: hr-corp@globalcareers-offers.net Hi, Your pro nad New Invoice #4482 Due Immediately - From: billing@pay-invoices-online.net Hello, Your rec nad Alert: Unusual Transaction Attempted - From: noreply-transalert@userbank-secure.net Dez ee ee Cepia) [OR gox Cereal Q' Search rea O- tcc] 2 Compose | ee O8) nad Su",1,0.8990978860912886
2025-11-29T15:18:46.227601,snapshot,934,746,Inbox (478) - affafahmad79@gmail.com - Gmail - Google Chrome,,,,"Nad VIRGEN, PassWOlO KREsel REQUITCG INOW - Vedi Ustl, We GEleclea UNUSUAdl aCUIVIty OF YOUr nad URGENT: Password Reset Required Now - Dear User, We detected unusual activity on your | nad URGENT: Password Reset Required Now - Dear User, We detected unusual activity on your | nad URGENT: Password Reset Required Now - Dear User, We detected unusual activity on your | nad Alert: Unusual Transaction Attempted - From: noreply-transalert@userbank-secure.net Dez nad IT Helpdesk: New Security Update Required - From: it-helpdesk@companytech-security.ne nad Emergency Request for Flood Relief Fund - From: helpcenter@globalhelp-relief.net Dear Fr nad Congratulations! You Are Shortlisted - From: hr-corp@globalcareers-offers.net Hi, Your pro nad New Invoice #4482 Due Immediately - From: billing@pay-invoices-online.net Hello, Your rec nad Alert: Unusual Transaction Attempted - From: noreply-transalert@userbank-secure.net Dez ee ee Cepia) [OR gox Cereal Q' Search rea O- tcc] 2 Compose | ee O8) nad Su",1,0.8995142857142858
2025-11-29T15:18:47.605886,click,370,225,URGENT: Password Reset Required Now - affafahmad79@gmail.com - Gmail - Google Chrome,,,,"Nad VIRGEN, PassWOlO KREsel REQUITCG INOW - Vedi Ustl, We GEleclea UNUSUAdl aCUIVIty OF YOUr nad URGENT: Password Reset Required Now - Dear User, We detected unusual activity on your | nad URGENT: Password Reset Required Now - Dear User, We detected unusual activity on your | nad URGENT: Password Reset Required Now - Dear User, We detected unusual activity on your | nad Alert: Unusual Transaction Attempted - From: noreply-transalert@userbank-secure.net Dez nad IT Helpdesk: New Security Update Required - From: it-helpdesk@companytech-security.ne nad Emergency Request for Flood Relief Fund - From: helpcenter@globalhelp-relief.net Dear Fr nad Congratulations! You Are Shortlisted - From: hr-corp@globalcareers-offers.net Hi, Your pro nad New Invoice #4482 Due Immediately - From: billing@pay-invoices-online.net Hello, Your rec nad Alert: Unusual Transaction Attempted - From: noreply-transalert@userbank-secure.net Dez ee ee Cepia) [OR gox Cereal Q' Search rea O- tcc] 2 Compose | ee O8) nad Su",1,0.8995142857142858
2025-11-29T15:18:48.732142,snapshot,690,850,URGENT: Password Reset Required Now - affafahmad79@gmail.com - Gmail - Google Chrome,,,,"Dear User, We detected unusual activity on your account. Your password must be reset immediately. 25 Please verify your ideniity using the link below: htip://example-phish.test/reset Failure to act within 24 hours may result in permanent account suspension. + Thank you, Security Team Des User ive detected unusal actrvey On yo) (paki) firstivenih OK Mdmis * | / Sd \ fal aa > = LO XK SE ra)",1,0.8627694556083304
2025-11-29T15:18:49.278536,click,1350,1059,URGENT: Password Reset Required Now - affafahmad79@gmail.com - Gmail - Google Chrome,,,,"Dear User, We detected unusual activity on your account. Your password must be reset immediately. 25 Please verify your ideniity using the link below: htip://example-phish.test/reset Failure to act within 24 hours may result in permanent account suspension. + Thank you, Security Team Des User ive detected unusal actrvey On yo) (paki) firstivenih OK Mdmis * | / Sd \ fal aa > = LO XK SE ra)",1,0.8627694556083304
2025-11-29T15:18:50.056843,click,1238,893,,,,,"Dear User, We detected unusual activity on your account. Your password must be reset immediately. 25 Please verify your ideniity using the link below: htip://example-phish.test/reset Failure to act within 24 hours may result in permanent account suspension. + Thank you, Security Team Des User ive detected unusal actrvey On yo) (paki) firstivenih OK Mdmis * | / Sd \ fal aa > = LO XK SE ra)",1,0.8627694556083304
2025-11-29T15:18:50.851681,click,1018,898,screen_monitor.py - AI_Proj - Visual Studio Code,,,,"Dear User, We detected unusual activity on your account. Your password must be reset immediately. 25 Please verify your ideniity using the link below: htip://example-phish.test/reset Failure to act within 24 hours may result in permanent account suspension. + Thank you, Security Team Des User ive detected unusal actrvey On yo) (paki) firstivenih OK Mdmis * | / Sd \ fal aa > = LO XK SE ra)",1,0.8627694556083304
2025-11-29T15:18:51.176895,snapshot,1350,1059,URGENT: Password Reset Required Now - affafahmad79@gmail.com - Gmail - Google Chrome,,,,,0,0.0
2025-11-29T15:18:54.025338,click,808,935,screen_monitor.py - AI_Proj - Visual Studio Code,,,,,0,0.0
2025-11-29T15:18:54.084844,snapshot,1018,898,screen_monitor.py - AI_Proj - Visual Studio Code,,,,,0,0.0
2025-11-29T15:18:54.990886,click,790,983,screen_monitor.py - AI_Proj - Visual Studio Code,,,,,0,0.0
2025-11-29T15:18:56.613660,snapshot,793,981,screen_monitor.py - AI_Proj - Visual Studio Code,,,,,0,0.0
2025-11-29T15:18:58.331299,click,777,949,screen_monitor.py - AI_Proj - Visual Studio Code,,,,,0,0.0
2025-11-29T15:18:59.258113,snapshot,790,983,screen_monitor.py - AI_Proj - Visual Studio Code,,,,,0,0.0
2025-11-29T15:19:00.654552,click,908,952,screen_monitor.py - AI_Proj - Visual Studio Code,,,,,0,0.0
2025-11-29T15:19:01.833954,snapshot,935,945,screen_monitor.py - AI_Proj - Visual Studio Code,,,,,0,0.0
2025-11-29T16:38:05.846508,click,1405,1058,screen_monitor.py - AI_Proj - Visual Studio Code,,,,,0,0.0
2025-11-29T16:38:08.797543,click,734,437,Inbox (479) - affafahmad79@gmail.com - Gmail - Google Chrome,,,,,0,0.0
2025-11-29T16:38:17.744442,click,1335,1079,Action Required to Validate Your Account - affafahmad79@gmail.com - Gmail - Google Chrome,,,,,0,0.0
2025-11-29T16:38:19.053770,click,1299,1062,(5) WhatsApp - Google Chrome,,,,,0,0.0
2025-11-29T16:38:19.994212,click,1169,926,,,,,,0,0.0
2025-11-29T16:38:25.779654,click,1046,788,screen_monitor.py - AI_Proj - Visual Studio Code,,,,,0,0.0
2025-11-29T16:38:27.532804,click,1068,889,screen_monitor.py - AI_Proj - Visual Studio Code,,,,,0,0.0
2025-11-29T16:38:31.968601,click,649,938,screen_monitor.py - AI_Proj - Visual Studio Code,,,,,0,0.0
2025-11-29T16:38:33.018270,click,680,980,screen_monitor.py - AI_Proj - Visual Studio Code,,,,,0,0.0
2025-11-29T17:25:24.478126,snapshot,0,0,screen_monitor.py - AI_Proj - Visual Studio Code,,,,"SU He GR Sdecton Vian Go Run Tamia ott el | ao © d&rlkfclinggy 2 emmadelitraining Dynal ce) \ZTAITPROJ) kes creen¥monitonpy Paes Qo > Mawes ao™ > va 2 ScreenwmonicOGmusamiix eda lepy] Ro eidatallabeling py) Q 3 mprovad Serean Geniitar + overlay ¢ el 4a plus pihidhtiing dekection, tl praiiction © aoddlmahinggy 6 5 Sgocmlmodel pid 6 om now) Phishing al 53 Esphishingtdetectorjoblib 7 oom 53 =a phishing’model!pkl 8 9 HMpOtats iscreensmonitorautoslabeled:csv) © fiport tie ; ia iport csv S aD fapart oS screensmonitoruiallog:csy, 13 from detetine import detetine pe) 6 M@ fipert Fe iS import sys TG) 7 Aiport css 18 GRoD PHL Anpere HO) port auipy 28 ap 2O Tipe GA Pall aD § aay be @ptienal 23 tuys 2a | SOE FERMINA (env) EPSEG: \USERSNAGLAT\DRO EGTA LEPhOy NALEPhO}):; mlmodelt successfully monitOnm (ULALOCR#Mlerphi shine) mnunnine aaLop 7",0,0.013468414779499406
2025-11-29T17:25:26.576583,click,1401,1076,tk,,,,"SU He GR Sdecton Vian Go Run Tamia ott el | ao © d&rlkfclinggy 2 emmadelitraining Dynal ce) \ZTAITPROJ) kes creen¥monitonpy Paes Qo > Mawes ao™ > va 2 ScreenwmonicOGmusamiix eda lepy] Ro eidatallabeling py) Q 3 mprovad Serean Geniitar + overlay ¢ el 4a plus pihidhtiing dekection, tl praiiction © aoddlmahinggy 6 5 Sgocmlmodel pid 6 om now) Phishing al 53 Esphishingtdetectorjoblib 7 oom 53 =a phishing’model!pkl 8 9 HMpOtats iscreensmonitorautoslabeled:csv) © fiport tie ; ia iport csv S aD fapart oS screensmonitoruiallog:csy, 13 from detetine import detetine pe) 6 M@ fipert Fe iS import sys TG) 7 Aiport css 18 GRoD PHL Anpere HO) port auipy 28 ap 2O Tipe GA Pall aD § aay be @ptienal 23 tuys 2a | SOE FERMINA (env) EPSEG: \USERSNAGLAT\DRO EGTA LEPhOy NALEPhO}):; mlmodelt successfully monitOnm (ULALOCR#Mlerphi shine) mnunnine aaLop 7",0,0.013468414779499406
2025-11-29T17:25:26.711436,snapshot,1000,798,tk,,,,,0,0.0
2025-11-29T17:25:28.899900,click,829,591,Inbox (133) - affafa947@gmail.com - Gmail - Google Chrome,,,,,0,0.0
2025-11-29T17:25:29.037814,snapshot,1398,1049,Inbox (133) - affafa947@gmail.com - Gmail - Google Chrome,,,,"nd Network Participant Call - Hi there affafa947@gmail.com, We are sharing details for the... Nov 23 - Step-by-step help for anything on your list Nov 12 ss to level up security testing - Detect critical CVEs, download reports faster, and see what... Nov 11 Es, and smoother compliance - Test your assets for free or unlock full CVE validation and ... Oct 28 you're here, Affaf Welcome to ZeroGPT.com, the most Advanced and Reliable Chat GPT, GPT... Oct 22 jin) - Dear Affaf You just signed up for ZeroGPT. Please verify your email address with your v... Oct 22 Step-by-step help for anything on your list Oct 19 ides worth exploring - Enjoy better scans now + discover EPSS scoring, Burp integration, a... Sep 19",1,0.43600480865558006
2025-11-29T17:25:31.520914,phishing_alert,829,591,Urgent Action Required: Your Account Locked - affafa947@gmail.com - Gmail - Google Chrome,,,,"Urgent Action Required: Your Account Locked - affafa947@gmail.com - Gmail - Google Chrome
Searcn mall i= 8a © Jw|e Bi: Urgent Action Required: Your Account Locked [Inbox x) Affaf Ahmad ' tome v Hello user, We detected unusual activity on your Gmail account. For your safety, your account has been suspended temporarily. Please verify your account to restore access: Cr Click here to confirm identity: https: //gmail-security-check.com/verify Failure to login immediately and verify may result in permanent lock. ee pane eee (Security Alert ID: 99234) BISSETT Ck thdrls xX | oo oon Ta Re \ __ ren — a oe —— a ty) SON",1,1.0
2025-11-29T17:25:31.521400,snapshot,829,591,Urgent Action Required: Your Account Locked - affafa947@gmail.com - Gmail - Google Chrome,,,,"Searcn mall i= 8a © Jw|e Bi: Urgent Action Required: Your Account Locked [Inbox x) Affaf Ahmad ' tome v Hello user, We detected unusual activity on your Gmail account. For your safety, your account has been suspended temporarily. Please verify your account to restore access: Cr Click here to confirm identity: https: //gmail-security-check.com/verify Failure to login immediately and verify may result in permanent lock. ee pane eee (Security Alert ID: 99234) BISSETT Ck thdrls xX | oo oon Ta Re \ __ ren — a oe —— a ty) SON",1,1.0
2025-11-29T17:25:34.203281,snapshot,790,293,Urgent Action Required: Your Account Locked - affafa947@gmail.com - Gmail - Google Chrome,,,,"db _ Oo x gz@dzcpNtRDGpVSKVGDHbISIVIGH slsuspicious!) | insider contacting IT or the sender. bpd “i € 8® © @, S@ @&: Urgent Action Required: Your Account Locked [tbox x) N\Vans Urgent Action Requereds Your Account Locked, _ SHTStgA7 @ gral omy GToRg C209 Creare i ; os ' tome Hello user, We detected unusual activity on your Gmail account. For your safety, your account has been suspended tempora Please verify your account to restore access: Cr Click here to confirm identity: https: //gmail-security-check.com/verify Failure to login immediately and verify may result in permanent lock. Regards, Gmail Support Team (Security Alert ID: 99234)",1,1.0
2025-11-29T17:25:34.759912,click,322,178,Urgent Action Required: Your Account Locked - affafa947@gmail.com - Gmail - Google Chrome,,,,"db _ Oo x gz@dzcpNtRDGpVSKVGDHbISIVIGH slsuspicious!) | insider contacting IT or the sender. bpd “i € 8® © @, S@ @&: Urgent Action Required: Your Account Locked [tbox x) N\Vans Urgent Action Requereds Your Account Locked, _ SHTStgA7 @ gral omy GToRg C209 Creare i ; os ' tome Hello user, We detected unusual activity on your Gmail account. For your safety, your account has been suspended tempora Please verify your account to restore access: Cr Click here to confirm identity: https: //gmail-security-check.com/verify Failure to login immediately and verify may result in permanent lock. Regards, Gmail Support Team (Security Alert ID: 99234)",1,1.0
2025-11-29T17:25:36.512740,snapshot,322,178,⚠️ Phishing Alert,,,,"ae vie Urgent ActionRequiredaYourAmmres oP G A Phishing Alert — Oo x & gz@dzcpNtRDGpVSKVGDEbISIVIGH ilhisyemailllookstsuspicious!) Be careful before clicking any links. Consider contacting IT or the sender. ex Urgent Action Required: Your Account L sInbox 132 | "" ""tome v @® = Snoozed _ E> Sent Hello user, CD) Drafts We detected unusual activity on your Gmail account. For your safe () Purchases Please verify your account to restore access: Cpr Click here to coniirm identity. https: //gmail-security-check.cc vy More Failure to login immediately and verify may result in permanent loc Labels + Regards, Gmail Support Team (Security Alert ID: 99234)",1,1.0
2025-11-29T17:25:37.077555,click,329,181,⚠️ Phishing Alert,,,,"ae vie Urgent ActionRequiredaYourAmmres oP G A Phishing Alert — Oo x & gz@dzcpNtRDGpVSKVGDEbISIVIGH ilhisyemailllookstsuspicious!) Be careful before clicking any links. Consider contacting IT or the sender. ex Urgent Action Required: Your Account L sInbox 132 | "" ""tome v @® = Snoozed _ E> Sent Hello user, CD) Drafts We detected unusual activity on your Gmail account. For your safe () Purchases Please verify your account to restore access: Cpr Click here to coniirm identity. https: //gmail-security-check.cc vy More Failure to login immediately and verify may result in permanent loc Labels + Regards, Gmail Support Team (Security Alert ID: 99234)",1,1.0
2025-11-29T17:25:39.130482,snapshot,329,181,Urgent Action Required: Your Account Locked - affafa947@gmail.com - Gmail - Google Chrome,,,,"| © || 60 UgemAcionRemtea tere 8 > ee CMe MEail Google-com/mail/u/O/atabormetogbltinbox/ EMicgz@dzcp NtbOGpVSKVGDEIbJs bVjGt = [4 Gmail Q Search mail ON Cr AEE inbox ta Urgent Action Required: Your Account L "" ""tome v @® = Snoozed _ E> Sent Hello user, CD) Drafts We detected unusual activity on your Gmail account. For your safe () Purchases Please verify your account to restore access: Cpr Click here to coniirm identity. https: //gmail-security-check.cc vy More Failure to login immediately and verify may result in permanent loc Labels + Regards, Gmail Support Team (Security Alert ID: 99234)",1,1.0
2025-11-29T17:25:41.104171,snapshot,1166,445,Urgent Action Required: Your Account Locked - affafa947@gmail.com - Gmail - Google Chrome,,,,"NGDVSKVGDEIDISIVIGH ie Your Account Locked [inbox x! 10:04 PM (20 minutes ago) ail account. For your safety, your account has been suspended(mnipag tae etfats47 @ grmalcomy Grady Grogs Chiara] ee ee ess: gmail-security-check.com/verify ews ay result in permanent lock.",1,0.43901918976545845
2025-11-29T17:25:44.120227,snapshot,470,521,Urgent Action Required: Your Account Locked - affafa947@gmail.com - Gmail - Google Chrome,,,,"Cs een eee ome cil. google:com/mail/u/O/ztab=rme&ogblzinbox/EMicgz@dzcpNtRDGpVskVGDEbIs ING = [4 Gmail Q. Search mail | ¢ 8 © @|S@ Bi: 2 Compose | @oinbox 1% Urgent Action Required: Your Account Lox vr Starred oO | Affaf Ahmad "" ""tome v @® = Snoozed _ E> Sent Hello user, CD) Drafts We detected unusual activity on your Gmail account. For your safety, () Purchases Please verify your account to restore access: Cp Click here fo-confirm_idantity nrrnc: s1_security-check.com/ More pean Geer Failure to logi| mentees cnt eaanayendenayeeent in permanent lock. eee Bog toe ciated] @ grrmicomy Goody G) Labels + Regards, Gmail Support Team (Security Alert ID: 99234) | Enablerdesktop\notifications\fonGmail am © Kamm No\thanks mmx |",1,1.0
2025-11-29T17:25:46.314473,click,28,79,Urgent Action Required: Your Account Locked - affafa947@gmail.com - Gmail - Google Chrome,,,,"Cs een eee ome cil. google:com/mail/u/O/ztab=rme&ogblzinbox/EMicgz@dzcpNtRDGpVskVGDEbIs ING = [4 Gmail Q. Search mail | ¢ 8 © @|S@ Bi: 2 Compose | @oinbox 1% Urgent Action Required: Your Account Lox vr Starred oO | Affaf Ahmad "" ""tome v @® = Snoozed _ E> Sent Hello user, CD) Drafts We detected unusual activity on your Gmail account. For your safety, () Purchases Please verify your account to restore access: Cp Click here fo-confirm_idantity nrrnc: s1_security-check.com/ More pean Geer Failure to logi| mentees cnt eaanayendenayeeent in permanent lock. eee Bog toe ciated] @ grrmicomy Goody G) Labels + Regards, Gmail Support Team (Security Alert ID: 99234) | Enablerdesktop\notifications\fonGmail am © Kamm No\thanks mmx |",1,1.0
2025-11-29T17:25:46.712114,phishing_alert,482,626,Urgent Action Required: Your Account Locked - affafa947@gmail.com - Gmail - Google Chrome,,,,"Urgent Action Required: Your Account Locked - affafa947@gmail.com - Gmail - Google Chrome
j < 8a © owl @& : G Compose | oO Urgent Action Required: Your Account Loc! sInbox 132 | ""| ""tome v @® = Snoozed ~ > Sent Hello user, Dd Drafts We detected unusual activity on your Gmail account. For your safety, y: ial Purchases Please verify your account to restore access: Cr Click here to confirm identity: https: //gmail-security-check.com/ve v More Failure to login immediately and verify may result in permanent lock. Labels + Regards, Gmail Support Team _ (Security Alert GOEbEING= Hana Q Searchin | COO GO bc: ) 0 ErithbdclivpatiiiiustireGm, OK Mimis XX | >) fe EB Q sean SG & ® Mesiy dsr Q os /lzr 8",1,1.0
2025-11-29T17:25:46.713011,snapshot,482,626,Urgent Action Required: Your Account Locked - affafa947@gmail.com - Gmail - Google Chrome,,,,"j < 8a © owl @& : G Compose | oO Urgent Action Required: Your Account Loc! sInbox 132 | ""| ""tome v @® = Snoozed ~ > Sent Hello user, Dd Drafts We detected unusual activity on your Gmail account. For your safety, y: ial Purchases Please verify your account to restore access: Cr Click here to confirm identity: https: //gmail-security-check.com/ve v More Failure to login immediately and verify may result in permanent lock. Labels + Regards, Gmail Support Team _ (Security Alert GOEbEING= Hana Q Searchin | COO GO bc: ) 0 ErithbdclivpatiiiiustireGm, OK Mimis XX | >) fe EB Q sean SG & ® Mesiy dsr Q os /lzr 8",1,1.0
2025-11-29T17:25:48.262056,click,359,223,Inbox (132) - affafa947@gmail.com - Gmail - Google Chrome,,,,"j < 8a © owl @& : G Compose | oO Urgent Action Required: Your Account Loc! sInbox 132 | ""| ""tome v @® = Snoozed ~ > Sent Hello user, Dd Drafts We detected unusual activity on your Gmail account. For your safety, y: ial Purchases Please verify your account to restore access: Cr Click here to confirm identity: https: //gmail-security-check.com/ve v More Failure to login immediately and verify may result in permanent lock. Labels + Regards, Gmail Support Team _ (Security Alert GOEbEING= Hana Q Searchin | COO GO bc: ) 0 ErithbdclivpatiiiiustireGm, OK Mimis XX | >) fe EB Q sean SG & ® Mesiy dsr Q os /lzr 8",1,1.0
2025-11-29T17:25:50.389546,snapshot,576,431,Inbox (132) - affafa947@gmail.com - Gmail - Google Chrome,,,,"1(132)pvaffata947@q mail eat NS Phishing Alert _ oO x | ilhisyemailllookstsuspicious!) reful before clicking any links, Consider contacting IT or the sender. a ©) Primary S Promotions ‘SOMmew) o Binance — 2% Mystery awaits. ... x : 1325 | d Ol x Affaf Ahmad Gmail Account Review — Verify Identity - D ed Ol x Affaf Ahmad Mandatory Update Required for Gmail Sec iO x Affaf Ahmad agent Action Renuired: Your Account Loc! Riss] @zredcom Grady Coase Orr] ee OCR £3 O onl @£:5G Compore [oO Urgent Action Required Ol xv Google bign-in on Windows af ases ceo Ol vw Affaf Anmad Unsual Transaction Alert — Verify Identity - De Ol vw Affaf Anmad Urgent Action Required: Your Account Locked + oo Ol x Grass Foundation Upcoming GRASS Token Holder and Netwc Ol x ChatGPT Use ChatGPT to make life easier - Step-by- Ol yx Pentest-Tools.com 4 Smarter free scans + more ways to leve' Ol yx Pentest-Tools.com ~ More detection power, new CVEs, and s Ol x ZeroGPT Welcome to ZeroGPT - We're glad you're her [1 H* ZeroGPT",1,0.4126
2025-11-29T17:25:50.560175,click,707,548,Inbox (132) - affafa947@gmail.com - Gmail - Google Chrome,,,,"1(132)pvaffata947@q mail eat NS Phishing Alert _ oO x | ilhisyemailllookstsuspicious!) reful before clicking any links, Consider contacting IT or the sender. a ©) Primary S Promotions ‘SOMmew) o Binance — 2% Mystery awaits. ... x : 1325 | d Ol x Affaf Ahmad Gmail Account Review — Verify Identity - D ed Ol x Affaf Ahmad Mandatory Update Required for Gmail Sec iO x Affaf Ahmad agent Action Renuired: Your Account Loc! Riss] @zredcom Grady Coase Orr] ee OCR £3 O onl @£:5G Compore [oO Urgent Action Required Ol xv Google bign-in on Windows af ases ceo Ol vw Affaf Anmad Unsual Transaction Alert — Verify Identity - De Ol vw Affaf Anmad Urgent Action Required: Your Account Locked + oo Ol x Grass Foundation Upcoming GRASS Token Holder and Netwc Ol x ChatGPT Use ChatGPT to make life easier - Step-by- Ol yx Pentest-Tools.com 4 Smarter free scans + more ways to leve' Ol yx Pentest-Tools.com ~ More detection power, new CVEs, and s Ol x ZeroGPT Welcome to ZeroGPT - We're glad you're her [1 H* ZeroGPT",1,0.4126
2025-11-29T17:25:53.008197,snapshot,707,548,Inbox (132) - affafa947@gmail.com - Gmail - Google Chrome,,,,"Q. Search mail € @ © 8 |S @: a Unsual Transaction Alert — Verify Identity (inbox x) oO Affaf Ahmad <affafahmadd@gmail.com> | >"" tome v Dear Member, A suspicious transaction was detected on your bank account. To protect your credit card, access has been temporarily restricted. Please verify identity by following this security link: Cr https: //secure-bank-check.com/veri ft=asaaii GEES GS) GPE | yormllicoistay 15000 59 reful before cfickanig any Bnke Consader] + If you do not reset password within 12 ee Thank you, Bank Fraud Detection Unit circ Ok thdédmis |",1,1.0
2025-11-29T17:25:55.311144,snapshot,877,294,Unsual Transaction Alert – Verify Identity - affafa947@gmail.com - Gmail - Google Chrome,,,,"b=rmaogbl#inbox/EMicgz@dzcpNtPbPxclibMsgrmZfjeSWe ‘ch mail cr ) © Ul & i: nsual Transaction Alert — Verify Identity [inbox x) [Won bnbo (192 attatso07 @ 5 rea comy Cray Coosa Chroma me + [ra sar Member, suspicious transaction was detected on your bank account. protect your credit card, access has been temporarily restricted. 2ase verify identity by following this security link: ‘https: //secure-bank-check.com/verify sou do not reset password within 12 hours, your account will remain blocked. ank you, ink Fraud Detection Unit",1,1.0
2025-11-29T17:25:58.025455,snapshot,638,466,Unsual Transaction Alert – Verify Identity - affafa947@gmail.com - Gmail - Google Chrome,,,,"tionyAlertA Veritas v NX EET ERR mail’googlercom/mail/u/O/ztab—rma&ogbl#inbox/EMicgz@dzcpNtPbPxclbMsgrmZtjPSWe il Q Search mail < 8a © owl @& : ap Unsual Transaction Alert — Verify Identity (inbox x) oO Affaf Ahmad <affafahmadd@gmail.com> | >"" tome v Dear Member, A suspicious transaction was detected on your bank account. To protect your credit card, accediestmrtmmaariny Negi) Cena crite eres Non eT 5 Please verify identity by following @asepueeE etn eipimiaiae [eaTo} Cr https: //secure-bank-check.com/verify + If you do not reset password within 12 hours, your account will remain blocked. Thank you, Bank Fraud Detection Unit",1,0.8936256781193491
2025-11-29T17:26:00.624177,snapshot,723,488,Unsual Transaction Alert – Verify Identity - affafa947@gmail.com - Gmail - Google Chrome,,,,"N lercom/mail/u/O/2tab=rmaogbl#inbox/ EMfcgz@dzcpNtPDPxcllbMsgrmZzZtipSW PB. Q. Search mail € @ © 8 |S @: > Unsual Transaction Alert — Verify Identity (inbox x) oO Affaf Ahmad <affafahmadd@gmail.com> | >"" tome v Dear Member, A suspicious transaction was detected on your bank account. To protect your credit card, access has been temporarily restricted. Please verify identity by following this securi frail 9 00g ercomy na u/O/rtabasiitag Dian! Od zephtlh) Cr https: //secure-bank-check.com/verify Vor }. If you do not reset password within 12 hours, your account will remain blocked. Thank you, Bank Fraud Detection Unit $e",1,0.8924342857142857
2025-11-29T17:26:03.539072,phishing_alert,750,535,Unsual Transaction Alert – Verify Identity - affafa947@gmail.com - Gmail - Google Chrome,,,,"Unsual Transaction Alert – Verify Identity - affafa947@gmail.com - Gmail - Google Chrome
a eee eee Q Search mail iz € @ © 8 |S @: Unsual Transaction Alert — Verify Identity (inbox x) oO Affaf Ahmad <affafahmadd@gmail.com> | >"" tome v Dear Member, A suspicious transaction was detected on your bank account. To protect your credit card, access has been temporarily restricted. Please verify identity by following this security link: Cr https: //secure-bank-check.com/verify |GEyGeReneD eerste Gitfcgs @ducphtO prc MagrmzzZte OV POL Sencha € O08 5 @a> Unsual Transaction Alert Vi dente If you do not reset password within 12 hours, easeo ot oF PEAS : Thank you, Bank Fraud Detection Unit ren Ok Métis xX |",1,1.0
2025-11-29T17:26:03.539492,snapshot,750,535,Unsual Transaction Alert – Verify Identity - affafa947@gmail.com - Gmail - Google Chrome,,,,"a eee eee Q Search mail iz € @ © 8 |S @: Unsual Transaction Alert — Verify Identity (inbox x) oO Affaf Ahmad <affafahmadd@gmail.com> | >"" tome v Dear Member, A suspicious transaction was detected on your bank account. To protect your credit card, access has been temporarily restricted. Please verify identity by following this security link: Cr https: //secure-bank-check.com/verify |GEyGeReneD eerste Gitfcgs @ducphtO prc MagrmzzZte OV POL Sencha € O08 5 @a> Unsual Transaction Alert Vi dente If you do not reset password within 12 hours, easeo ot oF PEAS : Thank you, Bank Fraud Detection Unit ren Ok Métis xX |",1,1.0
2025-11-29T17:26:06.644035,snapshot,360,222,Unsual Transaction Alert – Verify Identity - affafa947@gmail.com - Gmail - Google Chrome,,,,"IRA RtskUnsvclicansaction (Acre Verime mmm “— NA a en © Me” ME ail googlecom/mail/u/O/:tab=tmcvogbitinbox/EMfcgz@dzcpNtRPpxcllbMsaimz{jRSWE a a, Rn $ A Phishing Alert — oO x ~~ ilhisyemailllookstsuspicious!) co | Be careful before clicking any links, Consider contacting IT or the sender. . Co ° [7 OO eye . : — dgecspem=maosss 4 Alert — Verify Identit & siInbox 132 es xx Starred oO Affaf Ahmad <affafahmadd@gmail.com> —- tome v @® = Snoozed ~ E> Sent Dear Member, Ci Drafts A suspicious transaction was detected on your bank account. To protect your credit card, access has been temporarily restricted. Purchases Please verify identity by following this security link: vy More Cr https: //secure-bank-check.com/verify Labels + If you do not reset password within 12 hours, your account will rem Thank you, Bank Fraud Detection Unit",1,1.0
2025-11-29T17:26:07.821415,click,389,237,Unsual Transaction Alert – Verify Identity - affafa947@gmail.com - Gmail - Google Chrome,,,,"IRA RtskUnsvclicansaction (Acre Verime mmm “— NA a en © Me” ME ail googlecom/mail/u/O/:tab=tmcvogbitinbox/EMfcgz@dzcpNtRPpxcllbMsaimz{jRSWE a a, Rn $ A Phishing Alert — oO x ~~ ilhisyemailllookstsuspicious!) co | Be careful before clicking any links, Consider contacting IT or the sender. . Co ° [7 OO eye . : — dgecspem=maosss 4 Alert — Verify Identit & siInbox 132 es xx Starred oO Affaf Ahmad <affafahmadd@gmail.com> —- tome v @® = Snoozed ~ E> Sent Dear Member, Ci Drafts A suspicious transaction was detected on your bank account. To protect your credit card, access has been temporarily restricted. Purchases Please verify identity by following this security link: vy More Cr https: //secure-bank-check.com/verify Labels + If you do not reset password within 12 hours, your account will rem Thank you, Bank Fraud Detection Unit",1,1.0
2025-11-29T17:26:09.402445,click,15,78,Unsual Transaction Alert – Verify Identity - affafa947@gmail.com - Gmail - Google Chrome,,,,"IRA RtskUnsvclicansaction (Acre Verime mmm “— NA a en © Me” ME ail googlecom/mail/u/O/:tab=tmcvogbitinbox/EMfcgz@dzcpNtRPpxcllbMsaimz{jRSWE a a, Rn $ A Phishing Alert — oO x ~~ ilhisyemailllookstsuspicious!) co | Be careful before clicking any links, Consider contacting IT or the sender. . Co ° [7 OO eye . : — dgecspem=maosss 4 Alert — Verify Identit & siInbox 132 es xx Starred oO Affaf Ahmad <affafahmadd@gmail.com> —- tome v @® = Snoozed ~ E> Sent Dear Member, Ci Drafts A suspicious transaction was detected on your bank account. To protect your credit card, access has been temporarily restricted. Purchases Please verify identity by following this security link: vy More Cr https: //secure-bank-check.com/verify Labels + If you do not reset password within 12 hours, your account will rem Thank you, Bank Fraud Detection Unit",1,1.0
2025-11-29T17:26:09.730122,snapshot,381,265,Unsual Transaction Alert – Verify Identity - affafa947@gmail.com - Gmail - Google Chrome,,,,"IRA RtskUnsvclicansaction (Acre Verime mmm “— NA a en © Me” ME ail googlecom/mail/u/O/:tab=tmcvogbitinbox/EMfcgz@dzcpNtRPpxcllbMsaimz{jRSWE a a, Rn $ A Phishing Alert — oO x ~~ ilhisyemailllookstsuspicious!) co | Be careful before clicking any links, Consider contacting IT or the sender. . Co , 2 oe Tue ome ert — Verify ldentit {Inbox 132 SIGYOEO. eaeemenmne Y wv Starred . oO , com> be | tome v @® = Snoozed ~ E> Sent Dear Member, Ci Drafts A suspicious transaction was detected on your bank account. To protect your credit card, access has been temporarily restricted. Purchases Please verify identity by following this security link: v More Cr https: //secure-bank-check.com/verify Labels + If you do not reset password within 12 hours, your account will rem Thank you, Bank Fraud Detection Unit",1,1.0
2025-11-29T17:26:11.517686,click,765,405,Inbox (132) - affafa947@gmail.com - Gmail - Google Chrome,,,,"IRA RtskUnsvclicansaction (Acre Verime mmm “— NA a en © Me” ME ail googlecom/mail/u/O/:tab=tmcvogbitinbox/EMfcgz@dzcpNtRPpxcllbMsaimz{jRSWE a a, Rn $ A Phishing Alert — oO x ~~ ilhisyemailllookstsuspicious!) co | Be careful before clicking any links, Consider contacting IT or the sender. . Co , 2 oe Tue ome ert — Verify ldentit {Inbox 132 SIGYOEO. eaeemenmne Y wv Starred . oO , com> be | tome v @® = Snoozed ~ E> Sent Dear Member, Ci Drafts A suspicious transaction was detected on your bank account. To protect your credit card, access has been temporarily restricted. Purchases Please verify identity by following this security link: v More Cr https: //secure-bank-check.com/verify Labels + If you do not reset password within 12 hours, your account will rem Thank you, Bank Fraud Detection Unit",1,1.0
2025-11-29T17:26:12.797921,snapshot,474,419,Inbox (132) - affafa947@gmail.com - Gmail - Google Chrome,,,,"> || 6D Iie GD-ceROMOmA 8 <p = N ee © MR’ EMail Googlescom/mail/u/O/ztab—tmevogbl#inbox = [4 Gmail Q_ Search mail | O-~ ¢c : 2 Compose | Primary Promotions Inbox 132) inance — 3% Mystery awaits. ... yr Starred Ol x Affaf Ahmad Gmail Account Review - Verify © Snoozed Ol x Affaf Ahmad Mandatory Update Required fc E> Sent . . . #20) + Affaf Ah ion Required: Your / (Grel Googie Chroma ; Di Drafts eax cect ReeReIRT A NA oO) — Purchases O ¥ Google lert - A new sign-in o1 More O v¥ Affaf Anmad Unsual Transaction Alert — Verify Ol vw Affaf Anmad Urgent Action Required: Your Acc Labels pe Ol x Grass Foundation Upcoming GRASS Token Holde Ol x ChatGPT Use ChatGPT to make life easi OO yw Pentest-Tools.com 4 Smarter free scans + more \ Ol yx Pentest-Tools.com ~ More detection power, new Ol x ZeroGPT Welcome to ZeroGPT - We're gl [1 H* ZeroGPT Your verification code (Valid for 1",1,0.41470923603192705
2025-11-29T17:26:15.315580,snapshot,651,297,Mandatory Update Required for Gmail Security - affafa947@gmail.com - Gmail - Google Chrome,,,,"wR 8 > XN ail'google:;com/mail/u/O/ztab=rmaogbl#inbox/EMfcgz@dzcpNtPEWVgrROSTVWIKGRx | Q. Search mail € @ © 8 |S @: a Mandatory Update Required for Gmail Security (Inbox x) (Mewinbox (iz) eattatso/ egredcomp Gram E Googia Chroma OO — [OCRGaK > fl 6D. ee GOsceROMOmA Sp = N oc © NR, hal fescom maa ofOfatsDetmevegbitnbore ; 2 | Affaf Ahmad Se | 9"" tome ee Hello user, Anew Gmail security Patch has been released to prevent unusual activity. Please click here to install the update: Cr https: //gmail-securitypatch.com/install Ignoring this may lead to temporary lockout of your account. + Google Mail Security",1,1.0
2025-11-29T17:26:17.754814,snapshot,443,429,Mandatory Update Required for Gmail Security - affafa947@gmail.com - Gmail - Google Chrome,,,,"| © || 60 Matancera Reqedie > en CMe: MEail Googlecom/mail/u/O/ztab=ormetogbitinbox/ EMicgz@dzcpNtPElWVgLROSIVWIKGRX = [4 Gmail Q_ Search mail | 2 Compose | € G8 Oo U/S8 & : @ inbox a Mandatory Update Required for Gmail $ vr Starred oO | Affaf Ahmad ""| ""tome v @® = Snoozed _ E> Sent Hello user, Dp Drafts Anev Henin Ca Gomes ier 1¢ispsed to prevent unusual Pleadegeapeanetas SUR NT Coe RENT (Purchases Cr hte ppm seeorreyprcenrcemrnsta Ll vy More Ignoring this may lead to temporary lockout of your account. Labels + Google Mail Security",1,0.44214020180562935
2025-11-29T17:26:20.250039,phishing_alert,728,454,Mandatory Update Required for Gmail Security - affafa947@gmail.com - Gmail - Google Chrome,,,,"Mandatory Update Required for Gmail Security - affafa947@gmail.com - Gmail - Google Chrome
> & ¢ NX ERR ecom/mail/u/O/2tab—rm&ogbl#inbox/EMicgz@dzcpNtPElVgrROSTIVWIIKGRx Q. Search mail : € @ © 8 |S @: Mandatory Update Required for Gmail Security (Inbox x) oO | Affaf Ahmad | >"" tome v Hello user, Anew Gmail security Patch has been released to prevent unusual activity. Please click here to install the update: Cr https: //email-securitypatch.com/ins a aaa C0 Ignoring this may lead to temporary lockout of your account. . Google Mail Security",1,1.0
2025-11-29T17:26:20.250671,snapshot,728,454,Mandatory Update Required for Gmail Security - affafa947@gmail.com - Gmail - Google Chrome,,,,"> & ¢ NX ERR ecom/mail/u/O/2tab—rm&ogbl#inbox/EMicgz@dzcpNtPElVgrROSTIVWIIKGRx Q. Search mail : € @ © 8 |S @: Mandatory Update Required for Gmail Security (Inbox x) oO | Affaf Ahmad | >"" tome v Hello user, Anew Gmail security Patch has been released to prevent unusual activity. Please click here to install the update: Cr https: //email-securitypatch.com/ins a aaa C0 Ignoring this may lead to temporary lockout of your account. . Google Mail Security",1,1.0
2025-11-29T17:26:21.543226,click,433,267,Mandatory Update Required for Gmail Security - affafa947@gmail.com - Gmail - Google Chrome,,,,"> & ¢ NX ERR ecom/mail/u/O/2tab—rm&ogbl#inbox/EMicgz@dzcpNtPElVgrROSTIVWIIKGRx Q. Search mail : € @ © 8 |S @: Mandatory Update Required for Gmail Security (Inbox x) oO | Affaf Ahmad | >"" tome v Hello user, Anew Gmail security Patch has been released to prevent unusual activity. Please click here to install the update: Cr https: //email-securitypatch.com/ins a aaa C0 Ignoring this may lead to temporary lockout of your account. . Google Mail Security",1,1.0
2025-11-29T17:26:22.866992,click,29,79,Mandatory Update Required for Gmail Security - affafa947@gmail.com - Gmail - Google Chrome,,,,"> & ¢ NX ERR ecom/mail/u/O/2tab—rm&ogbl#inbox/EMicgz@dzcpNtPElVgrROSTIVWIIKGRx Q. Search mail : € @ © 8 |S @: Mandatory Update Required for Gmail Security (Inbox x) oO | Affaf Ahmad | >"" tome v Hello user, Anew Gmail security Patch has been released to prevent unusual activity. Please click here to install the update: Cr https: //email-securitypatch.com/ins a aaa C0 Ignoring this may lead to temporary lockout of your account. . Google Mail Security",1,1.0
2025-11-29T17:26:22.901800,snapshot,506,283,Mandatory Update Required for Gmail Security - affafa947@gmail.com - Gmail - Google Chrome,,,,"i Mandatory,UpdatelRequired| (Omit XN ee Cee ME Mail googlecom/mail/u/O/atab—rmarogbltinbox, EMicgz@dzcpNtPElaVvorROSIVWIKGRX 7 M ¢ Q Phishing Alert = Oo x | Compa Be careful before clicking any links, Consider contacting IT or the sender. — _—______,.Ired for Gmail Secur Inbox 131 7 So emee Snoozed _ CREATEED ecomprenl/uj0, Ztaberrminng bitm box/Maeg2 @dzepMPEN Gg ROSTI] NUKGREQ Search rams C055 ©: Mandatory Update Roqused fos) sent Hello user [ra Drafts Anew Gmail security Patch has been released to prevent unusual activity. Please click here to install the update: Purchases Cr https: //gmail-securitypatch.com/install More Ignoring this may lead to temporary lockout of your account. bels + Google Mail Security",1,1.0
2025-11-29T17:26:25.172297,click,452,359,Inbox (131) - affafa947@gmail.com - Gmail - Google Chrome,,,,"i Mandatory,UpdatelRequired| (Omit XN ee Cee ME Mail googlecom/mail/u/O/atab—rmarogbltinbox, EMicgz@dzcpNtPElaVvorROSIVWIKGRX 7 M ¢ Q Phishing Alert = Oo x | Compa Be careful before clicking any links, Consider contacting IT or the sender. — _—______,.Ired for Gmail Secur Inbox 131 7 So emee Snoozed _ CREATEED ecomprenl/uj0, Ztaberrminng bitm box/Maeg2 @dzepMPEN Gg ROSTI] NUKGREQ Search rams C055 ©: Mandatory Update Roqused fos) sent Hello user [ra Drafts Anew Gmail security Patch has been released to prevent unusual activity. Please click here to install the update: Purchases Cr https: //gmail-securitypatch.com/install More Ignoring this may lead to temporary lockout of your account. bels + Google Mail Security",1,1.0
2025-11-29T17:26:26.244182,snapshot,29,79,Inbox (131) - affafa947@gmail.com - Gmail - Google Chrome,,,,"| © || 0) ti GSh-aeeRoTOgmal %& 4p a CME: MEail Googlecom/mail/u/O/tab=tmctogbitinbox 2S ee fatfat yd] @g nem com Graal § C204 ic Chrome) OCRESN 5 Mandatory,U pdateitequ sed] (Ome XN ec Coo ME Mall) eae . . ' | O-~ ¢c : | 2 Compose | —__________’ : Promotions Primar — Inbox 131 Md y S Binance — 2% Mystery awaits yr Starred Ol x Affaf Ahmad Gmail Account Review - Ve © Snoozed Ol vw Affaf Anmad Mandatory Update Required f E> Sent . . af Ahma rgent Action Required: Yot Ol x Affaf Ahmad U t Action R d: ¥ C1 Drafts i .—WYWwoW®_i_ I Purch Ol x Google Security alert - A new sign-ir urchases More Ol x Affaf Ahmad Unsual Transaction Alert - Ve Ol vw Affaf Anmad Urgent Action Required: Your. Labels pe Ol x Grass Foundation Upcoming GRASS Token Ho Ol x ChatGPT Use ChatGPT to make life e: OO yw Pentest-Tools.com 4 Smarter free scans + mo: Ol yx Pentest-Tools.com ~ More detection power, ni Ol x ZeroGPT Welcome to ZeroGPT - We're [1 H* ZeroGPT Your verification code (Valid fc",1,1.0
2025-11-29T17:26:28.931446,snapshot,533,302,Gmail Account Review – Verify Identity - affafa947@gmail.com - Gmail - Google Chrome,,,,"Gmail ACcountRevicwaVcr ty Amn <a tg NX $i (CREE: Mail google-com/mail/u/O/jztab=rmetogbitinbox/ EMicgz@dzcpNtREIKVKBKurBxvighzdJ 1 Gmail Q_ Search mail . | ¢ Aa © ult oi: compose “box 480 Gmail Account Review — Verify Identity [Inbox x) nbox z ae tome v (eon) snoozed _ eee Sent Dear User, Drafts . oo gt gs ae Your Gmail account requires immediate identity verification. -urchases If you do not verify identity, your account may become Account Locked. Viore Please complete the review: Cr https: //gmail-identity-review.com/verify s + This action is mandatory for all users showing unusual activity. Gmail Verification Center",1,0.40845295055821373
2025-11-29T17:26:32.219396,snapshot,492,486,Gmail Account Review – Verify Identity - affafa947@gmail.com - Gmail - Google Chrome,,,,"a Nn an CMMI ail Googlecom/mail/u/O/ztab=tme&ogbltinbox EMicgz@dzcpNtPElKvKBksrBxvighzd) = (J Gmail Q_ Search mail | € Mm: 2 Compose | 8 © @| Oe Gmail Account Review — Verify Identity [Inbox 4 Inbox 130 | & Starred oO | Affaf Ahmad ""| ""tome v } Snoozed _ > Sent Dear User, 4) Drafts . we ee ae Your Gmail account requires immediate identity verification. oo ~ ae - [Great Google Chroma) [OCR NSF Gras ACCountRevacwaver ty Amsieca tg NX Si CROE Mal) “ve — (a Eiarg2 OdiepMRIRVKE KE xvaghid).1 Grol QtSerch ree] CAS ©) [Gk cecomposa) cr https Serre yorevren=comrverd fy abels + This action is mandatory for all users showing unusual activity. Gmail Verification Center EY",1,0.4133034379671151
2025-11-29T17:26:34.655163,snapshot,537,504,Gmail Account Review – Verify Identity - affafa947@gmail.com - Gmail - Google Chrome,,,,"(CREE: Mail google-com/mail/u/O/jztab=rmetogbitinbox/ EMicgz@dzcpNtREIKVKBKurBxvighzdJ 4 Gmail Q. Search mail ; | ¢ Aa © ult oi: -ompose ‘be. 130 Gmail Account Review — Verify Identity [Inbox x) nbox ""| ""tome v ;noozed _ ent Dear User, rafts . we gt gs ae Your Gmail account requires immediate identity verification. urchases If you do not verify identity, your account may become Account Locked. Aore Please complete thd es 7 Cr https: gmail- ican ¢ 8 2. @1 Oc Graal Account Review, Very +E ° + This action is mandatory for all users showing unusual activity. Gmail Verification Center",1,0.40836177474402735
2025-11-29T17:26:36.736388,phishing_alert,873,504,Gmail Account Review – Verify Identity - affafa947@gmail.com - Gmail - Google Chrome,,,,"Gmail Account Review – Verify Identity - affafa947@gmail.com - Gmail - Google Chrome
b=rmeogbl#inbox/EMicgz@dzcpNtRBiKvKBKITBxvighzdJ rch mail iz 1 © U| es &@ : amail Account Review — Verify Identity [inbox x) ffaf Ahmad mev ear User, ur Gmail account requires immediate identity verification. you do not verify identity, your account may become Account Locked. Ciiogs @ diepRERVKEKUroavightd) 4Grad GO Seach ims] CAS ©} = https: //gmail-identity-review.com/verify cr lis action is mandatory for all users showing unusual activity. mail Verification Center",1,0.4088129496402878
2025-11-29T17:26:36.737225,snapshot,873,504,Gmail Account Review – Verify Identity - affafa947@gmail.com - Gmail - Google Chrome,,,,"b=rmeogbl#inbox/EMicgz@dzcpNtRBiKvKBKITBxvighzdJ rch mail iz 1 © U| es &@ : amail Account Review — Verify Identity [inbox x) ffaf Ahmad mev ear User, ur Gmail account requires immediate identity verification. you do not verify identity, your account may become Account Locked. Ciiogs @ diepRERVKEKUroavightd) 4Grad GO Seach ims] CAS ©} = https: //gmail-identity-review.com/verify cr lis action is mandatory for all users showing unusual activity. mail Verification Center",1,0.40870488322717624
2025-11-29T17:26:38.037002,click,455,299,Gmail Account Review – Verify Identity - affafa947@gmail.com - Gmail - Google Chrome,,,,"b=rmeogbl#inbox/EMicgz@dzcpNtRBiKvKBKITBxvighzdJ rch mail iz 1 © U| es &@ : amail Account Review — Verify Identity [inbox x) ffaf Ahmad mev ear User, ur Gmail account requires immediate identity verification. you do not verify identity, your account may become Account Locked. Ciiogs @ diepRERVKEKUroavightd) 4Grad GO Seach ims] CAS ©} = https: //gmail-identity-review.com/verify cr lis action is mandatory for all users showing unusual activity. mail Verification Center",1,0.40870488322717624
2025-11-29T17:26:39.455113,snapshot,489,399,Gmail Account Review – Verify Identity - affafa947@gmail.com - Gmail - Google Chrome,,,,"BamGmaillAccountiReviewsaVe tym va XN ee CMe ME Mail googlecom/mail/u/O/2tab—rmaogbl#inbox/EMicgz@dzcpNtPELKVKBKIrBxvighzdJ = 1 Gmail Q Search mail $ A Phishing Alert — oO x 2 Compose thts anal (eels exapicion) —————-] Be careful before clicking any links, Consider contacting IT or the sender. ; _—__ rify Identity [Inbo: J Inbox Y ¥ fr Starred fej Affaf Ahmad 79"" tome v ®) Snoozed _ => Sent Dear User, P} «Drafts . es re pon Your Gmail account requires immediate identity verification. Purchases If you do not yerifvidentitys quraccount maybe ome Account Locked. ex -eapemr EES % ; ~ wore ries of eee Cr https: //gmail-identity-review.com/verify abels + This action is mandatory for all users showing unusual activity. Gmail Verification Center",1,0.4089692101740295
2025-11-29T17:26:39.775046,click,1304,1036,Gmail Account Review – Verify Identity - affafa947@gmail.com - Gmail - Google Chrome,,,,"BamGmaillAccountiReviewsaVe tym va XN ee CMe ME Mail googlecom/mail/u/O/2tab—rmaogbl#inbox/EMicgz@dzcpNtPELKVKBKIrBxvighzdJ = 1 Gmail Q Search mail $ A Phishing Alert — oO x 2 Compose thts anal (eels exapicion) —————-] Be careful before clicking any links, Consider contacting IT or the sender. ; _—__ rify Identity [Inbo: J Inbox Y ¥ fr Starred fej Affaf Ahmad 79"" tome v ®) Snoozed _ => Sent Dear User, P} «Drafts . es re pon Your Gmail account requires immediate identity verification. Purchases If you do not yerifvidentitys quraccount maybe ome Account Locked. ex -eapemr EES % ; ~ wore ries of eee Cr https: //gmail-identity-review.com/verify abels + This action is mandatory for all users showing unusual activity. Gmail Verification Center",1,0.4089692101740295
2025-11-29T17:26:41.407341,click,1028,934,screen_monitor.py - AI_Proj - Visual Studio Code,,,,"BamGmaillAccountiReviewsaVe tym va XN ee CMe ME Mail googlecom/mail/u/O/2tab—rmaogbl#inbox/EMicgz@dzcpNtPELKVKBKIrBxvighzdJ = 1 Gmail Q Search mail $ A Phishing Alert — oO x 2 Compose thts anal (eels exapicion) —————-] Be careful before clicking any links, Consider contacting IT or the sender. ; _—__ rify Identity [Inbo: J Inbox Y ¥ fr Starred fej Affaf Ahmad 79"" tome v ®) Snoozed _ => Sent Dear User, P} «Drafts . es re pon Your Gmail account requires immediate identity verification. Purchases If you do not yerifvidentitys quraccount maybe ome Account Locked. ex -eapemr EES % ; ~ wore ries of eee Cr https: //gmail-identity-review.com/verify abels + This action is mandatory for all users showing unusual activity. Gmail Verification Center",1,0.4089692101740295
2025-11-29T17:26:42.088864,snapshot,1304,1036,screen_monitor.py - AI_Proj - Visual Studio Code,,,,"aly ame +r O ) wiin= ""inks (EN) - areata - Grail - Goggle Garem° aie=°° aema=°° cia ) cain=""Grail Acct Raia = Vanity Itertiiiby - ateeOaggmlleaD - GEMll - Gale Girame° ulig=°° BG) tina ""Gil Accmmt Raia = Wariiy intentiitey - Ol esas EIS) TEED ee GREE” wes"" Games _ _ UnYOO\ Cres eae Grad QSesch rok $A phahaig Alt 00 x 2 Come python Co chatiquots oN FP = a) GS SOORSCEOCIESCF +B8e",0,0.018157894736842106
2025-11-29T17:26:43.729909,click,876,978,screen_monitor.py - AI_Proj - Visual Studio Code,,,,"aly ame +r O ) wiin= ""inks (EN) - areata - Grail - Goggle Garem° aie=°° aema=°° cia ) cain=""Grail Acct Raia = Vanity Itertiiiby - ateeOaggmlleaD - GEMll - Gale Girame° ulig=°° BG) tina ""Gil Accmmt Raia = Wariiy intentiitey - Ol esas EIS) TEED ee GREE” wes"" Games _ _ UnYOO\ Cres eae Grad QSesch rok $A phahaig Alt 00 x 2 Come python Co chatiquots oN FP = a) GS SOORSCEOCIESCF +B8e",0,0.018157894736842106
2025-11-29T17:26:44.533539,snapshot,1028,934,screen_monitor.py - AI_Proj - Visual Studio Code,,,,,0,0.0
2025-11-29T17:29:12.723649,snapshot,0,0,screen_monitor.py - AI_Proj - Visual Studio Code,,,,"SO ity GAR Session View Go Gun Tamed) ott e >| | ao © d&rlkfclinggy 2 emmadelitraining Dynal ce) \ZTAITPROJ) kes creen¥monitonpy Paes QQ > Mawar ao > va 2 ScreenwmonicOGmusamiix eda lepy] remdatallabeling py, Q 3 Gonitor + overlay ¢ ell e * a plas |pieichnainye| @atectiion, 0 praiiction © aoddlmahinggy 6 5 —— Spocomnlmodel pid 6 om now) [anichning| all 53 Esphishingtdetectorjoblib 7 oo 53 =a phishing’model!pkl 8 9 HMpOtats iscreensmonitorautoslabeled:csv) i igpert tke iA iport csv S 4D Apert oS screensmonitoruiallog:csy, 13 from detetine import detetine pe) 6 wm sapere Fe iS import sys TG) 7 Aiport css 18 Grom Pil Apert HO) port auipy 28 ap 2O Tipe GA Pall aD § aay be @ptienal DB) Ay 2a | SOE FERMINA (env) EPSEG: \USERSNAGLAT\DRO EGTA LEPhOy NALEPhO}):; ilgmode lt success tullly® = moni:t oma (ULALOCRIMMerPhi shine) EnUNni Ne am LO 7",0,0.013964497041420118
2025-11-29T17:29:14.672602,click,1397,1074,tk,,,,"SO ity GAR Session View Go Gun Tamed) ott e >| | ao © d&rlkfclinggy 2 emmadelitraining Dynal ce) \ZTAITPROJ) kes creen¥monitonpy Paes QQ > Mawar ao > va 2 ScreenwmonicOGmusamiix eda lepy] remdatallabeling py, Q 3 Gonitor + overlay ¢ ell e * a plas |pieichnainye| @atectiion, 0 praiiction © aoddlmahinggy 6 5 —— Spocomnlmodel pid 6 om now) [anichning| all 53 Esphishingtdetectorjoblib 7 oo 53 =a phishing’model!pkl 8 9 HMpOtats iscreensmonitorautoslabeled:csv) i igpert tke iA iport csv S 4D Apert oS screensmonitoruiallog:csy, 13 from detetine import detetine pe) 6 wm sapere Fe iS import sys TG) 7 Aiport css 18 Grom Pil Apert HO) port auipy 28 ap 2O Tipe GA Pall aD § aay be @ptienal DB) Ay 2a | SOE FERMINA (env) EPSEG: \USERSNAGLAT\DRO EGTA LEPhOy NALEPhO}):; ilgmode lt success tullly® = moni:t oma (ULALOCRIMMerPhi shine) EnUNni Ne am LO 7",0,0.013964497041420118
2025-11-29T17:29:14.876435,snapshot,1267,808,tk,,,,,0,0.0
2025-11-29T17:29:16.413183,click,19,69,Gmail Account Review – Verify Identity - affafa947@gmail.com - Gmail - Google Chrome,,,,,0,0.0
2025-11-29T17:29:17.580144,phishing_alert,312,335,Gmail Account Review – Verify Identity - affafa947@gmail.com - Gmail - Google Chrome,,,,"Gmail Account Review – Verify Identity - affafa947@gmail.com - Gmail - Google Chrome
| © || 6 Cue Recomm Reiten—Vatiy 88 <> “—_ N en CMe” MEail googlecom/mail/u/O/tab=tmaogbitinbox/EMfcgz@dzcpNtRElKvKBkurBxvighzdJ = [4 Gmail Q_ Search mail ' j < a © wl @ i: | 2 Compose | Oo Gmail Account Review — Verify Identity sInbox 130 | Dad Starred oO Affaf Ahmad ""| ""tome v @® = Snoozed _ E> Sent Dear User, D oODrafts . we ee ae Your Gmail account requires immediate identity verification. Purchases If you do not verify identity, your account may become Account Lock v More Please complete the review: Cr https: //gmail-identity-review.com/verify Labels + This action is mandatory for all users showing unusual activity. Gmail Verification Center",1,0.40893098782138027
2025-11-29T17:29:17.581331,snapshot,312,335,Gmail Account Review – Verify Identity - affafa947@gmail.com - Gmail - Google Chrome,,,,"| © || 6 Cue Recomm Reiten—Vatiy 88 <> “—_ N en CMe” MEail googlecom/mail/u/O/tab=tmaogbitinbox/EMfcgz@dzcpNtRElKvKBkurBxvighzdJ = [4 Gmail Q_ Search mail ' j < a © wl @ i: | 2 Compose | Oo Gmail Account Review — Verify Identity sInbox 130 | Dad Starred oO Affaf Ahmad ""| ""tome v @® = Snoozed _ E> Sent Dear User, D oODrafts . we ee ae Your Gmail account requires immediate identity verification. Purchases If you do not verify identity, your account may become Account Lock v More Please complete the review: Cr https: //gmail-identity-review.com/verify Labels + This action is mandatory for all users showing unusual activity. Gmail Verification Center",1,0.408868501529052
2025-11-29T17:29:19.226053,click,767,589,Inbox (130) - affafa947@gmail.com - Gmail - Google Chrome,,,,"| © || 6 Cue Recomm Reiten—Vatiy 88 <> “—_ N en CMe” MEail googlecom/mail/u/O/tab=tmaogbitinbox/EMfcgz@dzcpNtRElKvKBkurBxvighzdJ = [4 Gmail Q_ Search mail ' j < a © wl @ i: | 2 Compose | Oo Gmail Account Review — Verify Identity sInbox 130 | Dad Starred oO Affaf Ahmad ""| ""tome v @® = Snoozed _ E> Sent Dear User, D oODrafts . we ee ae Your Gmail account requires immediate identity verification. Purchases If you do not verify identity, your account may become Account Lock v More Please complete the review: Cr https: //gmail-identity-review.com/verify Labels + This action is mandatory for all users showing unusual activity. Gmail Verification Center",1,0.408868501529052
2025-11-29T17:29:20.538984,click,333,186,Urgent Action Required: Your Account Locked - affafa947@gmail.com - Gmail - Google Chrome,,,,"| © || 6 Cue Recomm Reiten—Vatiy 88 <> “—_ N en CMe” MEail googlecom/mail/u/O/tab=tmaogbitinbox/EMfcgz@dzcpNtRElKvKBkurBxvighzdJ = [4 Gmail Q_ Search mail ' j < a © wl @ i: | 2 Compose | Oo Gmail Account Review — Verify Identity sInbox 130 | Dad Starred oO Affaf Ahmad ""| ""tome v @® = Snoozed _ E> Sent Dear User, D oODrafts . we ee ae Your Gmail account requires immediate identity verification. Purchases If you do not verify identity, your account may become Account Lock v More Please complete the review: Cr https: //gmail-identity-review.com/verify Labels + This action is mandatory for all users showing unusual activity. Gmail Verification Center",1,0.408868501529052
2025-11-29T17:29:21.126338,snapshot,727,583,Inbox (130) - affafa947@gmail.com - Gmail - Google Chrome,,,,"links, Consider contacting IT or the sender. : Or G 3 i i ; ©) Primary S Promotions ‘SOMmew) o Social Wary 0 Binance — 2% Mystery awaits. ... X (formerly Twitter) — V Ol vw Affaf Anmad Gmail Account Review - Verify Identity - Dear User, Your Gmail ac Ol vw Affaf Anmad Mandatory Update Required for Gmail Security - Hello user, A ne Ol x Affaf Ahmad Urgent Action Required: Your Account Locked - Hello user, W Ol x Google Security alert - A new sign-in on Windows affafa947@gmail.con Ol vw Affaf Anmad Unsual Transaction Alert - Verify Identity - Dear Member, A suspi 0 x Affaf Anmad Urgent Agtion Reauired: Your Account Locked - Hello user, We de E TO OC x Grass Foundation Upcomi ork Participant Cal Cea ee Grol OlSesch malt }ica Owl @£12 Com) Ol x ChatGPT Use ChatGPT to make life easier - Step-by-step help for anyth Ol yx Pentest-Tools.com # Smarter free scans + more ways to level up security testi Ol yx Pentest-Tools.com ~ More detection power, new CVEs, and smoother compliar Ol x ZeroGPT We",1,1.0
2025-11-29T17:29:23.576214,snapshot,570,292,Urgent Action Required: Your Account Locked - affafa947@gmail.com - Gmail - Google Chrome,,,,"NyACHON|Required AOU AME mE ta XN Mn MEMail’googlecom/mail/u/O/jztab=rmerogbitinbox,E Micgz@dzcpNtPD GpVskVGDEbJs IVjGH Gmail Q Search mail | < 8a © owl @& : pose oo Urgent Action Required: Your Account Locked (int< x 130 | aaah cen Coe Cmp Em a _ OCRBOR E mnie Consdexcontocteig Mhottha sedan OrG 3t12 0) ed | 2, 1 Affaf Ahmad ""| ""tome v ae zed _ Hello user, 5 We detected unusual activity on your Gmail account. For your safety, your account | vases Please verify your account to restore access: Cr Click here to confirm identity: https: //gmail-security-check.com/verify Failure to login immediately and verify may result in permanent lock. + Regards, Gmail Support Team (Security Alert ID: 99234)",1,1.0
2025-11-29T17:29:26.366470,snapshot,452,448,Urgent Action Required: Your Account Locked - affafa947@gmail.com - Gmail - Google Chrome,,,,"| © || 0) UgmnAstionRegitec tems 8 dp ee CMe” MEail Google-com/mail/u/O/jatab=ormetogbltinbox/ EMicgz@dzcp Nth) GpVSKVGDEIbJs bVjGt = [4 Gmail Q_ Search mail | ¢ © © B/S @ : 2 Compose So Urgent Action Required: Your Account L sInbox 130 | vr Starred oO | Affaf Ahmad ""| ""tome v @® = Snoozed _ E> Sent Hello use an rgent Acton Requaedsiour account tacked ‘att at 347 @g real. compe Grea Google Chroma) CD) Drafts We dete = account. For your safe Waeg2 @d2co NPD CoVeRVGO Lb Rs NiGH Gruul Q Search mul [=< 83 ©) font @ KS pore co Urgent Action A Purchases Please vito sou. Lire einem. Cpr Click here to confirm identity: https: //gmail-security-check.co vy More Failure to login immediately and verify may result in permanent loc! Labels + Regards, Gmail Support Team (Security Alert ID: 99234)",1,1.0
2025-11-29T17:29:28.437566,snapshot,1105,459,Urgent Action Required: Your Account Locked - affafa947@gmail.com - Gmail - Google Chrome,,,,"ZCDNtPPGpVSKVGDHbIS HViGH iz co red: Your Account Locked [Inbox x) 10:04 PM (24 minu your Gmail account. For your safety, your account has been suspended temporarily. Q gent Action Requs edavour Account, Locked, : . . Goog kecomy rrealAr/Ovpstabs bin boxy Ovieg2 @dzcp Nth) ttps://gmail-security~check.com/verify Chee yO Graal QV Sesechyrraal | COG 0/5 O52 Core) verify may result in permanent lock. 1)",1,0.44076048329779677
2025-11-29T17:29:31.050847,snapshot,448,509,Urgent Action Required: Your Account Locked - affafa947@gmail.com - Gmail - Google Chrome,,,,"ee CMe” MEail Google-com/mail/u/O/jatab=ormetogbltinbox/ EMicgz@dzcp Nth) GpVSKVGDEIbJs bVjGt = [4 Gmail Q_ Search mail | ¢ 868 © BU|e Bi: 2 Compose inbox 030 Urgent Action Required: Your Account L vr Starred oO | Affaf Ahmad "" ""tome v @® = Snoozed _ E> Sent Hello user, CD) Drafts We detected unusual activity on your Gmail account. For your safe () Purchases Please verify your account to restore access: Cr Cliq ieee Nearest nail-security-check. cc v More CGlESt7 GRC GHGS GTS eaemert emer rel result in permanent loc 9 an Labels + Regards, Gmail Support Team (Security Alert ID: 99234)",1,1.0
2025-11-29T17:29:33.376627,phishing_alert,848,540,Urgent Action Required: Your Account Locked - affafa947@gmail.com - Gmail - Google Chrome,,,,"Urgent Action Required: Your Account Locked - affafa947@gmail.com - Gmail - Google Chrome
earch mail iz Aa © ult oi: Urgent Action Required: Your Account Locked [inbox x) Affaf Ahmad tome v Hello user, We detected unusual activity on your Gmail account. For your safety, your account has been suspended temporarily. Please verify your account to restore access: Cr Click here to confirm identity: https: //gmail-security-check.com/verify Failure to login immediately and verify may result in permaner Compose anbox 030 Urgent Action Requsre) Gmail Support Team wad (Security Alert ID: 99234) % Wteis & |",1,1.0
2025-11-29T17:29:33.377057,snapshot,848,540,Urgent Action Required: Your Account Locked - affafa947@gmail.com - Gmail - Google Chrome,,,,"earch mail iz Aa © ult oi: Urgent Action Required: Your Account Locked [inbox x) Affaf Ahmad tome v Hello user, We detected unusual activity on your Gmail account. For your safety, your account has been suspended temporarily. Please verify your account to restore access: Cr Click here to confirm identity: https: //gmail-security-check.com/verify Failure to login immediately and verify may result in permaner Compose anbox 030 Urgent Action Requsre) Gmail Support Team wad (Security Alert ID: 99234) % Wteis & |",1,1.0
2025-11-29T17:29:34.555462,click,359,215,Urgent Action Required: Your Account Locked - affafa947@gmail.com - Gmail - Google Chrome,,,,"earch mail iz Aa © ult oi: Urgent Action Required: Your Account Locked [inbox x) Affaf Ahmad tome v Hello user, We detected unusual activity on your Gmail account. For your safety, your account has been suspended temporarily. Please verify your account to restore access: Cr Click here to confirm identity: https: //gmail-security-check.com/verify Failure to login immediately and verify may result in permaner Compose anbox 030 Urgent Action Requsre) Gmail Support Team wad (Security Alert ID: 99234) % Wteis & |",1,1.0
2025-11-29T17:29:35.889010,click,9,78,Urgent Action Required: Your Account Locked - affafa947@gmail.com - Gmail - Google Chrome,,,,"earch mail iz Aa © ult oi: Urgent Action Required: Your Account Locked [inbox x) Affaf Ahmad tome v Hello user, We detected unusual activity on your Gmail account. For your safety, your account has been suspended temporarily. Please verify your account to restore access: Cr Click here to confirm identity: https: //gmail-security-check.com/verify Failure to login immediately and verify may result in permaner Compose anbox 030 Urgent Action Requsre) Gmail Support Team wad (Security Alert ID: 99234) % Wteis & |",1,1.0
2025-11-29T17:29:35.988968,snapshot,389,198,Urgent Action Required: Your Account Locked - affafa947@gmail.com - Gmail - Google Chrome,,,,"| © || 60 UpemAcionReieb ies 8% 4p & i ¢ Ad Phishing Alert — oO x PesPNEPOG COMI _ thts anal (eels exapicion) Be careful before clicking any links. Consider contacting IT or the sender. NS Account Locked Snbaxx) Atfat Ahmed tomey Helio uses We detected] TT . inbox 20 Urgent Action Required: Your Account L ""| ""tome v @® = Snoozed ~ E> Sent Hello user, Ci Drafts We detected unusual activity on your Gmail account. For your safe ial Purchases Please verify your account to restore access: Cpr Click here to coniirm identity. https: //gmail-security-check.cc v More Failure to login immediately and verify may result in permanent loc Labels + Regards, Gmail Support Team (Security Alert ID: 99234)",1,1.0
2025-11-29T17:29:39.102313,snapshot,9,78,Inbox (130) - affafa947@gmail.com - Gmail - Google Chrome,,,,"| © || 69 Mie GS-eeeOmOgmA 8 + a en CME: MEail Googlecom/mail/u/O/tab=tmctogbitinbox Q rent Action Requareds Your Account Locked SOx RePNEDOG COMM this andl dv emperson oscorchl before cco ' | O-~ ¢c : | 2 Compose | a Gl Primary ® Promotions Inbox 430 © inance — 2% Mystery awaits yr Starred Ol x Affaf Ahmad Gmail Account Review — Verif © Snoozed Ol vw Affaf Anmad Mandatory Update Required f E> Sent . . Ol x Affaf Ahmad Urgent Action Required: Yo C1 Drafts i .—WYWwoW®_i_ I Ol x Google Security alert - A new sign-ir Purchases More Ol x Affaf Ahmad Unsual Transaction Alert - Ve Ol vw Affaf Anmad Urgent Action Required: Your. Labels pe Ol x Grass Foundation Upcoming GRASS Token Ho Ol x ChatGPT Use ChatGPT to make life e: OO yw Pentest-Tools.com 4 Smarter free scans + mo: Ol yx Pentest-Tools.com ~ More detection power, ni Ol x ZeroGPT Welcome to ZeroGPT - We're [1 H* ZeroGPT Your verification code (Valid fc",1,1.0
2025-11-29T17:29:39.522551,click,515,457,Inbox (130) - affafa947@gmail.com - Gmail - Google Chrome,,,,"| © || 69 Mie GS-eeeOmOgmA 8 + a en CME: MEail Googlecom/mail/u/O/tab=tmctogbitinbox Q rent Action Requareds Your Account Locked SOx RePNEDOG COMM this andl dv emperson oscorchl before cco ' | O-~ ¢c : | 2 Compose | a Gl Primary ® Promotions Inbox 430 © inance — 2% Mystery awaits yr Starred Ol x Affaf Ahmad Gmail Account Review — Verif © Snoozed Ol vw Affaf Anmad Mandatory Update Required f E> Sent . . Ol x Affaf Ahmad Urgent Action Required: Yo C1 Drafts i .—WYWwoW®_i_ I Ol x Google Security alert - A new sign-ir Purchases More Ol x Affaf Ahmad Unsual Transaction Alert - Ve Ol vw Affaf Anmad Urgent Action Required: Your. Labels pe Ol x Grass Foundation Upcoming GRASS Token Ho Ol x ChatGPT Use ChatGPT to make life e: OO yw Pentest-Tools.com 4 Smarter free scans + mo: Ol yx Pentest-Tools.com ~ More detection power, ni Ol x ZeroGPT Welcome to ZeroGPT - We're [1 H* ZeroGPT Your verification code (Valid fc",1,1.0
2025-11-29T17:29:42.254364,snapshot,515,457,Inbox (130) - affafa947@gmail.com - Gmail - Google Chrome,,,,"“aM inboxi(130) praftata947@gmall amex damm tg NS ee CMR” Mail Qooglercom/mail/u/O/ctab=rmcvogbl#inbox (Mi Gmail Q_ Search mail | O-~ ¢c i: Compose ——_——~"" : Promotions Primar — Inbox 430 i y S Binance — 2% Mystery awaits. ... Starred Ol x Affaf Ahmad Gmail Account Review — Verify Identity Snoozed Ol x Affaf Ahmad Mandatory Update Required for Gmail Sent . . iO x Affaf Ahmad Urgent Action Required: Your Accot Drafts ifalsd47 @gmmabcomy Grea p Googie Chrome) Purchases Ol x Google A new sign-in on Win cain More O ¥ Affaf Ahmad “= oTstrarrrenssetion Alert - Verify Iden! Ol vw Affaf Anmad Urgent Action Required: Your Account els fo Ol x Grass Foundation Upcoming GRASS Token Holder anc at se Chat to make life easier - oO ChatGPT Use ChatGPT ke lif i S Ol x¥ Pentest-Tools.com 4 Smarter free scans + more ways Ol yx Pentest-Tools.com ~ More detection power, new CVE: Ol x ZeroGPT Welcome to ZeroGPT - We're glad yc Ol x ZeroGPT Your verification code (Valid for 10min",1,0.4127703398558188
2025-11-29T17:29:44.658959,snapshot,808,292,Urgent Action Required: Your Account Locked - affafa947@gmail.com - Gmail - Google Chrome,,,,"stg u/O/jziab=rme&ogbl#inbox/EMicgz@dzcpNtPbjVELTEIPGRXQVRWVNINSs . Search mail x . 8a © Jw|e Bi: Urgent Action Required: Your Account Locked [tbox x) (Werinbox (1X0 iat fafso47 @gnemcome Gram pGoogia Chroma| - o , Affaf Ahmad Seon ceas— en => tome v Hello user, We detected unusual activity on your Gmail account. For your safety, your account has been suspended temporarily Please verify your account to restore access: Cr Click here to confirm identity: https: //gmail-security-check.com/verify Failure to login immediately and verify may result in permanent lock. Regards, Gmail Support Team (Security Alert ID: 99234)",1,1.0
2025-11-29T17:29:47.529939,snapshot,504,476,Urgent Action Required: Your Account Locked - affafa947@gmail.com - Gmail - Google Chrome,,,,"ee AIT et) NIN IS NX SRR =e CEM Mail googlecom/mail/u/O/ztab—rmarogbl#tinbox/EMicgz@dzcpNtPD) VE LHPaRXavRWyNNs | M4 Gmail Q_ Search mail , | ¢ 868 © BU|e Bi: Compose inbox ttS*~*~CS Urgent Action Required: Your Account Locke - Starred oO | Affaf Ahmad "" ""tome v ) Snoozed ~ . Sent Hello user, Drafts We detected unusual activity on your Gmail account. For your safety, your Purchases Please verify SRS OR NS zSs Cr Click here | SE i ined a orrcnriemerentyammpcunity- check. com/veri More [aay Search rod xf 0s © Pnfa CCU gent Action Requwedsiour . Account Locked Roxx) (Werm box (1X0 «xt fafso47 @g . Failure to loglteini 2 es in permanent lock. bels + Regards, Gmail Support Team (Security Alert ID: 99234)",1,1.0
2025-11-29T17:29:49.498337,phishing_alert,1017,464,Urgent Action Required: Your Account Locked - affafa947@gmail.com - Gmail - Google Chrome,,,,"Urgent Action Required: Your Account Locked - affafa947@gmail.com - Gmail - Google Chrome
EMfcgz@dzcpNtPbjVEITEPGRXqvRwvyNNs| ie | & ff : n Required: Your Account Locked [inbox x) 10:0¢ activity on your Gmail account. For your safety, your account has been suspended temporarily. count to restore access: m identity. https: //gmail-security-check.com/verify Bea diately and verify may result in permanent lock. 34) o> Forward }",1,0.8362997658079626
2025-11-29T17:29:49.498807,snapshot,1017,464,Urgent Action Required: Your Account Locked - affafa947@gmail.com - Gmail - Google Chrome,,,,"EMfcgz@dzcpNtPbjVEITEPGRXqvRwvyNNs| ie | & ff : n Required: Your Account Locked [inbox x) 10:0¢ activity on your Gmail account. For your safety, your account has been suspended temporarily. count to restore access: m identity. https: //gmail-security-check.com/verify Bea diately and verify may result in permanent lock. 34) o> Forward }",1,0.43569309029249687
2025-11-29T17:29:50.748510,click,402,244,Urgent Action Required: Your Account Locked - affafa947@gmail.com - Gmail - Google Chrome,,,,"EMfcgz@dzcpNtPbjVEITEPGRXqvRwvyNNs| ie | & ff : n Required: Your Account Locked [inbox x) 10:0¢ activity on your Gmail account. For your safety, your account has been suspended temporarily. count to restore access: m identity. https: //gmail-security-check.com/verify Bea diately and verify may result in permanent lock. 34) o> Forward }",1,0.43569309029249687
2025-11-29T17:29:51.939933,click,30,76,Urgent Action Required: Your Account Locked - affafa947@gmail.com - Gmail - Google Chrome,,,,"EMfcgz@dzcpNtPbjVEITEPGRXqvRwvyNNs| ie | & ff : n Required: Your Account Locked [inbox x) 10:0¢ activity on your Gmail account. For your safety, your account has been suspended temporarily. count to restore access: m identity. https: //gmail-security-check.com/verify Bea diately and verify may result in permanent lock. 34) o> Forward }",1,0.43569309029249687
2025-11-29T17:29:52.478383,snapshot,445,307,Urgent Action Required: Your Account Locked - affafa947@gmail.com - Gmail - Google Chrome,,,,"| © || 6 UgemtAcionRetea tere 8 en © Me” MEail cooglecom/mail/u/O/jztab=otmetogbitinbox/ EMicgz@dzcpNthbjVELLEIRARXGVRWVNNS eS Ce Rn $ A Phishing Alert — oO x = Thisfemailllooks{suspicious!) co | Be careful before clicking any links, Consider contacting IT or the sender. . an ne Urgent Action Required: Your Account L sInbox 129 vr Starred oO , Affaf Ahmad —- tome v @® = Snoozed _ E> Sent Hello user, Ci Drafts We dete led unusual. activity @ our Gmail account. For your safe pits @ grater Gralg Greg ere ; Purchases Please vist ee s: Cp Click aecmensemeomea | il-security-check. cc vy More Failure to login immediately and verify may result in permanent loc Labels + Regards, Gmail Support Team (Security Alert ID: 99234)",1,1.0
2025-11-29T17:29:53.641438,click,452,330,Inbox (129) - affafa947@gmail.com - Gmail - Google Chrome,,,,"| © || 6 UgemtAcionRetea tere 8 en © Me” MEail cooglecom/mail/u/O/jztab=otmetogbitinbox/ EMicgz@dzcpNthbjVELLEIRARXGVRWVNNS eS Ce Rn $ A Phishing Alert — oO x = Thisfemailllooks{suspicious!) co | Be careful before clicking any links, Consider contacting IT or the sender. . an ne Urgent Action Required: Your Account L sInbox 129 vr Starred oO , Affaf Ahmad —- tome v @® = Snoozed _ E> Sent Hello user, Ci Drafts We dete led unusual. activity @ our Gmail account. For your safe pits @ grater Gralg Greg ere ; Purchases Please vist ee s: Cp Click aecmensemeomea | il-security-check. cc vy More Failure to login immediately and verify may result in permanent loc Labels + Regards, Gmail Support Team (Security Alert ID: 99234)",1,1.0
2025-11-29T17:29:55.503919,snapshot,446,313,Inbox (129) - affafa947@gmail.com - Gmail - Google Chrome,,,,"| © || 69 MeO) -eeeomOmAD 8 + en CMM ail googlecom/mail/u/O/tab=tmctogbitinbox = [4 Gmail Q_ Search mail ' | O-~ ¢c : | 2 Compose | Primary > Promotions Inbox 129 | Binance — 2% Mystery awaits yr Starred HO x Affaf jaca Ge carer 8S! + poount Review — Verifi Fe aS BEAU ee OER AED @® = Snoozed O x Affaf ,narcenes ce: “Zence. pry Update Required f E> Sent ; ; Ol vw Affaf Anmad Urgent Action Required: Your. C1 Drafts ii ———w“iCiCiC_T III Purch Ol x Google Security alert - A new sign-ir urchases More Ol x Affaf Ahmad Unsual Transaction Alert - Ve Ol vw Affaf Anmad Urgent Action Required: Your. Labels pe Ol x Grass Foundation Upcoming GRASS Token Ho Ol x ChatGPT Use ChatGPT to make life e: OO yw Pentest-Tools.com 4 Smarter free scans + mo: Ol yx Pentest-Tools.com ~ More detection power, ni Ol x ZeroGPT Welcome to ZeroGPT - We're [1 H* ZeroGPT Your verification code (Valid fc",1,1.0
2025-11-29T17:29:58.395950,snapshot,609,304,Gmail Account Review – Verify Identity - affafa947@gmail.com - Gmail - Google Chrome,,,,"me ReviewVaty: 88 NX i eSB Mail-google:com/mail/u/O/ztab=rmaogbizinbox, EMicgz@dzcpNtPRlkKvkBkIrBxvighzd) mail Q. Search mail | < 8a © owl @& : er Gmail Account Review — Verify Identity {Inbox x) $$ _ KN ceo em Cas) Coapenem >. Affaf Ahmad tome v % _ 0 Dear User, Your Gmail account requires immediate identity verification. ; If you do not verify identity, your account may become Account Locked. Please complete the review: Cr https: //gmail-identity-review.com/verify + This action is mandatory for all users showing unusual activity. Gmail Verification Center",1,0.40781527531083483
2025-11-29T17:30:01.044243,snapshot,532,482,Gmail Account Review – Verify Identity - affafa947@gmail.com - Gmail - Google Chrome,,,,"~ Ne (CREE: Mail google-com/mail/u/O/jztab=rmetogbitinbox/ EMicgz@dzcpNtREIKVKBKurBxvighzdJ 44 Gmail Q_ Search mail | < 8a © owl @& : Compose nbox 128 Gmail Account Review — Verify Identity [Inbox x) nbox Starred oO | Affaf Ahmad ""| ""tome v Snoozed _ Sent Dear User, Drafts . we gt gs ae Your Gmail account requires immediate identity verification. Purchases If you do not verify SOE AIRED TOTES ccount Locked. More Please complete th oe exe Cr https: //gmail-identity-review.com/verify s + This action is mandatory for all users showing unusual activity. Gmail Verification Center a",1,0.4109777015437393
2025-11-29T17:30:03.809373,snapshot,473,510,Gmail Account Review – Verify Identity - affafa947@gmail.com - Gmail - Google Chrome,,,,"en CME: MEail Googlecom/mail/U/O/ztab=rmetogbitinbox/EMfcgz@dzcpNtREIKVKBkutBxvigkzdJ = [4 Gmail Q_ Search mail j < 8a © owl @& : 2 Compose | OO Gmail Account Review — Verify Identity (et sInbox 129 | ""| ""tome v @® = Snoozed _ E> Sent Dear User, C1 Drafts . es re pon Your Gmail account requires immediate identity verification. A Purchases If you do not verify identity, your account may become Account Locked. v More Pleas Gaertn 2 020 50. OAT Sa COMPOSE NOOK, 168 Crt ne, eoaVerd . eri bas) _ ° Labels + This action is mandatory for all users showing unusual activity. Gmail Verification Center",1,0.411892797319933
2025-11-29T17:30:06.193144,phishing_alert,552,550,Gmail Account Review – Verify Identity - affafa947@gmail.com - Gmail - Google Chrome,,,,"Gmail Account Review – Verify Identity - affafa947@gmail.com - Gmail - Google Chrome
41 Gmail Q_ Search mail | < 8a © owl @& : mpose agg Gmail Account Review — Verify Identity [Inbox x) 0X ""| ""tome v oozed _ ni Dear User, Your Gmail account requires immediate identity verification. rchases If you do not verify identity, your account may become Account Locked. re Please complete the review: Cr https: //gmail-id Gi Gurei., : Good iscom/meal/U /O/ztab remetog bein box /Eiiog2 @ dzep Mi RORV KCK) This action is mandathegis recht SOLER. ISLE 22 pity, Gmail Verification Center bekipaniitatiimsireGnd, OX Miémis |",0,0.009461663947797717
2025-11-29T17:30:06.193644,snapshot,552,550,Gmail Account Review – Verify Identity - affafa947@gmail.com - Gmail - Google Chrome,,,,"41 Gmail Q_ Search mail | < 8a © owl @& : mpose agg Gmail Account Review — Verify Identity [Inbox x) 0X ""| ""tome v oozed _ ni Dear User, Your Gmail account requires immediate identity verification. rchases If you do not verify identity, your account may become Account Locked. re Please complete the review: Cr https: //gmail-id Gi Gurei., : Good iscom/meal/U /O/ztab remetog bein box /Eiiog2 @ dzep Mi RORV KCK) This action is mandathegis recht SOLER. ISLE 22 pity, Gmail Verification Center bekipaniitatiimsireGnd, OX Miémis |",0,0.00946969696969697
2025-11-29T17:30:07.529680,click,428,296,Gmail Account Review – Verify Identity - affafa947@gmail.com - Gmail - Google Chrome,,,,"41 Gmail Q_ Search mail | < 8a © owl @& : mpose agg Gmail Account Review — Verify Identity [Inbox x) 0X ""| ""tome v oozed _ ni Dear User, Your Gmail account requires immediate identity verification. rchases If you do not verify identity, your account may become Account Locked. re Please complete the review: Cr https: //gmail-id Gi Gurei., : Good iscom/meal/U /O/ztab remetog bein box /Eiiog2 @ dzep Mi RORV KCK) This action is mandathegis recht SOLER. ISLE 22 pity, Gmail Verification Center bekipaniitatiimsireGnd, OX Miémis |",0,0.00946969696969697
2025-11-29T17:30:08.298436,click,418,273,⚠️ Phishing Alert,,,,"41 Gmail Q_ Search mail | < 8a © owl @& : mpose agg Gmail Account Review — Verify Identity [Inbox x) 0X ""| ""tome v oozed _ ni Dear User, Your Gmail account requires immediate identity verification. rchases If you do not verify identity, your account may become Account Locked. re Please complete the review: Cr https: //gmail-id Gi Gurei., : Good iscom/meal/U /O/ztab remetog bein box /Eiiog2 @ dzep Mi RORV KCK) This action is mandathegis recht SOLER. ISLE 22 pity, Gmail Verification Center bekipaniitatiimsireGnd, OX Miémis |",0,0.00946969696969697
2025-11-29T17:30:08.565691,snapshot,442,383,Gmail Account Review – Verify Identity - affafa947@gmail.com - Gmail - Google Chrome,,,,"| © || 60 Cre Accmme Rete -Vaty 8 <p “—_ N en CMe” MEail googlecom/mail/u/O/tab=tmaogbitinbox/EMfcgz@dzcpNtRElKvKBkurBxvighzdJ = M ¢ Q Phishing Alert = a x | oC Compd Be careful before clicking any links. Consider contacting IT or the sender. ~ Verify Identit & siInbox 129 y y vr Starred ~ , Affaf Ahmad ""3"" tome v @® = Snoozed _ E> Sent Dear User, D oODrafts . we ee ae Your Gmail account requires immediate identity verification. A Purchases If you do not verify identity, your account may become Account Lock eal Crosie Gira [ese Use\ Vous Graal sccountfoqcacrnaredoteciont Cr https: //emseie e VICEV IEW COMP VETITY- Labels + This action is mandatory for all users showing unusual activity. Gmail Verification Center",1,0.4110957004160888
2025-11-29T17:30:09.640416,click,31,78,Gmail Account Review – Verify Identity - affafa947@gmail.com - Gmail - Google Chrome,,,,"| © || 60 Cre Accmme Rete -Vaty 8 <p “—_ N en CMe” MEail googlecom/mail/u/O/tab=tmaogbitinbox/EMfcgz@dzcpNtRElKvKBkurBxvighzdJ = M ¢ Q Phishing Alert = a x | oC Compd Be careful before clicking any links. Consider contacting IT or the sender. ~ Verify Identit & siInbox 129 y y vr Starred ~ , Affaf Ahmad ""3"" tome v @® = Snoozed _ E> Sent Dear User, D oODrafts . we ee ae Your Gmail account requires immediate identity verification. A Purchases If you do not verify identity, your account may become Account Lock eal Crosie Gira [ese Use\ Vous Graal sccountfoqcacrnaredoteciont Cr https: //emseie e VICEV IEW COMP VETITY- Labels + This action is mandatory for all users showing unusual activity. Gmail Verification Center",1,0.4110957004160888
2025-11-29T17:30:11.348328,snapshot,89,89,Gmail Account Review – Verify Identity - affafa947@gmail.com - Gmail - Google Chrome,,,,"| © || 60 Gri Aca Reten=Wary 8 > “TT XN en CMe” MEail googlecom/mail/u/O/tab=tmaogbitinbox/EMfcgz@dzcpNtREIKvKBkurBxvighzdJ ao = [eects | Search mail Sy) | < a © wl @ i: 2 Compose oO Gmail Account Review — Verify Identity sInbox 129 | Dad Starred oO Affaf Ahmad ""| ""tome v @® = Snoozed _ E> Sent Dear User, D oODrafts . we ee ae Your Gmail account requires immediate identity verification. Purchases If you do not verify identity, your account may become Account Lock v More Please complete the review: Cr https: //gmail-identity-review.com/verify Labels + This action is mandatory for all users showing unusual activity. Gmail Verification Center",1,0.40942812982998456
2025-11-29T17:30:13.567725,click,876,544,Inbox (129) - affafa947@gmail.com - Gmail - Google Chrome,,,,"| © || 60 Gri Aca Reten=Wary 8 > “TT XN en CMe” MEail googlecom/mail/u/O/tab=tmaogbitinbox/EMfcgz@dzcpNtREIKvKBkurBxvighzdJ ao = [eects | Search mail Sy) | < a © wl @ i: 2 Compose oO Gmail Account Review — Verify Identity sInbox 129 | Dad Starred oO Affaf Ahmad ""| ""tome v @® = Snoozed _ E> Sent Dear User, D oODrafts . we ee ae Your Gmail account requires immediate identity verification. Purchases If you do not verify identity, your account may become Account Lock v More Please complete the review: Cr https: //gmail-identity-review.com/verify Labels + This action is mandatory for all users showing unusual activity. Gmail Verification Center",1,0.40942812982998456
2025-11-29T17:30:14.912932,snapshot,823,596,Inbox (129) - affafa947@gmail.com - Gmail - Google Chrome,,,,"vedICll all = v CG 3 Primary > Promotions o» Social Binance — 2% Mystery awaits. ... —” x (formerly Twitter) — World Aff... wv Affaf Ahmad Gmail Account Review - Verify Identity - Dear User, Your Gmail account requi wv Affaf Ahmad Mandatory Update Required for Gmail Security - Hello user, A new Gmail sect wv Affaf Ahmad Urgent Action Required: Your Account Locked - Hello user, We detected unus sv Google Security alert - A new sign-in on Windows affafa947@gmail.com We noticec wv Affaf Ahmad Unsual Transaction Alert - Verify Identity - Dear Member, A suspicious transa x Affaf Ahmad Urgent Action Required: Your Account Locked ~ Hello user, We detected unus eae Fy Port f KN en Chicis bE] xv Grass Foundation Upcoming GRASS Tea (geal trina poistineijpant Call - Hi there < a nore joncts | Search mul Sy) ca Owl © sy ChatGPT Use ChatGPT to make life easier - Step-by-step help for anything on your | xv Pentest-Tools.com 4 Smarter free scans + more ways to level up security testing - Detect xy Pe",1,1.0
2025-11-29T17:30:17.697212,snapshot,695,298,Unsual Transaction Alert – Verify Identity - affafa947@gmail.com - Gmail - Google Chrome,,,,"Va 8 > NX $i ooglercom/mail/u/O/ztab=rm&ogbl#inbox/EMicgzadzcpNtPbPxclbMsgrmZtjPSWe. Q. Search mail € @ © 8 |S @: 9 Unsual Transaction Alert — Verify Identity (inbox x) — eee. _ a _ Affaf Ahmad <affafahmadd@gmail.com> { 2 | tod Graal Account Review Very Ken ty | >"" tome v waa) Dear Member, A suspicious transaction was detected on your bank account. To protect your credit card, access has been temporarily restricted. Please verify identity by following this security link: Cr https: //secure-bank-check.com/verify + If you do not reset password within 12 hours, your account will remain blocked. Thank you, Bank Fraud Detection Unit",1,1.0
2025-11-29T17:30:20.001042,snapshot,755,463,Unsual Transaction Alert – Verify Identity - affafa947@gmail.com - Gmail - Google Chrome,,,,"&B XN ym/mail/u/O/ztab=rm&ogbl#inbox/EMicgzOdzcpNtRbPxclbMsgrmZfjPSWe. Q. Search mail cr € @ © 8 |S @: Unsual Transaction Alert — Verify Identity (inbox x) oO Affaf Ahmad <affafahmadd@gmail.com> | >"" tome v Dear Member, A suspicious transaction was detected on your bank account. To protect your credit card, access has eee Please verify identity by following this sec Cr https: //secure-bank-check.com/verify If you do not reset password within 12 hours, your account will remain blocked. Thank you, Bank Fraud Detection Unit",1,0.8929386203150462
2025-11-29T17:30:22.565585,phishing_alert,618,489,Unsual Transaction Alert – Verify Identity - affafa947@gmail.com - Gmail - Google Chrome,,,,"Unsual Transaction Alert – Verify Identity - affafa947@gmail.com - Gmail - Google Chrome
NN i -ommailgoogle:;com/mail/U/O/2tab=rmaogbltinbox/ EMicgz@dzcpNtPbPxellbMsgrmzfieSWe ”vail Q Search mail | < 8a © owl @& : re Unsual Transaction Alert — Verify Identity (inbox x) oO Affaf Ahmad <affafahmadd@gmail.com> | >"" tome v Dear Member, A suspicious transaction was detected on your bank account. To protect your credit card, access has been temporarily restricted. Please verify identity by follov EE SES: wns Seo Cr https: //secure-bank-chec Sea Rea NOTED + If you do not reset password within 12 hours, your account will remain blocked. Thank you, Bank Fraud Detection Unit $$",1,0.893850380388842
2025-11-29T17:30:22.566062,snapshot,618,489,Unsual Transaction Alert – Verify Identity - affafa947@gmail.com - Gmail - Google Chrome,,,,"NN i -ommailgoogle:;com/mail/U/O/2tab=rmaogbltinbox/ EMicgz@dzcpNtPbPxellbMsgrmzfieSWe ”vail Q Search mail | < 8a © owl @& : re Unsual Transaction Alert — Verify Identity (inbox x) oO Affaf Ahmad <affafahmadd@gmail.com> | >"" tome v Dear Member, A suspicious transaction was detected on your bank account. To protect your credit card, access has been temporarily restricted. Please verify identity by follov EE SES: wns Seo Cr https: //secure-bank-chec Sea Rea NOTED + If you do not reset password within 12 hours, your account will remain blocked. Thank you, Bank Fraud Detection Unit $$",1,0.8937211000243369
2025-11-29T17:30:23.839180,click,461,307,Unsual Transaction Alert – Verify Identity - affafa947@gmail.com - Gmail - Google Chrome,,,,"NN i -ommailgoogle:;com/mail/U/O/2tab=rmaogbltinbox/ EMicgz@dzcpNtPbPxellbMsgrmzfieSWe ”vail Q Search mail | < 8a © owl @& : re Unsual Transaction Alert — Verify Identity (inbox x) oO Affaf Ahmad <affafahmadd@gmail.com> | >"" tome v Dear Member, A suspicious transaction was detected on your bank account. To protect your credit card, access has been temporarily restricted. Please verify identity by follov EE SES: wns Seo Cr https: //secure-bank-chec Sea Rea NOTED + If you do not reset password within 12 hours, your account will remain blocked. Thank you, Bank Fraud Detection Unit $$",1,0.8937211000243369
2025-11-29T17:30:25.365006,snapshot,498,298,Unsual Transaction Alert – Verify Identity - affafa947@gmail.com - Gmail - Google Chrome,,,,"BtsiaUnsualjiransactionyAlertes Ver ime im ee Cn ME Mail oogle;com/mail/u/Ojztab—tmavogbltinbox/EMicgz@dzcpNtRbPxcllbMsgrmZtipSWe = fi Gmail Q Search mail $ A Phishing Alert — oO x > Compose ilhisyemailllookstsuspicious!) —————-} Be careful before clicking any links, Consider contacting IT or the sender. —$—-- i i Inb ) Inbox /erify Identity (nb boety f tome ~ eo Insual Tronsoction Alert a= Very kientry @nbox x) ) Snoozed ~ > Sent Dear Member, 1 Drafts A suspicious transaction was detected on your bank account. To protect your credit card, access has been temporarily restricted. ] Purchases Please verify identity by following this security link: * More Cr https: //secure-bank-check.com/verify abels + If you do not reset password within 12 hours, your account will remain blo Thank you, Bank Fraud Detection Unit",1,1.0
2025-11-29T17:30:25.497905,click,1364,1047,Unsual Transaction Alert – Verify Identity - affafa947@gmail.com - Gmail - Google Chrome,,,,"BtsiaUnsualjiransactionyAlertes Ver ime im ee Cn ME Mail oogle;com/mail/u/Ojztab—tmavogbltinbox/EMicgz@dzcpNtRbPxcllbMsgrmZtipSWe = fi Gmail Q Search mail $ A Phishing Alert — oO x > Compose ilhisyemailllookstsuspicious!) —————-} Be careful before clicking any links, Consider contacting IT or the sender. —$—-- i i Inb ) Inbox /erify Identity (nb boety f tome ~ eo Insual Tronsoction Alert a= Very kientry @nbox x) ) Snoozed ~ > Sent Dear Member, 1 Drafts A suspicious transaction was detected on your bank account. To protect your credit card, access has been temporarily restricted. ] Purchases Please verify identity by following this security link: * More Cr https: //secure-bank-check.com/verify abels + If you do not reset password within 12 hours, your account will remain blo Thank you, Bank Fraud Detection Unit",1,1.0
2025-11-29T17:30:26.766651,click,1403,1048,Untitled document - Google Docs - Google Chrome,,,,"BtsiaUnsualjiransactionyAlertes Ver ime im ee Cn ME Mail oogle;com/mail/u/Ojztab—tmavogbltinbox/EMicgz@dzcpNtRbPxcllbMsgrmZtipSWe = fi Gmail Q Search mail $ A Phishing Alert — oO x > Compose ilhisyemailllookstsuspicious!) —————-} Be careful before clicking any links, Consider contacting IT or the sender. —$—-- i i Inb ) Inbox /erify Identity (nb boety f tome ~ eo Insual Tronsoction Alert a= Very kientry @nbox x) ) Snoozed ~ > Sent Dear Member, 1 Drafts A suspicious transaction was detected on your bank account. To protect your credit card, access has been temporarily restricted. ] Purchases Please verify identity by following this security link: * More Cr https: //secure-bank-check.com/verify abels + If you do not reset password within 12 hours, your account will remain blo Thank you, Bank Fraud Detection Unit",1,1.0
2025-11-29T17:30:27.196926,snapshot,1364,1047,Untitled document - Google Docs - Google Chrome,,,,and visual outputs included in the report. OCR 6 taal nsuskpransoctionyAlertet Ver sme sri oc Cn ME baad) — Se a8 ® O90 gf oO [=] oO oO =- =) Oo,0,0.009722222222222222
2025-11-29T17:30:27.720468,click,1284,1051,Unsual Transaction Alert – Verify Identity - affafa947@gmail.com - Gmail - Google Chrome,,,,and visual outputs included in the report. OCR 6 taal nsuskpransoctionyAlertet Ver sme sri oc Cn ME baad) — Se a8 ® O90 gf oO [=] oO oO =- =) Oo,0,0.009722222222222222
2025-11-29T17:30:29.453479,snapshot,1284,1051,Unsual Transaction Alert – Verify Identity - affafa947@gmail.com - Gmail - Google Chrome,,,,"t will remain blocked. Baiscreen monitor pyayAlIP cas ee ne, ae a wut ae an i mo (—~ = — 4 GN} EN , SBHOCEMN@GGOCWTEOSGH +880 = Sn — OR = = SS — =",0,0.021917808219178082
2025-11-29T17:30:30.099884,click,819,927,screen_monitor.py - AI_Proj - Visual Studio Code,,,,"t will remain blocked. Baiscreen monitor pyayAlIP cas ee ne, ae a wut ae an i mo (—~ = — 4 GN} EN , SBHOCEMN@GGOCWTEOSGH +880 = Sn — OR = = SS — =",0,0.021917808219178082
2025-11-29T17:30:30.599334,click,819,927,screen_monitor.py - AI_Proj - Visual Studio Code,,,,"t will remain blocked. Baiscreen monitor pyayAlIP cas ee ne, ae a wut ae an i mo (—~ = — 4 GN} EN , SBHOCEMN@GGOCWTEOSGH +880 = Sn — OR = = SS — =",0,0.021917808219178082
2025-11-29T17:30:31.354707,snapshot,819,927,screen_monitor.py - AI_Proj - Visual Studio Code,,,,,0,0.0
